,Contact_ID,Source_Folder,Explicit_Competitor_Mention,Implied_Competitor_Mention,Explicit_Switching_Intent,Implied_Switching_Intent,Competitor_Names_Listed,Mentioned_Alcumus_Competitors
0,537988364615,02_09_2024,No,No,No,No,COMP_NO,No
1,537988367170,02_09_2024,No,No,No,No,COMP_NO,No
2,537988370256,02_09_2024,No,No,No,No,COMP_NO,No
3,537988474219,02_09_2024,No,No,No,No,COMP_NO,No
4,538174552516,02_09_2024,No,No,No,No,COMP_NO,No
5,538174554056,02_09_2024,No,No,No,No,COMP_NO,No
6,538175431832,03_09_2024,No,No,No,No,COMP_NO,No
7,565596671499,31_10_2024,No,Yes,No,No,COMP_NO,No
8,565596671955,31_10_2024,No,No,No,No,COMP_NO,No
9,565596719680,31_10_2024,No,No,No,No,COMP_NO,No
10,565596783075,31_10_2024,No,No,No,No,COMP_NO,No
11,565596791154,31_10_2024,No,Yes,No,Yes,COMP_NO,Yes
12,565596820110,31_10_2024,No,No,No,No,COMP_NO,No
13,565596822138,31_10_2024,No,No,No,No,COMP_NO,No
14,565596907828,31_10_2024,No,No,No,No,COMP_NO,No
15,565596927090,31_10_2024,Yes,Yes,No,No,COMP_SA,Yes
16,565596960635,31_10_2024,No,No,No,No,COMP_NO,No
17,565596963120,31_10_2024,No,No,No,No,COMP_NO,No
18,565596970278,31_10_2024,No,No,No,No,COMP_NO,No
19,565596972690,31_10_2024,No,No,No,No,COMP_NO,No
20,565597045204,31_10_2024,No,No,No,No,COMP_NO,No
21,565597045410,31_10_2024,No,No,No,No,COMP_NO,No
22,537988293015,02_09_2024,No,No,No,No,COMP_NO,No
23,537988316847,02_09_2024,No,No,No,No,COMP_NO,No
24,537988377913,02_09_2024,No,No,No,No,COMP_NO,No
25,537988381802,02_09_2024,No,Yes,No,No,COMP_AC,Yes
26,537988396595,02_09_2024,No,No,No,No,COMP_NO,No
27,537988410213,02_09_2024,No,No,No,No,COMP_NO,No
28,537988460450,02_09_2024,No,Yes,No,No,COMP_NO,No
29,537988461906,02_09_2024,No,No,No,No,COMP_NO,No
30,537988465161,02_09_2024,No,No,No,No,COMP_NO,No
31,537988470276,02_09_2024,No,No,No,No,COMP_NO,No
32,537988471312,02_09_2024,No,No,No,No,COMP_NO,No
33,537988473146,02_09_2024,No,No,No,No,COMP_NO,No
34,537988475534,02_09_2024,No,No,No,No,COMP_NO,No
35,537988481016,02_09_2024,No,No,No,No,COMP_NO,No
36,538174546808,02_09_2024,No,Yes,No,Yes,COMP_NO,No
37,538174549647,02_09_2024,No,No,No,No,COMP_NO,No
38,538174555162,02_09_2024,No,No,No,No,COMP_NO,No
39,538174556119,02_09_2024,No,Yes,No,Yes,COMP_SM,Yes
40,538174581204,02_09_2024,No,Yes,No,Yes,COMP_NO,No
41,538174610196,02_09_2024,No,No,No,No,COMP_NO,No
42,538174611436,02_09_2024,No,No,No,No,COMP_NO,No
43,538174625956,02_09_2024,No,No,No,No,COMP_NO,No
44,538174646562,02_09_2024,No,No,No,No,COMP_NO,No
45,538174660865,02_09_2024,No,Yes,No,No,COMP_NO,No
46,538174660901,02_09_2024,No,Yes,No,No,COMP_NO,No
47,538174691798,02_09_2024,No,No,No,No,COMP_NO,No
48,538174695454,02_09_2024,No,No,No,No,COMP_NO,No
49,538174706843,02_09_2024,No,No,No,No,COMP_NO,No
50,538174718790,02_09_2024,No,No,No,No,COMP_NO,No
51,538174749620,02_09_2024,No,No,No,No,COMP_NO,No
52,538174794574,02_09_2024,No,Yes,No,Yes,COMP_NO,No
53,538174795707,02_09_2024,No,No,No,No,COMP_NO,No
54,538174798607,02_09_2024,No,No,No,No,COMP_NO,No
55,538174801707,02_09_2024,No,No,No,No,COMP_NO,No
56,538174809355,02_09_2024,No,No,No,No,COMP_NO,No
57,538174810335,02_09_2024,No,No,No,No,COMP_NO,No
58,538174848979,02_09_2024,No,Yes,No,Yes,COMP_CH,Yes
59,538174853243,02_09_2024,No,No,No,No,COMP_NO,No
60,538174864792,02_09_2024,No,No,No,No,COMP_NO,No
61,538174883066,02_09_2024,No,No,No,No,COMP_NO,No
62,538174885287,02_09_2024,No,No,No,No,COMP_NO,No
63,538174910573,02_09_2024,No,No,No,No,COMP_NO,No
64,538174931615,02_09_2024,No,No,No,No,COMP_NO,No
65,538174952711,02_09_2024,No,No,No,No,COMP_NO,No
66,538174986678,02_09_2024,No,No,No,No,COMP_NO,No
67,538175200446,03_09_2024,No,No,No,No,COMP_NO,No
68,538175217312,03_09_2024,No,No,No,No,COMP_NO,No
69,538175218566,03_09_2024,No,No,No,No,COMP_NO,No
70,538175237356,03_09_2024,No,No,No,No,COMP_NO,No
71,538175237754,03_09_2024,No,No,No,No,COMP_NO,No
72,538175247067,03_09_2024,No,No,No,No,COMP_NO,No
73,538175250055,03_09_2024,No,No,No,No,COMP_NO,No
74,538175284345,03_09_2024,No,No,No,No,COMP_NO,No
75,538175290346,03_09_2024,No,No,No,No,COMP_NO,No
76,538175291105,03_09_2024,No,No,No,No,COMP_NO,No
77,538175291238,03_09_2024,No,No,No,No,COMP_NO,No
78,538175292246,03_09_2024,No,No,No,No,COMP_NO,No
79,538175298248,03_09_2024,No,No,No,No,COMP_NO,No
80,538175300373,03_09_2024,No,No,No,No,COMP_NO,No
81,538175301661,03_09_2024,No,No,No,No,COMP_NO,No
82,538175327421,03_09_2024,No,Yes,No,No,COMP_NO,No
83,538175348257,03_09_2024,No,Yes,No,Yes,COMP_CH,Yes
84,538175369262,03_09_2024,No,No,No,No,COMP_NO,No
85,538175379111,03_09_2024,No,No,No,No,COMP_NO,No
86,538175392382,03_09_2024,No,No,No,No,COMP_NO,No
87,538175395190,03_09_2024,No,No,No,No,COMP_NO,No
88,538175405820,03_09_2024,No,No,No,No,COMP_NO,No
89,538175436482,03_09_2024,No,No,No,No,COMP_NO,No
90,538175438937,03_09_2024,Yes,No,No,No,COMP_SA,Yes
91,538175440996,03_09_2024,No,No,No,No,COMP_NO,No
92,538175441613,03_09_2024,No,Yes,No,Yes,COMP_CO,Yes
93,538175462101,03_09_2024,No,No,No,No,COMP_NO,No
94,538175464552,03_09_2024,No,No,No,No,COMP_NO,No
95,538175494992,03_09_2024,No,No,No,No,COMP_NO,No
96,538175514282,03_09_2024,No,Yes,No,Yes,COMP_NO,No
97,538175541562,03_09_2024,No,No,No,No,COMP_NO,No
98,538175563000,03_09_2024,No,No,No,No,COMP_NO,No
99,538175563015,03_09_2024,No,No,No,No,COMP_NO,No
100,538175566329,03_09_2024,No,No,No,No,COMP_NO,No
101,538175568061,03_09_2024,No,No,No,No,COMP_NO,No
102,538175569269,03_09_2024,No,Yes,No,No,COMP_NO,No
103,538175571494,03_09_2024,No,No,No,No,COMP_NO,No
104,538175572043,03_09_2024,No,No,No,No,COMP_NO,No
105,538175579378,03_09_2024,No,No,No,No,COMP_NO,No
106,538175581992,03_09_2024,No,No,No,No,COMP_NO,No
107,538175583314,03_09_2024,No,No,No,No,COMP_NO,No
108,538175588034,03_09_2024,No,No,No,No,COMP_NO,No
109,538175595423,03_09_2024,No,No,No,No,COMP_NO,No
110,538175603455,03_09_2024,No,No,No,No,COMP_NO,No
111,538175618811,03_09_2024,No,No,No,No,COMP_NO,No
112,538175619732,03_09_2024,No,No,No,No,COMP_NO,Yes
113,538175636284,03_09_2024,No,No,No,No,COMP_NO,No
114,538175639568,03_09_2024,No,No,No,No,COMP_NO,No
115,538175682374,03_09_2024,No,No,No,No,COMP_NO,No
116,538175684222,03_09_2024,No,No,No,No,COMP_NO,No
117,538175702515,03_09_2024,No,No,No,No,COMP_NO,No
118,538175703135,03_09_2024,No,No,No,No,COMP_NO,No
119,538175709430,03_09_2024,No,No,No,No,COMP_NO,No
120,538175710945,03_09_2024,No,No,No,No,COMP_NO,No
121,538175722396,03_09_2024,No,No,No,No,COMP_NO,No
122,538175723473,03_09_2024,No,No,No,No,COMP_NO,No
123,538175734919,03_09_2024,No,No,No,No,COMP_NO,No
124,538175761033,03_09_2024,No,No,No,No,COMP_NO,No
125,538175775488,03_09_2024,No,No,No,No,COMP_NO,No
126,538175779313,03_09_2024,No,No,No,No,COMP_NO,No
127,538175794261,03_09_2024,No,No,No,No,COMP_NO,No
128,538175801914,03_09_2024,No,No,No,No,COMP_NO,No
129,538175808300,03_09_2024,No,Yes,No,Yes,COMP_NO,No
130,538175823802,03_09_2024,No,No,No,No,COMP_NO,No
131,538175833738,03_09_2024,No,No,No,No,COMP_NO,No
132,538175834913,03_09_2024,No,No,No,No,COMP_NO,No
133,565596472741,31_10_2024,No,No,No,No,COMP_NO,No
134,565596491308,31_10_2024,No,No,No,No,COMP_NO,No
135,565596493473,31_10_2024,No,No,No,No,COMP_NO,No
136,565596503250,31_10_2024,No,No,No,No,COMP_NO,No
137,565596504220,31_10_2024,No,No,No,No,COMP_NO,No
138,565596509719,31_10_2024,No,No,No,No,COMP_NO,No
139,565596514156,31_10_2024,No,No,No,No,COMP_NO,No
140,565596520224,31_10_2024,No,Yes,No,Yes,COMP_NO,No
141,565596520429,31_10_2024,Yes,Yes,No,Yes,COMP_NO,Yes
142,565596529813,31_10_2024,No,No,No,Yes,COMP_NO,No
143,565596529931,31_10_2024,No,No,No,No,COMP_NO,No
144,565596530985,31_10_2024,No,No,No,No,COMP_NO,No
145,565596531350,31_10_2024,No,No,No,No,COMP_NO,No
146,565596531615,31_10_2024,No,No,No,No,COMP_NO,No
147,565596535690,31_10_2024,No,No,No,No,COMP_NO,No
148,565596536133,31_10_2024,No,No,No,No,COMP_NO,No
149,565596537168,31_10_2024,No,No,No,No,COMP_NO,No
150,565596553311,31_10_2024,No,No,No,No,COMP_NO,No
151,565596558809,31_10_2024,No,No,No,No,COMP_NO,No
152,565596564014,31_10_2024,No,Yes,No,Yes,COMP_NO,No
153,565596569287,31_10_2024,No,No,No,No,COMP_NO,No
154,565596577859,31_10_2024,No,No,No,No,COMP_NO,No
155,565596579649,31_10_2024,No,No,No,No,COMP_NO,No
156,565596583020,31_10_2024,No,Yes,No,Yes,COMP_CH,Yes
157,565596586850,31_10_2024,No,No,No,No,COMP_NO,No
158,565596589276,31_10_2024,No,No,No,No,COMP_NO,No
159,565596592912,31_10_2024,No,No,No,No,COMP_NO,No
160,565596599207,31_10_2024,No,No,No,No,COMP_NO,No
161,565596601317,31_10_2024,No,No,No,No,COMP_NO,No
162,565596601706,31_10_2024,No,No,No,No,COMP_NO,No
163,565596613016,31_10_2024,No,No,No,No,COMP_NO,No
164,565596615037,31_10_2024,No,No,No,No,COMP_NO,No
165,565596616696,31_10_2024,No,No,No,No,COMP_NO,No
166,565596617601,31_10_2024,No,No,No,No,COMP_NO,No
167,565596623939,31_10_2024,No,No,No,No,COMP_NO,No
168,565596632204,31_10_2024,No,No,No,No,COMP_NO,No
169,565596640006,31_10_2024,No,No,No,No,COMP_NO,No
170,565596640618,31_10_2024,No,No,No,No,COMP_NO,No
171,565596642358,31_10_2024,No,No,No,No,COMP_NO,No
172,565596642541,31_10_2024,No,No,No,No,COMP_NO,No
173,565596655570,31_10_2024,No,No,No,No,COMP_NO,No
174,565596655674,31_10_2024,No,No,No,No,COMP_NO,No
175,565596655874,31_10_2024,No,No,No,No,COMP_NO,No
176,565596666263,31_10_2024,No,No,No,No,COMP_NO,No
177,565596666636,31_10_2024,No,Yes,No,Yes,COMP_NO,No
178,565596669186,31_10_2024,No,No,No,No,COMP_NO,No
179,565596670766,31_10_2024,No,No,No,No,COMP_NO,No
180,565596678097,31_10_2024,No,No,No,No,COMP_NO,No
181,565596689313,31_10_2024,No,No,No,No,COMP_NO,No
182,565596692949,31_10_2024,No,No,No,No,COMP_NO,No
183,565596695849,31_10_2024,No,No,No,No,COMP_NO,No
184,565596707205,31_10_2024,No,No,No,No,COMP_NO,No
185,565596719324,31_10_2024,No,No,No,No,COMP_NO,No
186,565596723351,31_10_2024,No,No,No,No,COMP_NO,No
187,565596727728,31_10_2024,No,No,No,No,COMP_NO,No
188,565596733436,31_10_2024,No,No,No,No,COMP_NO,No
189,565596748700,31_10_2024,Yes,Yes,No,Yes,COMP_AC,Yes
190,565596748911,31_10_2024,No,No,No,No,COMP_NO,No
191,565596749311,31_10_2024,No,No,No,No,COMP_NO,No
192,565596753790,31_10_2024,No,Yes,No,No,COMP_CH,Yes
193,565596756345,31_10_2024,No,No,No,No,COMP_NO,No
194,565596775487,31_10_2024,No,No,No,No,COMP_NO,No
195,565596783144,31_10_2024,No,Yes,No,Yes,COMP_NO,No
196,565596817082,31_10_2024,No,Yes,No,No,COMP_CO,Yes
197,565596818859,31_10_2024,No,No,No,No,COMP_NO,No
198,565596822970,31_10_2024,Yes,Yes,No,Yes,COMP_CH,Yes
199,565596825978,31_10_2024,No,Yes,No,Yes,COMP_NO,No
200,565596830614,31_10_2024,No,No,No,No,COMP_NO,No
201,565596840729,31_10_2024,No,No,No,No,COMP_NO,No
202,565596843252,31_10_2024,No,No,No,No,COMP_NO,No
203,565596858255,31_10_2024,No,No,No,No,COMP_NO,No
204,565596862111,31_10_2024,No,No,No,No,COMP_NO,No
205,565596863452,31_10_2024,No,No,No,No,COMP_NO,No
206,565596864955,31_10_2024,No,No,No,No,COMP_NO,No
207,565596895214,31_10_2024,No,No,No,No,COMP_NO,No
208,565596909296,31_10_2024,No,No,No,No,COMP_NO,No
209,565596910005,31_10_2024,No,No,No,No,COMP_NO,No
210,565596917004,31_10_2024,No,Yes,No,Yes,COMP_NO,No
211,565596919398,31_10_2024,No,No,No,No,COMP_NO,No
212,565596921194,31_10_2024,No,No,No,No,COMP_NO,No
213,565596927350,31_10_2024,No,No,No,No,COMP_NO,No
214,565596930920,31_10_2024,No,No,No,No,COMP_NO,No
215,565596935756,31_10_2024,No,No,No,No,COMP_NO,No
216,565596953177,31_10_2024,No,No,No,No,COMP_NO,No
217,565596953254,31_10_2024,No,No,No,No,COMP_NO,No
218,565596958699,31_10_2024,No,No,No,No,COMP_NO,No
219,565596964457,31_10_2024,No,No,No,No,COMP_NO,No
220,565596965219,31_10_2024,No,No,No,No,COMP_NO,No
221,565596975306,31_10_2024,No,No,No,No,COMP_NO,No
222,565596975722,31_10_2024,No,Yes,No,Yes,COMP_CO,Yes
223,565596989071,31_10_2024,No,Yes,No,Yes,COMP_NO,No
224,565596991616,31_10_2024,No,No,No,No,COMP_NO,No
225,565596991710,31_10_2024,No,No,No,No,COMP_NO,No
226,565596999369,31_10_2024,No,No,No,No,COMP_NO,No
227,565597002630,31_10_2024,No,No,No,No,COMP_NO,No
228,565597005521,31_10_2024,No,No,No,No,COMP_NO,No
229,565597008973,31_10_2024,No,No,No,No,COMP_NO,No
230,565597009011,31_10_2024,No,No,No,No,COMP_NO,No
231,565597028222,31_10_2024,No,No,No,No,COMP_NO,No
232,565597048089,31_10_2024,No,No,No,No,COMP_NO,No
233,565597051696,31_10_2024,No,No,No,No,COMP_NO,No
234,565597056636,31_10_2024,Yes,No,No,No,COMP_NO,Yes
235,565597059075,31_10_2024,No,No,No,No,COMP_NO,No
236,565597071512,31_10_2024,No,No,No,No,COMP_NO,No
237,565597072871,31_10_2024,No,No,No,No,COMP_NO,No
238,565597082165,31_10_2024,No,No,No,Yes,COMP_NO,No
239,565597084244,31_10_2024,No,No,No,No,COMP_NO,No
240,565597085162,31_10_2024,No,No,No,No,COMP_NO,No
241,565597087365,31_10_2024,No,No,No,No,COMP_NO,No
242,565597096091,31_10_2024,No,No,No,No,COMP_NO,No
243,565597130541,31_10_2024,No,No,No,No,COMP_NO,No
244,565597140058,31_10_2024,No,No,No,No,COMP_NO,No
245,537988291357,02_09_2024,No,No,No,No,COMP_NO,No
246,537988297991,02_09_2024,No,No,No,No,COMP_NO,No
247,537988302777,02_09_2024,No,No,No,No,COMP_NO,No
248,537988347561,02_09_2024,No,No,No,No,COMP_NO,No
249,537988403403,02_09_2024,Yes,No,No,No,COMP_NO,Yes
250,537988407354,02_09_2024,No,No,No,No,COMP_NO,No
251,537988408345,02_09_2024,No,No,No,No,COMP_NO,No
252,537988416424,02_09_2024,No,No,No,No,COMP_NO,No
253,537988420170,02_09_2024,No,No,No,No,COMP_NO,No
254,537988426672,02_09_2024,No,No,No,No,COMP_NO,Yes
255,537988431482,02_09_2024,No,No,No,No,COMP_NO,No
256,537988436810,02_09_2024,No,No,No,No,COMP_NO,No
257,537988442139,02_09_2024,No,No,No,No,COMP_NO,No
258,537988446492,02_09_2024,No,No,No,No,COMP_NO,No
259,537988447784,02_09_2024,No,Yes,No,No,COMP_NO,No
260,537988447960,02_09_2024,No,Yes,No,Yes,COMP_CO,Yes
261,537988483119,02_09_2024,No,No,No,No,COMP_NO,No
262,537988487783,02_09_2024,No,No,No,No,COMP_NO,No
263,537988487976,02_09_2024,No,No,No,No,COMP_NO,No
264,537988490105,02_09_2024,No,No,No,No,COMP_NO,No
265,537988495033,02_09_2024,No,No,No,No,COMP_NO,No
266,537988507906,02_09_2024,No,No,No,Yes,COMP_NO,No
267,537988510584,02_09_2024,No,No,No,No,COMP_NO,No
268,537988515470,02_09_2024,No,No,No,No,COMP_NO,No
269,537988517567,02_09_2024,No,No,No,No,COMP_NO,No
270,537988541320,02_09_2024,No,No,No,No,COMP_NO,No
271,538174562758,02_09_2024,No,No,No,No,COMP_NO,No
272,538174567780,02_09_2024,No,No,No,No,COMP_NO,No
273,538174568458,02_09_2024,No,No,No,No,COMP_NO,No
274,538174583174,02_09_2024,No,Yes,No,Yes,COMP_NO,No
275,538174583980,02_09_2024,No,No,No,No,COMP_NO,No
276,538174584515,02_09_2024,No,No,No,No,COMP_NO,No
277,538174592153,02_09_2024,No,No,No,No,COMP_NO,No
278,538174611512,02_09_2024,No,No,No,No,COMP_NO,No
279,538174612115,02_09_2024,No,No,No,No,COMP_NO,No
280,538174613504,02_09_2024,No,No,No,No,COMP_NO,No
281,538174624278,02_09_2024,Yes,Yes,No,Yes,COMP_CH,Yes
282,538174626006,02_09_2024,No,No,No,No,COMP_NO,No
283,538174641199,02_09_2024,No,No,No,No,COMP_NO,No
284,538174642625,02_09_2024,No,No,No,No,COMP_NO,No
285,538174651738,02_09_2024,No,Yes,No,No,COMP_CH,Yes
286,538174651928,02_09_2024,No,No,No,No,COMP_NO,No
287,538174659977,02_09_2024,No,Yes,No,Yes,COMP_NO,No
288,538174661144,02_09_2024,No,No,No,No,COMP_NO,No
289,538174663106,02_09_2024,No,No,No,No,COMP_NO,No
290,538174671653,02_09_2024,No,Yes,No,Yes,COMP_NO,No
291,538174672366,02_09_2024,No,No,No,No,COMP_NO,No
292,538174673615,02_09_2024,No,No,No,No,COMP_NO,No
293,538174698577,02_09_2024,No,No,No,No,COMP_NO,No
294,538174701167,02_09_2024,No,No,No,No,COMP_NO,No
295,538174704889,02_09_2024,No,No,No,No,COMP_NO,No
296,538174710881,02_09_2024,No,No,No,No,COMP_NO,No
297,538174722226,02_09_2024,No,No,No,Yes,COMP_NO,No
298,538174726015,02_09_2024,No,No,No,No,COMP_NO,No
299,538174732579,02_09_2024,No,Yes,No,Yes,COMP_NO,No
300,538174737520,02_09_2024,No,No,No,No,COMP_NO,Yes
301,538174749640,02_09_2024,No,No,No,No,COMP_NO,No
302,538174750279,02_09_2024,No,No,No,No,COMP_NO,No
303,538174750952,02_09_2024,No,No,No,No,COMP_NO,No
304,538174752450,02_09_2024,No,No,No,No,COMP_NO,No
305,538174759018,02_09_2024,No,No,No,No,COMP_NO,No
306,538174760807,02_09_2024,No,No,No,No,COMP_NO,No
307,538174765009,02_09_2024,No,No,No,No,COMP_NO,No
308,538174774693,02_09_2024,Yes,Yes,No,Yes,COMP_NO,Yes
309,538174804168,02_09_2024,No,No,No,No,COMP_NO,No
310,538174806163,02_09_2024,No,No,No,No,COMP_NO,No
311,538174806360,02_09_2024,No,No,No,No,COMP_NO,No
312,538174807491,02_09_2024,No,No,No,No,COMP_NO,No
313,538174810837,02_09_2024,No,No,No,No,COMP_NO,No
314,538174813660,02_09_2024,No,No,No,No,COMP_NO,No
315,538174814065,02_09_2024,No,No,No,No,COMP_NO,No
316,538174827397,02_09_2024,No,Yes,No,Yes,COMP_NO,No
317,538174828737,02_09_2024,No,No,No,No,COMP_NO,No
318,538174857254,02_09_2024,No,Yes,No,No,COMP_NO,No
319,538174860171,02_09_2024,No,No,No,No,COMP_NO,No
320,538174861001,02_09_2024,No,No,No,No,COMP_NO,No
321,538174863785,02_09_2024,No,No,No,No,COMP_NO,No
322,538174863803,02_09_2024,No,No,No,No,COMP_NO,No
323,538174871812,02_09_2024,No,No,No,No,COMP_NO,No
324,538174877116,02_09_2024,No,No,No,No,COMP_NO,No
325,538174886688,02_09_2024,No,No,No,No,COMP_NO,No
326,538174889927,02_09_2024,No,No,No,No,COMP_NO,No
327,538174890206,02_09_2024,No,No,No,No,COMP_NO,No
328,538174911410,02_09_2024,No,No,No,No,COMP_NO,No
329,538174921651,02_09_2024,No,No,No,No,COMP_NO,No
330,538174944166,02_09_2024,No,No,No,No,COMP_NO,No
331,538174949780,02_09_2024,No,No,No,No,COMP_NO,No
332,538174952873,02_09_2024,No,No,No,No,COMP_NO,No
333,538174954862,02_09_2024,No,No,No,No,COMP_NO,No
334,538174956484,02_09_2024,No,No,No,No,COMP_NO,No
335,538174959180,02_09_2024,No,No,No,No,COMP_NO,No
336,538174964047,02_09_2024,No,No,No,No,COMP_NO,No
337,538174971827,02_09_2024,No,No,No,Yes,COMP_NO,No
338,538174972825,02_09_2024,No,No,No,No,COMP_NO,No
339,538174992631,02_09_2024,Yes,Yes,No,Yes,COMP_CH,Yes
340,538174993504,02_09_2024,No,No,No,No,COMP_NO,No
341,538174997227,02_09_2024,No,No,No,No,COMP_NO,No
342,538174999386,02_09_2024,No,No,No,No,COMP_NO,No
343,538175005844,02_09_2024,No,No,No,No,COMP_NO,No
344,538175020498,02_09_2024,No,Yes,No,Yes,COMP_NO,No
345,538175043215,02_09_2024,No,Yes,No,No,COMP_NO,No
346,538175173834,03_09_2024,No,No,No,No,COMP_NO,No
347,538175204265,03_09_2024,No,No,No,Yes,COMP_NO,No
348,538175204439,03_09_2024,No,No,No,No,COMP_NO,No
349,538175207218,03_09_2024,No,No,No,No,COMP_NO,No
350,538175224123,03_09_2024,No,No,No,No,COMP_NO,No
351,538175225923,03_09_2024,No,No,No,No,COMP_NO,No
352,538175226847,03_09_2024,No,No,No,No,COMP_NO,No
353,538175238094,03_09_2024,No,No,No,No,COMP_NO,No
354,538175250422,03_09_2024,No,No,No,No,COMP_NO,No
355,538175259998,03_09_2024,No,No,No,No,COMP_NO,No
356,538175260044,03_09_2024,No,No,No,No,COMP_NO,No
357,538175265272,03_09_2024,No,No,No,No,COMP_NO,No
358,538175269953,03_09_2024,No,No,No,No,COMP_NO,No
359,538175271588,03_09_2024,No,No,No,No,COMP_NO,No
360,538175273198,03_09_2024,No,No,No,No,COMP_NO,No
361,538175305697,03_09_2024,No,Yes,No,Yes,COMP_NO,No
362,538175306900,03_09_2024,Yes,Yes,No,Yes,COMP_CH,Yes
363,538175308179,03_09_2024,No,No,No,No,COMP_NO,No
364,538175309954,03_09_2024,No,No,No,No,COMP_NO,No
365,538175310454,03_09_2024,No,No,No,No,COMP_NO,No
366,538175332425,03_09_2024,No,No,No,No,COMP_NO,No
367,538175333482,03_09_2024,No,No,No,No,COMP_NO,No
368,538175333816,03_09_2024,No,No,No,No,COMP_NO,No
369,538175340824,03_09_2024,No,Yes,No,No,COMP_CH,Yes
370,538175376263,03_09_2024,No,No,No,No,COMP_NO,No
371,538175379149,03_09_2024,No,No,No,No,COMP_NO,No
372,538175379411,03_09_2024,No,No,No,No,COMP_NO,No
373,538175379527,03_09_2024,No,No,No,No,COMP_NO,No
374,538175380054,03_09_2024,No,No,No,No,COMP_NO,No
375,538175396867,03_09_2024,No,No,No,No,COMP_NO,No
376,538175399465,03_09_2024,No,No,No,No,COMP_NO,No
377,538175401097,03_09_2024,No,No,No,No,COMP_NO,No
378,538175410978,03_09_2024,No,No,No,No,COMP_NO,No
379,538175413051,03_09_2024,No,No,No,No,COMP_NO,No
380,538175414572,03_09_2024,Yes,No,No,No,COMP_NO,Yes
381,538175417170,03_09_2024,No,No,No,No,COMP_NO,No
382,538175420257,03_09_2024,No,No,No,No,COMP_NO,No
383,538175420374,03_09_2024,No,No,No,No,COMP_NO,No
384,538175425725,03_09_2024,No,No,No,No,COMP_NO,No
385,538175425856,03_09_2024,No,No,No,No,COMP_NO,No
386,538175427966,03_09_2024,No,No,No,No,COMP_NO,No
387,538175443540,03_09_2024,No,No,No,No,COMP_NO,No
388,538175443633,03_09_2024,No,Yes,No,No,COMP_SA,Yes
389,538175446515,03_09_2024,No,No,No,No,COMP_NO,No
390,538175451545,03_09_2024,No,No,No,No,COMP_NO,No
391,538175465229,03_09_2024,No,No,No,No,COMP_NO,No
392,538175467841,03_09_2024,No,No,No,No,COMP_NO,No
393,538175471375,03_09_2024,No,No,No,No,COMP_NO,No
394,538175471904,03_09_2024,No,No,No,No,COMP_NO,No
395,538175479676,03_09_2024,No,No,No,No,COMP_NO,No
396,538175483647,03_09_2024,Yes,No,No,No,COMP_NO,Yes
397,538175499651,03_09_2024,No,Yes,No,Yes,COMP_CH,Yes
398,538175499703,03_09_2024,No,No,No,No,COMP_NO,No
399,538175522063,03_09_2024,No,No,No,No,COMP_NO,No
400,538175523380,03_09_2024,No,Yes,No,Yes,COMP_CO,Yes
401,538175524597,03_09_2024,No,No,No,No,COMP_NO,No
402,538175544697,03_09_2024,No,No,No,No,COMP_NO,No
403,538175588869,03_09_2024,No,No,No,No,COMP_NO,No
404,538175590092,03_09_2024,No,No,No,No,COMP_NO,No
405,538175600330,03_09_2024,No,No,No,No,COMP_NO,No
406,538175602150,03_09_2024,No,No,No,No,COMP_NO,No
407,538175607965,03_09_2024,No,Yes,No,No,COMP_NO,No
408,538175611976,03_09_2024,No,No,No,No,COMP_NO,No
409,538175614116,03_09_2024,No,No,No,Yes,COMP_NO,No
410,538175620468,03_09_2024,No,No,No,No,COMP_NO,No
411,538175635594,03_09_2024,No,No,No,No,COMP_NO,No
412,538175641330,03_09_2024,No,No,No,No,COMP_NO,No
413,538175647971,03_09_2024,No,No,No,No,COMP_NO,No
414,538175650077,03_09_2024,No,No,No,No,COMP_NO,No
415,538175685938,03_09_2024,No,No,No,No,COMP_NO,No
416,538175686465,03_09_2024,No,No,No,No,COMP_NO,No
417,538175713108,03_09_2024,No,No,No,No,COMP_NO,No
418,538175713903,03_09_2024,No,Yes,No,No,COMP_CH,Yes
419,538175731368,03_09_2024,No,Yes,No,No,COMP_CO,Yes
420,538175733366,03_09_2024,No,No,No,No,COMP_NO,No
421,538175739372,03_09_2024,No,No,No,No,COMP_NO,No
422,538175740846,03_09_2024,No,No,No,No,COMP_NO,No
423,538175747123,03_09_2024,No,No,No,No,COMP_NO,No
424,538175747275,03_09_2024,No,No,No,No,COMP_NO,No
425,538175780929,03_09_2024,No,Yes,No,No,COMP_NO,No
426,538175781530,03_09_2024,No,No,No,No,COMP_NO,No
427,538175806973,03_09_2024,No,Yes,No,No,COMP_CH,Yes
428,565596679544,31_10_2024,No,No,No,No,COMP_NO,No
429,565596680956,31_10_2024,No,No,No,No,COMP_NO,No
430,565596683528,31_10_2024,No,No,No,No,COMP_NO,No
431,565596686739,31_10_2024,No,No,No,No,COMP_NO,No
432,565596687113,31_10_2024,No,No,No,No,COMP_NO,No
433,565596695938,31_10_2024,No,No,No,No,COMP_NO,No
434,565596696166,31_10_2024,No,No,No,No,COMP_NO,No
435,565596707418,31_10_2024,No,No,No,No,COMP_NO,No
436,565596709216,31_10_2024,No,No,No,No,COMP_NO,No
437,565596734556,31_10_2024,No,No,No,Yes,COMP_NO,No
438,565596760304,31_10_2024,No,Yes,No,Yes,COMP_NO,No
439,565596764066,31_10_2024,No,Yes,No,No,COMP_CH,Yes
440,565596765031,31_10_2024,No,Yes,No,Yes,COMP_NO,No
441,565596803683,31_10_2024,No,No,No,No,COMP_NO,No
442,565596846113,31_10_2024,No,No,No,No,COMP_NO,No
443,565596850830,31_10_2024,No,No,No,No,COMP_NO,No
444,565596851038,31_10_2024,No,No,No,No,COMP_NO,No
445,565596856235,31_10_2024,No,Yes,No,Yes,COMP_NO,No
446,565596877859,31_10_2024,No,No,No,No,COMP_NO,No
447,565596880198,31_10_2024,No,No,No,No,COMP_NO,No
448,565596886137,31_10_2024,No,No,No,No,COMP_NO,No
449,565596888701,31_10_2024,No,No,No,No,COMP_NO,No
450,565596937442,31_10_2024,No,No,No,No,COMP_NO,No
451,565596939002,31_10_2024,No,No,No,No,COMP_NO,No
452,565596940829,31_10_2024,Yes,Yes,No,Yes,COMP_SA,Yes
453,565596944018,31_10_2024,No,No,No,Yes,COMP_NO,No
454,565596945048,31_10_2024,No,No,No,No,COMP_NO,No
455,565596979246,31_10_2024,No,No,No,No,COMP_NO,No
456,565596979602,31_10_2024,No,No,No,No,COMP_NO,No
457,565597029311,31_10_2024,No,No,No,No,COMP_NO,No
458,565597030195,31_10_2024,No,No,No,No,COMP_NO,No
459,565597031172,31_10_2024,No,No,No,No,COMP_NO,No
460,565597032374,31_10_2024,No,No,No,No,COMP_NO,No
461,565597038365,31_10_2024,No,No,No,No,COMP_NO,No
462,565597059822,31_10_2024,No,No,No,No,COMP_NO,No
463,565597101329,31_10_2024,No,No,No,No,COMP_NO,No
464,565597102775,31_10_2024,No,No,No,No,COMP_NO,No
465,537988355970,02_09_2024,No,No,No,No,COMP_NO,No
466,537988408617,02_09_2024,No,No,No,No,COMP_NO,No
467,537988409764,02_09_2024,No,No,No,No,COMP_NO,No
468,537988420251,02_09_2024,No,Yes,No,No,COMP_CH,Yes
469,537988421641,02_09_2024,No,Yes,No,Yes,COMP_NO,No
470,537988422156,02_09_2024,No,Yes,No,No,COMP_NO,No
471,537988454700,02_09_2024,No,No,No,No,COMP_NO,No
472,537988456306,02_09_2024,No,No,No,No,COMP_NO,No
473,537988496529,02_09_2024,No,No,No,No,COMP_NO,No
474,537988498542,02_09_2024,No,No,No,No,COMP_NO,No
475,537988519910,02_09_2024,No,No,No,No,COMP_NO,No
476,537988519947,02_09_2024,No,No,No,No,COMP_NO,No
477,537988522590,02_09_2024,No,No,No,No,COMP_NO,No
478,537988524546,02_09_2024,No,No,No,No,COMP_NO,No
479,537988524616,02_09_2024,No,No,No,No,COMP_NO,No
480,538174574450,02_09_2024,No,No,No,No,COMP_NO,No
481,538174577060,02_09_2024,No,Yes,No,Yes,COMP_CO,Yes
482,538174594484,02_09_2024,No,No,No,No,COMP_NO,No
483,538174598852,02_09_2024,No,No,No,No,COMP_NO,No
484,538174599732,02_09_2024,No,No,No,No,COMP_NO,No
485,538174667684,02_09_2024,No,No,No,No,COMP_NO,No
486,538174671092,02_09_2024,No,No,No,No,COMP_NO,No
487,538174677439,02_09_2024,Yes,Yes,No,Yes,COMP_CO,Yes
488,538174684642,02_09_2024,No,Yes,No,No,COMP_NO,Yes
489,538174685463,02_09_2024,No,No,No,No,COMP_NO,No
490,538174713826,02_09_2024,No,No,No,No,COMP_NO,No
491,538174715211,02_09_2024,No,No,No,No,COMP_NO,No
492,538174717002,02_09_2024,No,No,No,No,COMP_NO,No
493,538174717455,02_09_2024,No,No,No,No,COMP_NO,No
494,538174726219,02_09_2024,No,No,No,No,COMP_NO,No
495,538174730697,02_09_2024,No,No,No,No,COMP_NO,No
496,538174731936,02_09_2024,No,No,No,No,COMP_NO,No
497,538174741666,02_09_2024,No,Yes,No,No,COMP_NO,No
498,538174747436,02_09_2024,No,No,No,No,COMP_NO,No
499,538174770812,02_09_2024,No,Yes,No,Yes,COMP_NO,No
500,538174771222,02_09_2024,No,No,No,No,COMP_NO,No
501,538174772021,02_09_2024,No,No,No,No,COMP_NO,No
502,538174783945,02_09_2024,No,No,No,No,COMP_NO,No
503,538174845637,02_09_2024,No,No,No,No,COMP_NO,No
504,538174848664,02_09_2024,No,No,No,No,COMP_NO,No
505,538174893252,02_09_2024,No,Yes,No,No,COMP_CH,Yes
506,538174896750,02_09_2024,No,No,No,No,COMP_NO,No
507,538174902320,02_09_2024,No,No,No,No,COMP_NO,No
508,538174969024,02_09_2024,No,No,No,No,COMP_NO,No
509,538174974470,02_09_2024,No,No,No,No,COMP_NO,No
510,538174974474,02_09_2024,No,No,No,No,COMP_NO,No
511,538174980435,02_09_2024,No,No,No,No,COMP_NO,No
512,538174986172,02_09_2024,No,No,No,No,COMP_NO,No
513,538174986616,02_09_2024,No,No,No,No,COMP_NO,No
514,538175227379,03_09_2024,No,No,No,No,COMP_NO,No
515,538175231755,03_09_2024,No,No,No,No,COMP_NO,No
516,538175241761,03_09_2024,No,No,No,No,COMP_NO,No
517,538175241964,03_09_2024,No,No,No,No,COMP_NO,No
518,538175242731,03_09_2024,No,No,No,No,COMP_NO,No
519,538175242808,03_09_2024,No,No,No,No,COMP_NO,No
520,538175244307,03_09_2024,No,No,No,No,COMP_NO,No
521,538175314766,03_09_2024,No,No,No,No,COMP_NO,No
522,538175323526,03_09_2024,No,No,No,No,COMP_NO,No
523,538175324037,03_09_2024,No,No,No,No,COMP_NO,No
524,538175325559,03_09_2024,No,No,No,No,COMP_NO,No
525,538175326123,03_09_2024,No,No,No,No,COMP_NO,No
526,538175335479,03_09_2024,No,No,No,No,COMP_NO,No
527,538175347608,03_09_2024,No,Yes,No,Yes,COMP_CH,Yes
528,538175402572,03_09_2024,No,No,No,No,COMP_NO,No
529,538175428892,03_09_2024,No,No,No,No,COMP_NO,No
530,538175428953,03_09_2024,No,No,No,No,COMP_NO,No
531,538175430354,03_09_2024,No,No,No,No,COMP_NO,No
532,538175471908,03_09_2024,No,No,No,No,COMP_NO,No
533,538175472607,03_09_2024,No,No,No,No,COMP_NO,No
534,538175500673,03_09_2024,No,No,No,No,COMP_NO,No
535,538175501213,03_09_2024,No,No,No,No,COMP_NO,No
536,538175502243,03_09_2024,No,No,No,No,COMP_NO,No
537,538175511580,03_09_2024,No,No,No,No,COMP_NO,No
538,538175513859,03_09_2024,No,No,No,No,COMP_NO,No
539,538175527518,03_09_2024,No,No,No,No,COMP_NO,No
540,538175529917,03_09_2024,No,No,No,No,COMP_NO,No
541,538175531301,03_09_2024,No,No,No,No,COMP_NO,No
542,538175556899,03_09_2024,No,No,No,No,COMP_NO,No
543,538175558250,03_09_2024,No,No,No,No,COMP_NO,No
544,538175559811,03_09_2024,No,No,No,No,COMP_NO,No
545,538175669458,03_09_2024,No,No,No,No,COMP_NO,No
546,538175674237,03_09_2024,No,No,No,No,COMP_NO,No
547,538175687153,03_09_2024,No,Yes,No,No,COMP_CH,Yes
548,538175694643,03_09_2024,No,No,No,No,COMP_NO,No
549,538175700773,03_09_2024,No,No,No,No,COMP_NO,No
550,538175733917,03_09_2024,Yes,Yes,No,No,COMP_BE,Yes
551,538175742964,03_09_2024,No,No,No,No,COMP_NO,No
552,538175747725,03_09_2024,No,Yes,No,Yes,COMP_AC,Yes
553,538175751739,03_09_2024,No,No,No,No,COMP_NO,No
554,538175756667,03_09_2024,No,No,No,No,COMP_NO,No
555,538175781570,03_09_2024,No,No,No,No,COMP_NO,No
556,538175791045,03_09_2024,No,No,No,No,COMP_NO,No
557,538175792777,03_09_2024,No,Yes,No,Yes,COMP_NO,No
558,538175808029,03_09_2024,No,No,No,No,COMP_NO,No
559,538175990665,04_09_2024,No,No,No,No,COMP_NO,No
560,538175993330,04_09_2024,No,No,No,No,COMP_NO,No
561,538176004945,04_09_2024,No,No,No,No,COMP_NO,No
562,538176017414,04_09_2024,No,No,No,No,COMP_NO,No
563,538176018661,04_09_2024,No,No,No,No,COMP_NO,No
564,538176043712,04_09_2024,No,No,No,No,COMP_NO,No
565,538176069371,04_09_2024,No,No,No,No,COMP_NO,No
566,538176079306,04_09_2024,No,No,No,No,COMP_NO,No
567,538176081116,04_09_2024,No,No,No,No,COMP_NO,No
568,538176091019,04_09_2024,No,No,No,No,COMP_NO,No
569,538176095431,04_09_2024,No,No,No,No,COMP_NO,No
570,538176113376,04_09_2024,No,No,No,No,COMP_NO,No
571,538176133911,04_09_2024,No,No,No,No,COMP_NO,No
572,538176134433,04_09_2024,No,No,No,No,COMP_NO,No
573,538176137741,04_09_2024,No,No,No,No,COMP_NO,No
574,538176142449,04_09_2024,No,No,No,No,COMP_NO,No
575,538176158853,04_09_2024,No,No,No,No,COMP_NO,No
576,538176177837,04_09_2024,No,No,No,No,COMP_NO,No
577,538176180328,04_09_2024,No,Yes,No,Yes,COMP_CO,Yes
578,538176189918,04_09_2024,No,No,No,No,COMP_NO,No
579,538176190371,04_09_2024,No,No,No,No,COMP_NO,No
580,538176191608,04_09_2024,No,No,No,No,COMP_NO,No
581,538176219402,04_09_2024,No,No,No,No,COMP_NO,No
582,538176241312,04_09_2024,No,No,No,No,COMP_NO,No
583,538176248234,04_09_2024,No,No,No,No,COMP_NO,No
584,538176270449,04_09_2024,No,No,No,No,COMP_NO,No
585,538176275023,04_09_2024,No,No,No,No,COMP_NO,No
586,538176308731,04_09_2024,No,No,No,No,COMP_NO,No
587,538176308800,04_09_2024,No,No,No,No,COMP_NO,No
588,538176317367,04_09_2024,No,No,No,No,COMP_NO,No
589,538176337031,04_09_2024,No,No,No,No,COMP_NO,No
590,538176339899,04_09_2024,No,No,No,No,COMP_NO,No
591,538176339976,04_09_2024,No,No,No,No,COMP_NO,No
592,538176345032,04_09_2024,No,No,No,No,COMP_NO,No
593,538176345530,04_09_2024,No,No,No,No,COMP_NO,No
594,538176376712,04_09_2024,No,No,No,No,COMP_NO,No
595,538176386039,04_09_2024,No,No,No,No,COMP_NO,No
596,538176409396,04_09_2024,No,No,No,No,COMP_NO,No
597,538176409739,04_09_2024,No,No,No,No,COMP_NO,No
598,538176421954,04_09_2024,No,Yes,No,Yes,COMP_NO,No
599,538176539133,04_09_2024,No,No,No,No,COMP_NO,No
600,538176542805,04_09_2024,No,No,No,No,COMP_NO,No
601,538342545940,04_09_2024,No,No,No,No,COMP_NO,No
602,538342546517,04_09_2024,No,No,No,No,COMP_NO,No
603,538342587301,04_09_2024,No,No,No,No,COMP_NO,No
604,538342817725,05_09_2024,No,No,No,No,COMP_NO,No
605,538342834934,05_09_2024,No,No,No,No,COMP_NO,No
606,538342837968,05_09_2024,No,No,No,No,COMP_NO,No
607,538342839470,05_09_2024,No,No,No,No,COMP_NO,No
608,538342844925,05_09_2024,No,No,No,No,COMP_NO,No
609,538342856629,05_09_2024,No,No,No,No,COMP_NO,No
610,538342863067,05_09_2024,No,No,No,No,COMP_NO,No
611,538342880363,05_09_2024,No,No,No,No,COMP_NO,No
612,538342881484,05_09_2024,No,No,No,No,COMP_NO,No
613,538342889995,05_09_2024,No,No,No,No,COMP_NO,No
614,538342909975,05_09_2024,No,No,No,No,COMP_NO,No
615,538342911366,05_09_2024,No,No,No,No,COMP_NO,No
616,538342929527,05_09_2024,No,No,No,No,COMP_NO,No
617,538342954938,05_09_2024,No,No,No,No,COMP_NO,No
618,538342962148,05_09_2024,No,No,No,No,COMP_NO,No
619,538342987733,05_09_2024,No,No,No,No,COMP_NO,No
620,538343002553,05_09_2024,No,Yes,No,No,COMP_NO,No
621,538343003910,05_09_2024,No,No,No,No,COMP_NO,No
622,538343019373,05_09_2024,No,No,No,No,COMP_NO,No
623,538343065139,05_09_2024,No,No,No,No,COMP_NO,No
624,538343083646,05_09_2024,No,Yes,No,Yes,COMP_NO,No
625,538343102040,05_09_2024,No,No,No,No,COMP_NO,No
626,538343104636,05_09_2024,No,No,No,No,COMP_NO,No
627,538343110802,05_09_2024,No,No,No,No,COMP_NO,No
628,538343113350,05_09_2024,No,No,No,No,COMP_NO,No
629,538343115159,05_09_2024,No,No,No,No,COMP_NO,No
630,538343116665,05_09_2024,No,No,No,No,COMP_NO,No
631,538343131420,05_09_2024,No,No,No,No,COMP_NO,No
632,538343135993,05_09_2024,No,No,No,No,COMP_NO,No
633,538343147402,05_09_2024,No,No,No,No,COMP_NO,No
634,538343150058,05_09_2024,No,No,No,No,COMP_NO,No
635,538343167087,05_09_2024,No,No,No,No,COMP_NO,No
636,538343168640,05_09_2024,No,No,No,No,COMP_NO,No
637,538343181791,05_09_2024,No,No,No,No,COMP_NO,No
638,538343185480,05_09_2024,No,No,No,No,COMP_NO,No
639,538343296365,05_09_2024,No,No,No,No,COMP_NO,No
640,538343300661,05_09_2024,No,No,No,No,COMP_NO,No
641,538343350439,05_09_2024,No,No,No,No,COMP_NO,No
642,538343354136,05_09_2024,No,No,No,No,COMP_NO,No
643,538343360243,05_09_2024,No,No,No,No,COMP_NO,No
644,538343392951,05_09_2024,No,No,No,No,COMP_NO,No
645,538343395137,05_09_2024,No,No,No,No,COMP_NO,No
646,538343395250,05_09_2024,No,No,No,No,COMP_NO,No
647,538343403153,05_09_2024,No,No,No,No,COMP_NO,No
648,538343404706,05_09_2024,No,No,No,No,COMP_NO,No
649,538343406170,05_09_2024,No,No,No,No,COMP_NO,No
650,538343408026,05_09_2024,No,No,No,No,COMP_NO,No
651,538343585342,06_09_2024,No,No,No,No,COMP_NO,No
652,538343587564,06_09_2024,No,No,No,No,COMP_NO,No
653,538343589810,06_09_2024,No,No,No,No,COMP_NO,No
654,538343837444,06_09_2024,No,No,No,No,COMP_NO,No
655,538343866034,06_09_2024,No,No,No,No,COMP_NO,No
656,538343869591,06_09_2024,No,No,No,No,COMP_NO,No
657,538343903649,06_09_2024,No,No,No,No,COMP_NO,No
658,538344131772,06_09_2024,No,No,No,No,COMP_NO,No
659,538344132797,06_09_2024,No,No,No,No,COMP_NO,No
660,538344136127,06_09_2024,No,No,No,No,COMP_NO,No
661,565596711383,31_10_2024,No,No,No,No,COMP_NO,No
662,565596744520,31_10_2024,No,No,No,No,COMP_NO,No
663,565596745464,31_10_2024,No,No,No,Yes,COMP_NO,No
664,565596766861,31_10_2024,No,No,No,No,COMP_NO,No
665,565596768861,31_10_2024,No,No,No,No,COMP_NO,No
666,565596772478,31_10_2024,No,No,No,No,COMP_NO,No
667,565596781111,31_10_2024,No,No,No,No,COMP_NO,No
668,565596782056,31_10_2024,No,No,No,No,COMP_NO,No
669,565596782528,31_10_2024,No,Yes,No,No,COMP_EX,Yes
670,565596782763,31_10_2024,No,No,No,No,COMP_NO,No
671,565596809511,31_10_2024,No,Yes,No,Yes,COMP_SM,Yes
672,565596886828,31_10_2024,No,No,No,No,COMP_NO,No
673,565596948909,31_10_2024,No,No,No,No,COMP_NO,No
674,565596984997,31_10_2024,No,Yes,No,Yes,COMP_NO,No
675,565596987780,31_10_2024,No,No,No,No,COMP_NO,No
676,565597011995,31_10_2024,No,No,No,No,COMP_NO,No
677,565597017390,31_10_2024,No,No,No,No,COMP_NO,No
678,565597062765,31_10_2024,No,Yes,No,Yes,COMP_NO,No
679,565597063316,31_10_2024,No,Yes,No,Yes,COMP_SM,Yes
680,565597065017,31_10_2024,No,No,No,No,COMP_NO,No
681,565597066333,31_10_2024,No,No,No,No,COMP_NO,No
682,565597123562,31_10_2024,Yes,Yes,No,Yes,COMP_SM,Yes
683,537988352180,02_09_2024,No,No,No,No,COMP_NO,No
684,538176015937,04_09_2024,No,No,No,No,COMP_NO,No
685,538176020154,04_09_2024,No,No,No,Yes,COMP_NO,No
686,538176044405,04_09_2024,No,No,No,No,COMP_NO,No
687,538176047952,04_09_2024,No,No,No,No,COMP_NO,No
688,538176072819,04_09_2024,No,No,No,No,COMP_NO,No
689,538176081953,04_09_2024,No,No,No,No,COMP_NO,No
690,538176083220,04_09_2024,No,No,No,No,COMP_NO,No
691,538176086635,04_09_2024,No,No,No,No,COMP_NO,No
692,538176087165,04_09_2024,No,No,No,No,COMP_NO,No
693,538176088690,04_09_2024,No,No,No,No,COMP_NO,No
694,538176101311,04_09_2024,No,No,No,No,COMP_NO,No
695,538176105483,04_09_2024,No,Yes,No,No,COMP_AC,Yes
696,538176109284,04_09_2024,No,No,No,No,COMP_NO,No
697,538176114601,04_09_2024,No,No,No,No,COMP_NO,No
698,538176116298,04_09_2024,No,No,No,No,COMP_NO,No
699,538176127746,04_09_2024,No,No,No,No,COMP_NO,No
700,538176140630,04_09_2024,No,No,No,No,COMP_SA,Yes
701,538176141340,04_09_2024,No,No,No,No,COMP_NO,No
702,538176142008,04_09_2024,No,No,No,No,COMP_NO,No
703,538176142304,04_09_2024,No,No,No,No,COMP_NO,No
704,538176143446,04_09_2024,No,No,No,No,COMP_NO,No
705,538176143495,04_09_2024,No,No,No,No,COMP_NO,No
706,538176149357,04_09_2024,No,No,No,No,COMP_NO,No
707,538176175515,04_09_2024,No,No,No,No,COMP_NO,No
708,538176175750,04_09_2024,No,No,No,No,COMP_NO,No
709,538176181319,04_09_2024,No,No,No,No,COMP_NO,No
710,538176185047,04_09_2024,No,No,No,No,COMP_NO,No
711,538176188875,04_09_2024,No,No,No,No,COMP_NO,No
712,538176200077,04_09_2024,No,No,No,No,COMP_NO,No
713,538176203546,04_09_2024,No,No,No,No,COMP_NO,No
714,538176208855,04_09_2024,No,No,No,No,COMP_NO,No
715,538176219902,04_09_2024,No,No,No,No,COMP_NO,No
716,538176222607,04_09_2024,No,No,No,No,COMP_NO,No
717,538176229200,04_09_2024,No,Yes,No,Yes,COMP_CO,Yes
718,538176233482,04_09_2024,No,No,No,No,COMP_NO,No
719,538176241557,04_09_2024,No,No,No,No,COMP_NO,No
720,538176256176,04_09_2024,No,No,No,No,COMP_NO,No
721,538176260248,04_09_2024,No,No,No,No,COMP_NO,No
722,538176285386,04_09_2024,No,No,No,No,COMP_NO,No
723,538176289597,04_09_2024,No,No,No,No,COMP_NO,No
724,538176289837,04_09_2024,No,No,No,No,COMP_NO,No
725,538176289841,04_09_2024,No,No,No,No,COMP_NO,No
726,538176294646,04_09_2024,No,No,No,No,COMP_NO,No
727,538176294862,04_09_2024,No,No,No,No,COMP_NO,No
728,538176310619,04_09_2024,No,No,No,No,COMP_NO,No
729,538176311167,04_09_2024,No,No,No,No,COMP_NO,Yes
730,538176315801,04_09_2024,No,No,No,No,COMP_NO,No
731,538176315828,04_09_2024,No,No,No,No,COMP_NO,No
732,538176320593,04_09_2024,No,No,No,No,COMP_NO,No
733,538176320710,04_09_2024,No,No,No,No,COMP_NO,No
734,538176322697,04_09_2024,No,No,No,No,COMP_NO,No
735,538176323597,04_09_2024,No,Yes,No,Yes,COMP_CH,Yes
736,538176342267,04_09_2024,No,No,No,No,COMP_NO,No
737,538176343240,04_09_2024,No,No,No,No,COMP_NO,No
738,538176346549,04_09_2024,No,Yes,No,Yes,COMP_CO,Yes
739,538176346551,04_09_2024,No,No,No,No,COMP_NO,No
740,538176376780,04_09_2024,No,No,No,No,COMP_NO,No
741,538176378818,04_09_2024,No,No,No,No,COMP_NO,No
742,538176394767,04_09_2024,No,No,No,No,COMP_NO,No
743,538176395335,04_09_2024,No,No,No,No,COMP_NO,No
744,538176408217,04_09_2024,No,No,No,No,COMP_NO,No
745,538176427072,04_09_2024,No,No,No,No,COMP_NO,No
746,538176428086,04_09_2024,No,No,No,No,COMP_NO,No
747,538176432463,04_09_2024,No,No,No,No,COMP_NO,No
748,538176438833,04_09_2024,No,No,No,No,COMP_NO,No
749,538176450038,04_09_2024,No,No,No,No,COMP_NO,No
750,538176451251,04_09_2024,No,No,No,No,COMP_NO,No
751,538176455032,04_09_2024,No,Yes,No,Yes,COMP_NO,No
752,538176456357,04_09_2024,No,No,No,No,COMP_NO,No
753,538176457464,04_09_2024,No,No,No,No,COMP_NO,No
754,538176467277,04_09_2024,No,No,No,No,COMP_NO,No
755,538176472434,04_09_2024,No,No,No,No,COMP_NO,No
756,538176483385,04_09_2024,No,No,No,No,COMP_NO,No
757,538176494900,04_09_2024,No,No,No,No,COMP_NO,No
758,538176506544,04_09_2024,No,No,No,No,COMP_NO,No
759,538176528591,04_09_2024,No,Yes,No,Yes,COMP_NO,No
760,538176531672,04_09_2024,No,No,No,No,COMP_NO,No
761,538176533688,04_09_2024,No,No,No,No,COMP_NO,No
762,538342547606,04_09_2024,No,No,No,No,COMP_NO,No
763,538342549339,04_09_2024,No,No,No,No,COMP_NO,No
764,538342555248,04_09_2024,No,Yes,No,Yes,COMP_PQ,Yes
765,538342556999,04_09_2024,No,No,No,No,COMP_NO,No
766,538342558685,04_09_2024,No,No,No,No,COMP_NO,No
767,538342560873,04_09_2024,No,No,No,No,COMP_NO,No
768,538342609162,04_09_2024,No,No,No,No,COMP_NO,No
769,538342821986,05_09_2024,No,Yes,No,Yes,COMP_NO,Yes
770,538342829032,05_09_2024,No,No,No,No,COMP_NO,No
771,538342832514,05_09_2024,No,No,No,No,COMP_NO,No
772,538342842368,05_09_2024,No,Yes,No,No,COMP_NO,No
773,538342846134,05_09_2024,No,No,No,No,COMP_NO,No
774,538342857617,05_09_2024,No,Yes,No,Yes,COMP_NO,No
775,538342867027,05_09_2024,No,No,No,No,COMP_NO,No
776,538342869696,05_09_2024,No,Yes,No,Yes,COMP_NO,No
777,538342874633,05_09_2024,No,No,No,No,COMP_NO,No
778,538342874801,05_09_2024,No,No,No,No,COMP_NO,No
779,538342881546,05_09_2024,No,No,No,No,COMP_NO,No
780,538342884715,05_09_2024,No,Yes,No,Yes,COMP_NO,No
781,538342886504,05_09_2024,No,No,No,No,COMP_NO,No
782,538342888322,05_09_2024,No,No,No,No,COMP_NO,No
783,538342890027,05_09_2024,No,No,No,No,COMP_NO,No
784,538342897682,05_09_2024,No,No,No,No,COMP_NO,No
785,538342905731,05_09_2024,No,No,No,No,COMP_NO,No
786,538342919412,05_09_2024,No,No,No,No,COMP_NO,No
787,538342923207,05_09_2024,No,Yes,No,No,COMP_CH,Yes
788,538342924745,05_09_2024,No,No,No,No,COMP_NO,No
789,538342933221,05_09_2024,No,No,No,No,COMP_NO,No
790,538342934569,05_09_2024,No,Yes,No,Yes,COMP_NO,No
791,538342941059,05_09_2024,No,Yes,No,Yes,COMP_CO,Yes
792,538342945495,05_09_2024,No,No,No,No,COMP_NO,No
793,538342949843,05_09_2024,No,No,No,No,COMP_NO,No
794,538342964789,05_09_2024,No,No,No,No,COMP_NO,No
795,538342968741,05_09_2024,No,No,No,No,COMP_NO,No
796,538342971688,05_09_2024,No,No,No,No,COMP_NO,No
797,538342974809,05_09_2024,No,Yes,No,Yes,COMP_NO,Yes
798,538342998850,05_09_2024,No,Yes,No,Yes,COMP_CH,Yes
799,538343016229,05_09_2024,No,No,No,No,COMP_NO,No
800,538343022065,05_09_2024,No,No,No,No,COMP_NO,No
801,538343022955,05_09_2024,No,Yes,No,Yes,COMP_CI,Yes
802,538343023362,05_09_2024,No,Yes,No,Yes,COMP_NO,No
803,538343026284,05_09_2024,No,No,No,No,COMP_NO,No
804,538343026401,05_09_2024,No,Yes,No,Yes,COMP_NO,No
805,538343029239,05_09_2024,No,Yes,No,No,COMP_NO,No
806,538343033755,05_09_2024,No,No,No,No,COMP_NO,No
807,538343034309,05_09_2024,No,No,No,No,COMP_NO,No
808,538343035031,05_09_2024,No,No,No,No,COMP_NO,No
809,538343035111,05_09_2024,No,No,No,No,COMP_NO,No
810,538343043899,05_09_2024,No,Yes,No,Yes,COMP_NO,No
811,538343048373,05_09_2024,No,No,No,No,COMP_NO,No
812,538343048873,05_09_2024,No,No,No,No,COMP_NO,No
813,538343055484,05_09_2024,No,No,No,No,COMP_NO,No
814,538343057468,05_09_2024,No,Yes,No,Yes,COMP_PE,Yes
815,538343090101,05_09_2024,No,No,No,No,COMP_NO,No
816,538343094538,05_09_2024,No,Yes,No,Yes,COMP_NO,No
817,538343096824,05_09_2024,No,No,No,No,COMP_NO,No
818,538343105587,05_09_2024,No,No,No,No,COMP_NO,No
819,538343105645,05_09_2024,No,No,No,No,COMP_NO,No
820,538343118124,05_09_2024,No,No,No,No,COMP_NO,No
821,538343124097,05_09_2024,No,No,No,No,COMP_NO,No
822,538343124706,05_09_2024,No,No,No,No,COMP_NO,No
823,538343126264,05_09_2024,No,No,No,Yes,COMP_NO,No
824,538343127675,05_09_2024,No,No,No,No,COMP_NO,No
825,538343140159,05_09_2024,No,No,No,No,COMP_NO,No
826,538343143698,05_09_2024,No,No,No,No,COMP_NO,No
827,538343150635,05_09_2024,No,No,No,No,COMP_NO,No
828,538343151655,05_09_2024,No,No,No,No,COMP_NO,No
829,538343158070,05_09_2024,No,No,No,No,COMP_NO,No
830,538343159972,05_09_2024,No,No,No,No,COMP_NO,No
831,538343161242,05_09_2024,No,No,No,No,COMP_NO,No
832,538343165760,05_09_2024,No,No,No,No,COMP_NO,No
833,538343170080,05_09_2024,No,Yes,No,Yes,COMP_CH,Yes
834,538343170409,05_09_2024,No,No,No,No,COMP_NO,No
835,538343171186,05_09_2024,No,No,No,No,COMP_NO,No
836,538343173844,05_09_2024,No,No,No,No,COMP_NO,No
837,538343174297,05_09_2024,No,Yes,No,Yes,COMP_CO,Yes
838,538343196134,05_09_2024,No,No,No,No,COMP_NO,No
839,538343196632,05_09_2024,No,No,No,No,COMP_NO,No
840,538343198409,05_09_2024,No,No,No,No,COMP_NO,No
841,538343199497,05_09_2024,No,No,No,No,COMP_NO,No
842,538343213652,05_09_2024,No,No,No,No,COMP_NO,No
843,538343232140,05_09_2024,No,No,No,No,COMP_NO,No
844,538343253451,05_09_2024,No,No,No,No,COMP_NO,No
845,538343254991,05_09_2024,No,No,No,No,COMP_NO,No
846,538343301662,05_09_2024,No,No,No,No,COMP_NO,No
847,538343302866,05_09_2024,No,No,No,No,COMP_NO,No
848,538343304853,05_09_2024,No,Yes,No,Yes,COMP_NO,No
849,538343305442,05_09_2024,No,No,No,No,COMP_NO,No
850,538343318917,05_09_2024,No,No,No,No,COMP_NO,No
851,538343330137,05_09_2024,No,No,No,Yes,COMP_NO,No
852,538343331335,05_09_2024,No,No,No,No,COMP_NO,No
853,538343331896,05_09_2024,No,No,No,No,COMP_NO,No
854,538343335549,05_09_2024,No,No,No,No,COMP_NO,No
855,538343335995,05_09_2024,No,No,No,No,COMP_NO,No
856,538343356520,05_09_2024,No,No,No,No,COMP_NO,No
857,538343357222,05_09_2024,No,No,No,No,COMP_NO,No
858,538343367529,05_09_2024,No,No,No,No,COMP_NO,No
859,538343396423,05_09_2024,No,No,No,No,COMP_NO,No
860,538343402256,05_09_2024,No,No,No,No,COMP_NO,No
861,538343409043,05_09_2024,No,No,No,No,COMP_NO,No
862,538343414324,05_09_2024,No,No,No,No,COMP_NO,No
863,538343414936,05_09_2024,No,No,No,No,COMP_NO,No
864,538343417681,05_09_2024,No,No,No,No,COMP_NO,No
865,538343592769,06_09_2024,No,No,No,No,COMP_NO,No
866,538343672574,06_09_2024,No,No,No,No,COMP_NO,No
867,538343673637,06_09_2024,No,No,No,No,COMP_NO,No
868,538343675441,06_09_2024,No,No,No,No,COMP_NO,No
869,538343688406,06_09_2024,No,Yes,No,No,COMP_CO,Yes
870,538343690191,06_09_2024,No,No,No,No,COMP_NO,No
871,538343803219,06_09_2024,No,Yes,No,No,COMP_CH,Yes
872,538343805605,06_09_2024,No,No,No,No,COMP_NO,No
873,538343807844,06_09_2024,No,No,No,No,COMP_NO,No
874,538343808961,06_09_2024,No,No,No,No,COMP_NO,No
875,538343810437,06_09_2024,No,No,No,No,COMP_NO,No
876,538343842831,06_09_2024,No,No,No,No,COMP_NO,No
877,538343845976,06_09_2024,No,No,No,No,COMP_NO,No
878,538343848181,06_09_2024,No,No,No,No,COMP_NO,No
879,538343923767,06_09_2024,No,No,No,No,COMP_NO,No
880,538343929769,06_09_2024,No,Yes,No,No,COMP_NO,No
881,538343988145,06_09_2024,No,No,No,No,COMP_NO,No
882,538343988963,06_09_2024,No,No,No,No,COMP_NO,No
883,538343993287,06_09_2024,No,No,No,No,COMP_NO,No
884,538343997926,06_09_2024,No,No,No,No,COMP_NO,No
885,538344033415,06_09_2024,No,No,No,No,COMP_NO,No
886,538344034624,06_09_2024,No,No,No,No,COMP_NO,No
887,538344034790,06_09_2024,No,Yes,No,Yes,COMP_NO,No
888,538344039057,06_09_2024,No,No,No,No,COMP_NO,No
889,538344143775,06_09_2024,No,No,No,No,COMP_NO,No
890,538344155515,06_09_2024,Yes,No,No,No,COMP_NO,Yes
891,538344157286,06_09_2024,No,No,No,No,COMP_NO,No
892,538176037597,04_09_2024,No,No,No,No,COMP_NO,No
893,538176039371,04_09_2024,No,No,No,No,COMP_NO,No
894,538176040717,04_09_2024,No,No,No,No,COMP_NO,No
895,538176052598,04_09_2024,No,No,No,No,COMP_NO,No
896,538176056637,04_09_2024,No,No,No,No,COMP_NO,No
897,538176057568,04_09_2024,No,No,No,No,COMP_NO,No
898,538176060295,04_09_2024,No,No,No,No,COMP_NO,No
899,538176154058,04_09_2024,No,No,No,No,COMP_NO,No
900,538176158451,04_09_2024,No,No,No,No,COMP_NO,No
901,538176241645,04_09_2024,No,Yes,No,Yes,COMP_CH,Yes
902,538176243226,04_09_2024,No,No,No,No,COMP_NO,No
903,538176295168,04_09_2024,No,No,No,No,COMP_NO,No
904,538176297923,04_09_2024,Yes,Yes,No,Yes,COMP_AC,Yes
905,538176298097,04_09_2024,No,No,No,No,COMP_NO,No
906,538176307251,04_09_2024,No,No,No,No,COMP_NO,No
907,538176317037,04_09_2024,No,Yes,No,Yes,COMP_CH,Yes
908,538176330436,04_09_2024,Yes,Yes,No,Yes,COMP_CO,Yes
909,538176331570,04_09_2024,No,Yes,No,Yes,COMP_NO,No
910,538176348752,04_09_2024,No,No,No,No,COMP_NO,No
911,538176352468,04_09_2024,No,Yes,No,Yes,COMP_CO,Yes
912,538176356357,04_09_2024,No,Yes,No,No,COMP_NO,No
913,538176358058,04_09_2024,No,No,No,No,COMP_NO,No
914,538176358563,04_09_2024,No,No,No,No,COMP_NO,No
915,538176453441,04_09_2024,No,No,No,No,COMP_NO,No
916,538176458655,04_09_2024,Yes,Yes,No,Yes,COMP_CO,Yes
917,538176513038,04_09_2024,No,Yes,No,Yes,COMP_CH,Yes
918,538176515549,04_09_2024,No,Yes,No,Yes,COMP_CH,Yes
919,538176525873,04_09_2024,No,Yes,No,Yes,COMP_NO,No
920,538176528210,04_09_2024,No,No,No,No,COMP_NO,No
921,538342562876,04_09_2024,No,No,No,No,COMP_NO,No
922,538342569289,04_09_2024,No,No,No,No,COMP_NO,No
923,538342570012,04_09_2024,No,No,No,No,COMP_NO,No
924,538342577751,04_09_2024,Yes,Yes,No,Yes,COMP_CH,Yes
925,538342579968,04_09_2024,No,No,No,No,COMP_NO,No
926,538342582020,04_09_2024,Yes,No,No,No,COMP_NO,Yes
927,538342583064,04_09_2024,No,No,No,No,COMP_NO,No
928,538342583861,04_09_2024,No,No,No,No,COMP_NO,No
929,538342587463,04_09_2024,No,Yes,No,Yes,COMP_CH,Yes
930,538342592411,04_09_2024,No,No,No,No,COMP_NO,No
931,538342594345,04_09_2024,No,No,No,No,COMP_NO,No
932,538342598963,04_09_2024,No,No,No,No,COMP_NO,No
933,538342601556,04_09_2024,No,No,No,No,COMP_NO,No
934,538342601655,04_09_2024,No,No,No,No,COMP_NO,No
935,538342606602,04_09_2024,No,No,No,No,COMP_NO,No
936,538342612543,04_09_2024,No,No,No,No,COMP_NO,No
937,538342614363,04_09_2024,No,Yes,No,No,COMP_NO,No
938,538342618728,04_09_2024,No,No,No,Yes,COMP_NO,No
939,538342628221,04_09_2024,No,No,No,No,COMP_NO,No
940,538342631660,04_09_2024,No,No,No,No,COMP_NO,No
941,538342849446,05_09_2024,No,No,No,No,COMP_NO,No
942,538342851883,05_09_2024,No,No,No,No,COMP_NO,No
943,538342852106,05_09_2024,No,No,No,No,COMP_CH,Yes
944,538342860603,05_09_2024,No,No,No,No,COMP_NO,No
945,538342878691,05_09_2024,No,No,No,No,COMP_NO,No
946,538342936326,05_09_2024,No,No,No,No,COMP_NO,No
947,538342938650,05_09_2024,No,No,No,No,COMP_NO,No
948,538342950824,05_09_2024,No,No,No,No,COMP_NO,No
949,538342954324,05_09_2024,No,Yes,No,No,COMP_NO,No
950,538342977389,05_09_2024,No,No,No,No,COMP_NO,No
951,538342978211,05_09_2024,No,No,No,No,COMP_NO,No
952,538342978269,05_09_2024,No,No,No,No,COMP_NO,No
953,538342981180,05_09_2024,No,No,No,No,COMP_NO,No
954,538343000834,05_09_2024,No,No,No,No,COMP_NO,No
955,538343068646,05_09_2024,No,Yes,No,Yes,COMP_NO,No
956,538343069506,05_09_2024,Yes,Yes,No,No,COMP_CH,Yes
957,538343071419,05_09_2024,No,Yes,No,No,COMP_SM,Yes
958,538343167069,05_09_2024,No,No,No,No,COMP_NO,No
959,538343180274,05_09_2024,No,No,No,No,COMP_NO,No
960,538343203990,05_09_2024,No,No,No,No,COMP_NO,No
961,538343214317,05_09_2024,No,Yes,No,Yes,COMP_NO,No
962,538343214678,05_09_2024,No,No,No,No,COMP_NO,No
963,538343221225,05_09_2024,No,No,No,No,COMP_NO,No
964,538343222393,05_09_2024,No,No,No,No,COMP_NO,No
965,538343228278,05_09_2024,Yes,Yes,No,Yes,COMP_SA,Yes
966,538343237130,05_09_2024,No,No,No,No,COMP_NO,No
967,538343237294,05_09_2024,No,No,No,No,COMP_NO,No
968,538343245371,05_09_2024,No,No,No,No,COMP_NO,No
969,538343246343,05_09_2024,No,No,No,No,COMP_NO,No
970,538343247632,05_09_2024,No,No,No,No,COMP_NO,No
971,538343255374,05_09_2024,No,No,No,No,COMP_NO,No
972,538343256939,05_09_2024,No,No,No,No,COMP_NO,No
973,538343269538,05_09_2024,No,No,No,No,COMP_NO,No
974,538343271488,05_09_2024,No,No,No,No,COMP_NO,No
975,538343277583,05_09_2024,No,No,No,No,COMP_NO,No
976,538343277895,05_09_2024,No,No,No,No,COMP_NO,No
977,538343282242,05_09_2024,No,No,No,No,COMP_NO,Yes
978,538343287909,05_09_2024,No,No,No,No,COMP_NO,No
979,538343291336,05_09_2024,No,No,No,No,COMP_NO,No
980,538343291772,05_09_2024,No,No,No,No,COMP_NO,No
981,538343312901,05_09_2024,No,No,No,Yes,COMP_NO,No
982,538343315141,05_09_2024,No,No,No,No,COMP_NO,No
983,538343338146,05_09_2024,No,No,No,No,COMP_NO,No
984,538343338703,05_09_2024,No,No,No,No,COMP_NO,No
985,538343345405,05_09_2024,No,No,No,No,COMP_NO,No
986,538343371776,05_09_2024,No,No,No,No,COMP_NO,No
987,538343372253,05_09_2024,No,No,No,No,COMP_NO,No
988,538343379310,05_09_2024,No,No,No,No,COMP_NO,No
989,538343383465,05_09_2024,No,No,No,No,COMP_NO,No
990,538343416523,05_09_2024,No,No,No,No,COMP_NO,No
991,538343423445,05_09_2024,No,No,No,No,COMP_NO,No
992,538343577015,06_09_2024,No,No,No,No,COMP_NO,No
993,538343581092,06_09_2024,No,No,No,No,COMP_NO,No
994,538343595814,06_09_2024,No,No,No,No,COMP_NO,No
995,538343599982,06_09_2024,No,No,No,No,COMP_NO,No
996,538343600970,06_09_2024,No,No,No,No,COMP_NO,No
997,538343601723,06_09_2024,No,No,No,No,COMP_NO,No
998,538343603223,06_09_2024,No,No,No,No,COMP_NO,No
999,538343607362,06_09_2024,No,No,No,No,COMP_NO,No
1000,538343637704,06_09_2024,No,No,No,No,COMP_NO,No
1001,538343649736,06_09_2024,No,No,No,No,COMP_NO,No
1002,538343650168,06_09_2024,No,No,No,No,COMP_NO,No
1003,538343651628,06_09_2024,No,No,No,No,COMP_NO,No
1004,538343654407,06_09_2024,Yes,No,No,No,COMP_NO,Yes
1005,538343661271,06_09_2024,No,No,No,No,COMP_NO,No
1006,538343667036,06_09_2024,No,No,No,No,COMP_NO,No
1007,538343677074,06_09_2024,No,No,No,No,COMP_NO,No
1008,538343685004,06_09_2024,No,Yes,No,Yes,COMP_CO,Yes
1009,538343686039,06_09_2024,No,No,No,No,COMP_NO,No
1010,538343694943,06_09_2024,No,Yes,No,No,COMP_SM,Yes
1011,538343700233,06_09_2024,No,No,No,No,COMP_NO,No
1012,538343702662,06_09_2024,No,No,No,No,COMP_NO,No
1013,538343708363,06_09_2024,No,No,No,No,COMP_NO,No
1014,538343713554,06_09_2024,No,No,No,No,COMP_NO,No
1015,538343714600,06_09_2024,No,No,No,No,COMP_NO,No
1016,538343720002,06_09_2024,No,No,No,No,COMP_NO,No
1017,538343720941,06_09_2024,No,Yes,No,No,COMP_CH,Yes
1018,538343725727,06_09_2024,No,No,No,No,COMP_NO,No
1019,538343738572,06_09_2024,No,No,No,No,COMP_NO,No
1020,538343742167,06_09_2024,No,No,No,No,COMP_NO,No
1021,538343742397,06_09_2024,No,No,No,No,COMP_NO,No
1022,538343744249,06_09_2024,No,No,No,No,COMP_NO,No
1023,538343744452,06_09_2024,No,Yes,No,Yes,COMP_NO,No
1024,538343746237,06_09_2024,No,No,No,No,COMP_NO,No
1025,538343759742,06_09_2024,No,No,No,No,COMP_NO,No
1026,538343759784,06_09_2024,No,No,No,No,COMP_NO,No
1027,538343761573,06_09_2024,No,No,No,No,COMP_NO,No
1028,538343766830,06_09_2024,No,No,No,No,COMP_NO,No
1029,538343767964,06_09_2024,No,No,No,No,COMP_NO,No
1030,538343775009,06_09_2024,No,No,No,No,COMP_NO,No
1031,538343775698,06_09_2024,No,No,No,No,COMP_NO,No
1032,538343776427,06_09_2024,No,Yes,No,Yes,COMP_NO,No
1033,538343780886,06_09_2024,No,No,No,No,COMP_NO,No
1034,538343783577,06_09_2024,No,No,No,No,COMP_NO,No
1035,538343788280,06_09_2024,No,No,No,No,COMP_NO,No
1036,538343790476,06_09_2024,No,No,No,No,COMP_NO,No
1037,538343793515,06_09_2024,UNAVAILABLE,No,UNAVAILABLE,No,COMP_UN,UNAVAILABLE
1038,538343797300,06_09_2024,No,Yes,No,Yes,COMP_NO,No
1039,538343799723,06_09_2024,No,No,No,No,COMP_NO,No
1040,538343801887,06_09_2024,No,No,No,No,COMP_NO,No
1041,538343814869,06_09_2024,No,No,No,No,COMP_NO,No
1042,538343819416,06_09_2024,No,No,No,No,COMP_NO,No
1043,538343825818,06_09_2024,No,No,No,No,COMP_NO,No
1044,538343829578,06_09_2024,No,No,No,No,COMP_NO,No
1045,538343830989,06_09_2024,No,No,No,No,COMP_NO,No
1046,538343850036,06_09_2024,No,No,No,No,COMP_NO,No
1047,538343853537,06_09_2024,No,No,No,No,COMP_NO,No
1048,538343854754,06_09_2024,No,Yes,No,No,COMP_BR,Yes
1049,538343856909,06_09_2024,No,No,No,No,COMP_NO,No
1050,538343862306,06_09_2024,No,No,No,No,COMP_NO,No
1051,538343869779,06_09_2024,No,Yes,No,Yes,COMP_NO,No
1052,538343874922,06_09_2024,No,Yes,No,No,COMP_CH,Yes
1053,538343877659,06_09_2024,No,No,No,No,COMP_NO,No
1054,538343882229,06_09_2024,No,No,No,No,COMP_NO,No
1055,538343887405,06_09_2024,No,No,No,No,COMP_NO,No
1056,538343897301,06_09_2024,No,No,No,No,COMP_NO,No
1057,538343931130,06_09_2024,No,No,No,No,COMP_NO,No
1058,538343935050,06_09_2024,No,No,No,No,COMP_NO,No
1059,538343936522,06_09_2024,No,No,No,No,COMP_NO,No
1060,538343940042,06_09_2024,No,Yes,No,Yes,COMP_NO,No
1061,538343941077,06_09_2024,No,No,No,No,COMP_NO,No
1062,538343941796,06_09_2024,No,No,No,No,COMP_NO,No
1063,538343941910,06_09_2024,No,No,No,No,COMP_NO,No
1064,538343946834,06_09_2024,No,No,No,No,COMP_NO,No
1065,538343948434,06_09_2024,No,No,No,No,COMP_NO,No
1066,538343958209,06_09_2024,Yes,No,No,No,COMP_NO,Yes
1067,538343962131,06_09_2024,No,No,No,No,COMP_NO,No
1068,538343972865,06_09_2024,No,No,No,No,COMP_NO,No
1069,538343982461,06_09_2024,No,No,No,No,COMP_NO,No
1070,538344000856,06_09_2024,No,Yes,No,Yes,COMP_NO,No
1071,538344005016,06_09_2024,No,No,No,No,COMP_NO,No
1072,538344008362,06_09_2024,No,No,No,No,COMP_NO,No
1073,538344010429,06_09_2024,No,No,No,No,COMP_NO,No
1074,538344012278,06_09_2024,No,No,No,No,COMP_NO,No
1075,538344044502,06_09_2024,No,No,No,No,COMP_NO,No
1076,538344044877,06_09_2024,No,No,No,No,COMP_NO,No
1077,538344045343,06_09_2024,No,No,No,No,COMP_NO,No
1078,538344048039,06_09_2024,No,No,No,No,COMP_NO,No
1079,538344050514,06_09_2024,UNAVAILABLE,No,UNAVAILABLE,No,COMP_UN,UNAVAILABLE
1080,538344057245,06_09_2024,No,No,No,No,COMP_NO,No
1081,538344060882,06_09_2024,No,No,No,No,COMP_NO,No
1082,538344062545,06_09_2024,No,No,No,No,COMP_NO,No
1083,538344066294,06_09_2024,No,No,No,No,COMP_NO,No
1084,538344072166,06_09_2024,No,No,No,No,COMP_NO,No
1085,538344073349,06_09_2024,No,No,No,No,COMP_NO,No
1086,538344074747,06_09_2024,No,No,No,No,COMP_NO,No
1087,538344074979,06_09_2024,No,No,No,No,COMP_NO,No
1088,538344075103,06_09_2024,No,No,No,No,COMP_NO,No
1089,538344076613,06_09_2024,No,No,No,No,COMP_NO,No
1090,538344086928,06_09_2024,No,Yes,No,Yes,COMP_NO,Yes
1091,538344093244,06_09_2024,No,No,No,No,COMP_NO,No
1092,538344095263,06_09_2024,No,No,No,No,COMP_NO,No
1093,538344096684,06_09_2024,No,No,No,No,COMP_NO,No
1094,538344098317,06_09_2024,No,No,No,No,COMP_NO,No
1095,538344099948,06_09_2024,No,Yes,No,No,COMP_CH,Yes
1096,538344105537,06_09_2024,No,No,No,No,COMP_NO,No
1097,538344107760,06_09_2024,No,No,No,No,COMP_NO,No
1098,538344111587,06_09_2024,No,No,No,No,COMP_NO,No
1099,538344114705,06_09_2024,No,No,No,No,COMP_NO,No
1100,538344116647,06_09_2024,No,No,No,No,COMP_NO,No
1101,538344116963,06_09_2024,No,No,No,No,COMP_NO,No
1102,538344120780,06_09_2024,No,No,No,No,COMP_NO,No
1103,538344125076,06_09_2024,No,No,No,No,COMP_NO,No
1104,538344130104,06_09_2024,No,No,No,No,COMP_NO,No
1105,538682051298,11_09_2024,No,No,No,No,COMP_NO,No
1106,538683481949,13_09_2024,No,No,No,No,COMP_NO,No
1107,538861552904,13_09_2024,No,No,No,No,COMP_NO,No
1108,539720058110,01_10_2024,No,No,No,No,COMP_NO,No
1109,538343275196,05_09_2024,No,No,No,No,COMP_NO,No
1110,538343345461,05_09_2024,No,No,No,No,COMP_NO,No
1111,538343346004,05_09_2024,No,No,No,No,COMP_NO,No
1112,538343729088,06_09_2024,No,No,No,No,COMP_NO,No
1113,538343733669,06_09_2024,No,No,No,No,COMP_NO,No
1114,538343802812,06_09_2024,No,No,No,No,COMP_NO,No
1115,538343833324,06_09_2024,No,No,No,No,COMP_NO,No
1116,538343835440,06_09_2024,No,Yes,No,No,COMP_NO,No
1117,538343855541,06_09_2024,No,No,No,No,COMP_NO,No
1118,538343863527,06_09_2024,Yes,Yes,No,Yes,COMP_CO,Yes
1119,538343863661,06_09_2024,No,No,No,No,COMP_NO,No
1120,538343954624,06_09_2024,No,No,No,No,COMP_NO,No
1121,538344100417,06_09_2024,No,Yes,No,No,COMP_AC,Yes
1122,538681774234,11_09_2024,No,No,No,No,COMP_NO,No
1123,538681780550,11_09_2024,No,No,No,No,COMP_NO,No
1124,538681937861,11_09_2024,No,No,No,No,COMP_NO,No
1125,538681940118,11_09_2024,No,Yes,No,No,COMP_SM,Yes
1126,538681941152,11_09_2024,No,No,No,No,COMP_NO,No
1127,538681941679,11_09_2024,No,No,No,No,COMP_NO,No
1128,538681943972,11_09_2024,No,No,No,No,COMP_NO,No
1129,538681997068,11_09_2024,No,Yes,No,Yes,COMP_NO,No
1130,538682020845,11_09_2024,No,No,No,No,COMP_NO,No
1131,538682022148,11_09_2024,No,No,No,No,COMP_NO,No
1132,538682053918,11_09_2024,No,No,No,No,COMP_NO,No
1133,538682060273,11_09_2024,No,No,No,No,COMP_NO,No
1134,538682061181,11_09_2024,No,No,No,No,COMP_NO,No
1135,538682061776,11_09_2024,No,No,No,No,COMP_NO,No
1136,538682062723,11_09_2024,No,No,No,No,COMP_NO,No
1137,538682070515,11_09_2024,Yes,Yes,No,Yes,COMP_CH,Yes
1138,538682138971,11_09_2024,No,No,No,No,COMP_NO,No
1139,538682180303,11_09_2024,No,Yes,No,Yes,COMP_NO,No
1140,538682189916,11_09_2024,No,No,No,No,COMP_NO,No
1141,538682191615,11_09_2024,No,No,No,No,COMP_NO,No
1142,538682192870,11_09_2024,No,No,No,No,COMP_NO,No
1143,538682616231,12_09_2024,No,No,No,No,COMP_NO,No
1144,538682618515,12_09_2024,No,No,No,No,COMP_NO,No
1145,538682621006,12_09_2024,No,No,No,No,COMP_NO,No
1146,538682621308,12_09_2024,No,No,No,Yes,COMP_NO,No
1147,538682622000,12_09_2024,No,No,No,No,COMP_NO,No
1148,538682622234,12_09_2024,No,No,No,No,COMP_NO,No
1149,538682624953,12_09_2024,No,No,No,No,COMP_NO,No
1150,538682625495,12_09_2024,No,Yes,No,Yes,COMP_NO,No
1151,538682627125,12_09_2024,No,No,No,No,COMP_NO,No
1152,538682690132,12_09_2024,No,Yes,No,No,COMP_SM,Yes
1153,538682694095,12_09_2024,No,No,No,No,COMP_NO,No
1154,538682694220,12_09_2024,No,No,No,No,COMP_NO,No
1155,538682760963,12_09_2024,No,No,No,No,COMP_NO,No
1156,538682761732,12_09_2024,No,No,No,No,COMP_NO,No
1157,538682763006,12_09_2024,No,Yes,No,No,COMP_CH,Yes
1158,538682767785,12_09_2024,No,No,No,No,COMP_NO,No
1159,538682928052,12_09_2024,No,No,No,No,COMP_NO,No
1160,538683061937,12_09_2024,No,No,No,No,COMP_NO,No
1161,538683274117,13_09_2024,Yes,Yes,No,No,COMP_SA,Yes
1162,538683274387,13_09_2024,No,No,No,No,COMP_NO,No
1163,538683391082,13_09_2024,No,No,No,No,COMP_NO,No
1164,538683459688,13_09_2024,No,No,No,No,COMP_NO,No
1165,538683460245,13_09_2024,No,No,No,No,COMP_NO,No
1166,538861556431,13_09_2024,No,No,No,No,COMP_NO,No
1167,538861573136,13_09_2024,No,No,No,No,COMP_NO,No
1168,538861766235,13_09_2024,No,Yes,No,Yes,COMP_AC,Yes
1169,538861768135,13_09_2024,No,No,No,No,COMP_NO,No
1170,538862719699,16_09_2024,No,No,No,No,COMP_NO,No
1171,538862797465,16_09_2024,No,Yes,No,No,COMP_SM,Yes
1172,538862798066,16_09_2024,No,No,No,No,COMP_NO,No
1173,538862831623,16_09_2024,No,No,No,No,COMP_NO,No
1174,538862833711,16_09_2024,No,No,No,No,COMP_NO,No
1175,538862844273,16_09_2024,No,No,No,No,COMP_NO,No
1176,538862844859,16_09_2024,No,No,No,No,COMP_NO,No
1177,538862880397,16_09_2024,No,No,No,No,COMP_NO,No
1178,538862884448,16_09_2024,No,Yes,No,Yes,COMP_ON,Yes
1179,538863030859,16_09_2024,No,Yes,No,No,COMP_NO,No
1180,538863032776,16_09_2024,No,No,No,No,COMP_NO,No
1181,538863038934,16_09_2024,No,No,No,No,COMP_NO,No
1182,538863040355,16_09_2024,No,Yes,No,Yes,COMP_NO,No
1183,538863067811,16_09_2024,No,No,No,No,COMP_NO,No
1184,538863070018,16_09_2024,No,No,No,No,COMP_NO,No
1185,538863074077,16_09_2024,No,No,No,No,COMP_NO,No
1186,538863075874,16_09_2024,No,No,No,No,COMP_NO,No
1187,538863076852,16_09_2024,No,No,No,Yes,COMP_NO,No
1188,538863084255,16_09_2024,No,No,No,No,COMP_NO,No
1189,538863085332,16_09_2024,No,No,No,No,COMP_NO,No
1190,538863128454,16_09_2024,No,No,No,No,COMP_NO,No
1191,538863155764,16_09_2024,No,No,No,No,COMP_NO,No
1192,538863156312,16_09_2024,No,No,No,No,COMP_NO,No
1193,538863220213,16_09_2024,No,No,No,No,COMP_NO,No
1194,538863221032,16_09_2024,No,No,No,No,COMP_NO,No
1195,538863222941,16_09_2024,No,No,No,No,COMP_NO,No
1196,538863225905,16_09_2024,No,No,No,No,COMP_NO,No
1197,538863226447,16_09_2024,No,No,No,No,COMP_NO,No
1198,538863230555,16_09_2024,No,No,No,No,COMP_NO,No
1199,538863234146,16_09_2024,No,Yes,No,Yes,COMP_NO,No
1200,538863245013,16_09_2024,No,Yes,No,Yes,COMP_CH,Yes
1201,538863271720,16_09_2024,No,Yes,No,Yes,COMP_CO,Yes
1202,538863272336,16_09_2024,Yes,Yes,No,No,COMP_SA,Yes
1203,539049344749,18_09_2024,No,No,No,No,COMP_NO,No
1204,539049352175,18_09_2024,No,No,No,No,COMP_NO,No
1205,539049353143,18_09_2024,No,No,No,No,COMP_NO,No
1206,539049358759,18_09_2024,No,No,No,No,COMP_NO,No
1207,539049358882,18_09_2024,No,No,No,No,COMP_NO,No
1208,539049361765,18_09_2024,No,No,No,No,COMP_NO,No
1209,539049367684,18_09_2024,No,No,No,No,COMP_NO,No
1210,539049378491,18_09_2024,No,No,No,No,COMP_NO,No
1211,539049378716,18_09_2024,No,No,No,No,COMP_NO,No
1212,539049378847,18_09_2024,No,Yes,No,No,COMP_NO,No
1213,539049397653,18_09_2024,No,No,No,No,COMP_NO,No
1214,539049401558,18_09_2024,No,No,No,No,COMP_NO,No
1215,539049402318,18_09_2024,No,No,No,No,COMP_NO,No
1216,539049410211,18_09_2024,No,No,No,No,COMP_NO,No
1217,539049427391,18_09_2024,No,No,No,No,COMP_NO,No
1218,539049441358,18_09_2024,No,No,No,No,COMP_NO,No
1219,539049442257,18_09_2024,No,No,No,No,COMP_NO,No
1220,539049454707,18_09_2024,No,No,No,No,COMP_NO,No
1221,539049477725,18_09_2024,No,No,No,No,COMP_NO,No
1222,539049480483,18_09_2024,No,No,No,No,COMP_NO,No
1223,539049487633,18_09_2024,No,No,No,No,COMP_NO,No
1224,539049494933,18_09_2024,No,No,No,No,COMP_NO,No
1225,539049499291,18_09_2024,No,No,No,No,COMP_NO,No
1226,539049501933,18_09_2024,No,No,No,No,COMP_NO,No
1227,539049505192,18_09_2024,No,Yes,No,Yes,COMP_NO,No
1228,539049505291,18_09_2024,Yes,No,No,Yes,COMP_EB,Yes
1229,539049516045,18_09_2024,No,No,No,No,COMP_NO,No
1230,539049520887,18_09_2024,No,No,No,No,COMP_NO,No
1231,539049522133,18_09_2024,No,No,No,No,COMP_NO,No
1232,539049530183,18_09_2024,No,No,No,No,COMP_NO,No
1233,539049530253,18_09_2024,No,Yes,No,Yes,COMP_NO,No
1234,539049539702,18_09_2024,No,Yes,No,Yes,COMP_NO,No
1235,539049547627,18_09_2024,No,Yes,No,No,COMP_CO,Yes
1236,539049558681,18_09_2024,No,No,No,No,COMP_NO,No
1237,539049560844,18_09_2024,No,No,No,No,COMP_NO,No
1238,539049562354,18_09_2024,No,No,No,No,COMP_NO,No
1239,539049566507,18_09_2024,No,No,No,No,COMP_NO,No
1240,539049567959,18_09_2024,No,No,No,No,COMP_NO,No
1241,539049568510,18_09_2024,No,No,No,No,COMP_NO,No
1242,539049577960,18_09_2024,No,No,No,No,COMP_NO,No
1243,539049578917,18_09_2024,No,No,No,No,COMP_NO,No
1244,539049579173,18_09_2024,No,No,No,No,COMP_NO,No
1245,539049579537,18_09_2024,Yes,Yes,No,No,COMP_SM,Yes
1246,539049585915,18_09_2024,No,No,No,No,COMP_NO,No
1247,539049588273,18_09_2024,No,No,No,No,COMP_NO,No
1248,539049592275,18_09_2024,No,No,No,No,COMP_NO,No
1249,539049602039,18_09_2024,No,No,No,No,COMP_NO,No
1250,539049603595,18_09_2024,No,No,No,No,COMP_NO,No
1251,539049603751,18_09_2024,No,No,No,No,COMP_NO,No
1252,539049606538,18_09_2024,No,No,No,No,COMP_NO,No
1253,539049609953,18_09_2024,No,No,No,No,COMP_NO,No
1254,539049614218,18_09_2024,No,No,No,No,COMP_NO,No
1255,539049619255,18_09_2024,No,Yes,No,No,COMP_NO,No
1256,539049620032,18_09_2024,No,No,No,No,COMP_NO,No
1257,539049620400,18_09_2024,No,No,No,No,COMP_NO,No
1258,539049621677,18_09_2024,No,No,No,No,COMP_NO,No
1259,539049622468,18_09_2024,No,No,No,No,COMP_NO,No
1260,539049626836,18_09_2024,No,No,No,No,COMP_NO,No
1261,539049630139,18_09_2024,No,No,No,No,COMP_NO,No
1262,539049633070,18_09_2024,No,No,No,No,COMP_NO,No
1263,539049637550,18_09_2024,No,No,No,No,COMP_NO,No
1264,539049637712,18_09_2024,No,No,No,No,COMP_NO,No
1265,539049640846,18_09_2024,No,No,No,No,COMP_NO,No
1266,539049641287,18_09_2024,No,No,No,No,COMP_NO,No
1267,539049641836,18_09_2024,No,No,No,No,COMP_NO,No
1268,539049643731,18_09_2024,No,No,No,No,COMP_NO,No
1269,539049645161,18_09_2024,No,No,No,No,COMP_NO,No
1270,539049646954,18_09_2024,No,No,No,No,COMP_NO,No
1271,539049647693,18_09_2024,No,No,No,No,COMP_NO,No
1272,539049648842,18_09_2024,No,No,No,No,COMP_NO,No
1273,539049650019,18_09_2024,No,No,No,No,COMP_NO,No
1274,539049650375,18_09_2024,No,No,No,No,COMP_NO,No
1275,539049650555,18_09_2024,No,No,No,No,COMP_NO,No
1276,539049651657,18_09_2024,No,No,No,No,COMP_NO,No
1277,539049654026,18_09_2024,No,No,No,No,COMP_NO,No
1278,539049654889,18_09_2024,No,No,No,No,COMP_NO,No
1279,539049659714,18_09_2024,No,No,No,No,COMP_NO,No
1280,539049661130,18_09_2024,No,No,No,No,COMP_NO,No
1281,539049662553,18_09_2024,No,No,No,No,COMP_NO,No
1282,539049666134,18_09_2024,No,Yes,No,No,COMP_CH,Yes
1283,539049669055,18_09_2024,No,No,No,No,COMP_NO,No
1284,539049669412,18_09_2024,No,No,No,No,COMP_NO,No
1285,539049670095,18_09_2024,No,No,No,No,COMP_NO,No
1286,539049677567,18_09_2024,No,No,No,No,COMP_NO,No
1287,539049678582,18_09_2024,No,No,No,No,COMP_NO,No
1288,539049679985,18_09_2024,No,No,No,No,COMP_NO,No
1289,539049685713,18_09_2024,No,No,No,No,COMP_NO,No
1290,539049689303,18_09_2024,No,No,No,No,COMP_NO,No
1291,539049690915,18_09_2024,No,No,No,No,COMP_NO,No
1292,539049693933,18_09_2024,No,No,No,No,COMP_NO,No
1293,539049697569,18_09_2024,No,Yes,No,Yes,COMP_NO,No
1294,539049702816,18_09_2024,No,No,No,No,COMP_NO,No
1295,539049715673,18_09_2024,No,No,No,No,COMP_NO,No
1296,539049718288,18_09_2024,No,No,No,No,COMP_NO,No
1297,539049747965,18_09_2024,No,No,No,No,COMP_NO,No
1298,539049758895,18_09_2024,No,No,No,No,COMP_NO,No
1299,539049769330,18_09_2024,No,No,No,No,COMP_NO,No
1300,539049771710,18_09_2024,No,No,No,No,COMP_NO,No
1301,539049773575,18_09_2024,No,No,No,No,COMP_NO,No
1302,539049779916,18_09_2024,No,Yes,No,Yes,COMP_CO,Yes
1303,539049780326,18_09_2024,No,No,No,No,COMP_NO,No
1304,539049799913,18_09_2024,No,No,No,No,COMP_NO,No
1305,539049805777,18_09_2024,No,No,No,No,COMP_NO,No
1306,539049812987,18_09_2024,No,No,No,No,COMP_NO,No
1307,539049818716,18_09_2024,No,No,No,No,COMP_NO,No
1308,539049822567,18_09_2024,No,Yes,No,Yes,COMP_NO,No
1309,539049835331,18_09_2024,No,Yes,No,Yes,COMP_NO,No
1310,539049836030,18_09_2024,No,No,No,No,COMP_NO,No
1311,539049838372,18_09_2024,No,No,No,No,COMP_NO,No
1312,539049843576,18_09_2024,No,No,No,No,COMP_NO,No
1313,539049854343,18_09_2024,No,No,No,No,COMP_NO,No
1314,539049865529,18_09_2024,No,No,No,No,COMP_NO,No
1315,539049865952,18_09_2024,No,No,No,No,COMP_NO,No
1316,539049877194,18_09_2024,No,No,No,No,COMP_NO,No
1317,539049882232,18_09_2024,No,No,No,No,COMP_NO,No
1318,539049908235,18_09_2024,No,No,No,No,COMP_NO,No
1319,538482940581,09_09_2024,No,No,No,No,COMP_NO,No
1320,538483115600,09_09_2024,No,No,No,No,COMP_NO,No
1321,538483132449,09_09_2024,Yes,No,No,No,COMP_SA,Yes
1322,538483143062,09_09_2024,No,No,No,No,COMP_NO,No
1323,538483177908,09_09_2024,No,No,No,No,COMP_NO,No
1324,538483219597,09_09_2024,No,No,No,No,COMP_NO,No
1325,538483219801,09_09_2024,No,No,No,No,COMP_NO,No
1326,538483231459,09_09_2024,No,No,No,No,COMP_NO,No
1327,538483262372,09_09_2024,No,No,No,No,COMP_NO,No
1328,538483276429,09_09_2024,No,No,No,No,COMP_NO,No
1329,538483360079,09_09_2024,No,No,No,No,COMP_NO,No
1330,538483365025,09_09_2024,No,No,No,No,COMP_NO,No
1331,538483391396,09_09_2024,No,No,No,No,COMP_NO,No
1332,538483408434,09_09_2024,No,No,No,No,COMP_NO,No
1333,538483424489,09_09_2024,No,No,No,No,COMP_NO,No
1334,538483457069,09_09_2024,No,No,No,No,COMP_NO,No
1335,538483457114,09_09_2024,No,No,No,No,COMP_NO,No
1336,538483476232,09_09_2024,No,No,No,No,COMP_NO,No
1337,538483476254,09_09_2024,No,Yes,No,Yes,COMP_NO,No
1338,538483497552,09_09_2024,No,No,No,No,COMP_NO,No
1339,538483498623,09_09_2024,No,No,No,No,COMP_NO,No
1340,538483513621,09_09_2024,No,No,No,No,COMP_NO,No
1341,538483594301,09_09_2024,No,No,No,No,COMP_NO,No
1342,538483614828,09_09_2024,No,No,No,No,COMP_NO,No
1343,538483615371,09_09_2024,No,No,No,No,COMP_NO,No
1344,538483627887,09_09_2024,No,No,No,No,COMP_NO,No
1345,538483629843,09_09_2024,No,No,No,No,COMP_NO,No
1346,538483649805,09_09_2024,No,No,No,No,COMP_NO,No
1347,538483843958,10_09_2024,No,No,No,No,COMP_NO,No
1348,538483844094,10_09_2024,No,No,No,No,COMP_NO,No
1349,538483897261,10_09_2024,No,No,No,No,COMP_NO,No
1350,538483898307,10_09_2024,No,No,No,No,COMP_NO,No
1351,538483908329,10_09_2024,No,No,No,No,COMP_NO,No
1352,538483920489,10_09_2024,No,No,No,No,COMP_NO,No
1353,538483955357,10_09_2024,No,No,No,No,COMP_NO,No
1354,538483970494,10_09_2024,No,No,No,No,COMP_NO,No
1355,538483970777,10_09_2024,No,No,No,No,COMP_NO,No
1356,538483981001,10_09_2024,No,No,No,No,COMP_NO,No
1357,538483996696,10_09_2024,No,No,No,No,COMP_NO,No
1358,538484002709,10_09_2024,No,No,No,No,COMP_NO,No
1359,538484025561,10_09_2024,No,No,No,No,COMP_NO,No
1360,538484186342,10_09_2024,No,No,No,No,COMP_NO,No
1361,538484211342,10_09_2024,No,No,No,No,COMP_NO,No
1362,538484213127,10_09_2024,No,No,No,No,COMP_NO,No
1363,538484229394,10_09_2024,No,No,No,No,COMP_NO,No
1364,538484291244,10_09_2024,No,No,No,No,COMP_NO,No
1365,538484304883,10_09_2024,No,No,No,No,COMP_NO,No
1366,538484354060,10_09_2024,No,No,No,No,COMP_NO,No
1367,538484354119,10_09_2024,No,No,No,No,COMP_NO,No
1368,538484364742,10_09_2024,Yes,No,No,No,COMP_NO,Yes
1369,538484396452,10_09_2024,No,No,No,No,COMP_NO,No
1370,538484396805,10_09_2024,No,No,No,No,COMP_NO,No
1371,538484447325,10_09_2024,No,No,No,No,COMP_NO,No
1372,538484464603,10_09_2024,No,No,No,No,COMP_NO,No
1373,538681716795,11_09_2024,No,No,No,No,COMP_NO,No
1374,538681731605,11_09_2024,No,No,No,No,COMP_NO,No
1375,538681793930,11_09_2024,No,No,No,No,COMP_NO,No
1376,538681807743,11_09_2024,Yes,No,No,No,COMP_NO,Yes
1377,538681812118,11_09_2024,No,No,No,No,COMP_NO,No
1378,538681821915,11_09_2024,No,No,No,No,COMP_NO,No
1379,538681829067,11_09_2024,No,No,No,No,COMP_NO,No
1380,538681842320,11_09_2024,No,No,No,No,COMP_NO,No
1381,538681855132,11_09_2024,No,No,No,No,COMP_NO,No
1382,538681855399,11_09_2024,No,No,No,No,COMP_NO,No
1383,538681920007,11_09_2024,No,No,No,No,COMP_NO,No
1384,538682513876,12_09_2024,No,No,No,No,COMP_NO,No
1385,539049379522,18_09_2024,No,No,No,No,COMP_NO,No
1386,539049405719,18_09_2024,No,No,No,No,COMP_NO,No
1387,539049442274,18_09_2024,No,Yes,No,No,COMP_CO,Yes
1388,539049452050,18_09_2024,No,Yes,No,No,COMP_CH,Yes
1389,539049456694,18_09_2024,No,No,No,No,COMP_NO,No
1390,539049463180,18_09_2024,No,No,No,No,COMP_NO,No
1391,539049467440,18_09_2024,Yes,Yes,No,Yes,COMP_CH,Yes
1392,539049471180,18_09_2024,No,No,No,No,COMP_NO,No
1393,539049474099,18_09_2024,No,No,No,No,COMP_NO,No
1394,539049489084,18_09_2024,No,Yes,No,Yes,COMP_NO,No
1395,539049490744,18_09_2024,No,No,No,No,COMP_NO,No
1396,539049492019,18_09_2024,No,No,No,No,COMP_NO,No
1397,539049493021,18_09_2024,No,No,No,No,COMP_NO,No
1398,539049494256,18_09_2024,No,No,No,No,COMP_NO,No
1399,539049497088,18_09_2024,No,No,No,No,COMP_NO,No
1400,539049501335,18_09_2024,No,Yes,No,Yes,COMP_NO,Yes
1401,539049505850,18_09_2024,No,Yes,No,Yes,COMP_NO,No
1402,539049531670,18_09_2024,No,No,No,No,COMP_NO,Yes
1403,539049539256,18_09_2024,No,No,No,No,COMP_NO,No
1404,539049549798,18_09_2024,No,No,No,No,COMP_NO,No
1405,539049655223,18_09_2024,No,Yes,No,Yes,COMP_NO,No
1406,539049656511,18_09_2024,No,No,No,No,COMP_NO,No
1407,539049657430,18_09_2024,No,No,No,No,COMP_NO,No
1408,539049686294,18_09_2024,No,No,No,No,COMP_NO,No
1409,539049696103,18_09_2024,No,No,No,No,COMP_NO,No
1410,539049722730,18_09_2024,No,No,No,No,COMP_NO,No
1411,539049724304,18_09_2024,No,Yes,No,Yes,COMP_NO,No
1412,539049729349,18_09_2024,No,No,No,No,COMP_NO,No
1413,539049735406,18_09_2024,Yes,Yes,No,Yes,COMP_CH,Yes
1414,539049736188,18_09_2024,No,No,No,No,COMP_NO,No
1415,539049740674,18_09_2024,No,No,No,No,COMP_NO,No
1416,539049743556,18_09_2024,No,No,No,No,COMP_NO,No
1417,539049768300,18_09_2024,No,No,No,No,COMP_NO,No
1418,539049783483,18_09_2024,No,No,No,Yes,COMP_NO,No
1419,539049796804,18_09_2024,No,No,No,No,COMP_NO,No
1420,539049800337,18_09_2024,No,No,No,No,COMP_NO,No
1421,539049800430,18_09_2024,No,No,No,No,COMP_NO,No
1422,539049806308,18_09_2024,No,No,No,No,COMP_NO,No
1423,539049818796,18_09_2024,No,No,No,No,COMP_NO,No
1424,539049820257,18_09_2024,No,No,No,No,COMP_NO,No
1425,539049821464,18_09_2024,No,No,No,No,COMP_NO,No
1426,539049824100,18_09_2024,Yes,No,No,No,COMP_NO,Yes
1427,539049829648,18_09_2024,No,No,No,No,COMP_NO,No
1428,539049830921,18_09_2024,No,Yes,No,Yes,COMP_NO,No
1429,539049852600,18_09_2024,No,No,No,No,COMP_NO,No
1430,539049866250,18_09_2024,No,No,No,No,COMP_NO,No
1431,539049869270,18_09_2024,No,No,No,No,COMP_NO,No
1432,539049877328,18_09_2024,No,Yes,No,Yes,COMP_NO,No
1433,539049877656,18_09_2024,No,Yes,No,No,COMP_CH,Yes
1434,539049888692,18_09_2024,No,No,No,No,COMP_NO,No
1435,539049895189,18_09_2024,No,No,No,No,COMP_NO,No
1436,539049896122,18_09_2024,No,No,No,No,COMP_NO,No
1437,539049898323,18_09_2024,No,No,No,No,COMP_NO,No
1438,539049909054,18_09_2024,No,No,No,No,COMP_NO,No
1439,539049916337,18_09_2024,No,No,No,No,COMP_NO,No
1440,539049917207,18_09_2024,No,No,No,No,COMP_NO,No
1441,539049919994,18_09_2024,No,No,No,No,COMP_NO,No
1442,539049920546,18_09_2024,No,No,No,No,COMP_NO,No
1443,539049928914,18_09_2024,No,No,No,No,COMP_NO,No
1444,539049930801,18_09_2024,No,No,No,No,COMP_NO,No
1445,539049939267,18_09_2024,No,No,No,No,COMP_NO,No
1446,539049941443,18_09_2024,No,Yes,No,No,COMP_NO,No
1447,539049942960,18_09_2024,No,No,No,No,COMP_NO,No
1448,539049943989,18_09_2024,No,No,No,No,COMP_NO,No
1449,539049946413,18_09_2024,No,No,No,No,COMP_NO,No
1450,539049947640,18_09_2024,No,No,No,No,COMP_NO,No
1451,539049948360,18_09_2024,No,Yes,No,Yes,COMP_NO,No
1452,539049951378,18_09_2024,No,No,No,No,COMP_NO,No
1453,539049955822,18_09_2024,No,No,No,No,COMP_NO,No
1454,539049958165,18_09_2024,No,No,No,No,COMP_NO,No
1455,539049958375,18_09_2024,No,No,No,No,COMP_NO,No
1456,539049961311,18_09_2024,No,No,No,No,COMP_NO,No
1457,539049961873,18_09_2024,No,No,No,No,COMP_NO,No
1458,539049971712,18_09_2024,No,Yes,No,Yes,COMP_NO,No
1459,539049973802,18_09_2024,No,No,No,No,COMP_NO,No
1460,539049982429,18_09_2024,No,No,No,No,COMP_NO,No
1461,539049984970,18_09_2024,No,No,No,No,COMP_NO,No
1462,539049987907,18_09_2024,No,No,No,No,COMP_NO,No
1463,539050169822,19_09_2024,No,No,No,No,COMP_NO,No
1464,539050184979,19_09_2024,No,No,No,No,COMP_NO,No
1465,539050186009,19_09_2024,No,No,No,No,COMP_NO,No
1466,539050201375,19_09_2024,Yes,Yes,No,No,COMP_SA,Yes
1467,539050215905,19_09_2024,No,No,No,No,COMP_NO,No
1468,539050217231,19_09_2024,No,No,No,No,COMP_NO,No
1469,539050217755,19_09_2024,No,No,No,Yes,COMP_NO,No
1470,539050221631,19_09_2024,Yes,No,No,No,COMP_SA,Yes
1471,539050222605,19_09_2024,No,No,No,No,COMP_NO,No
1472,539050226557,19_09_2024,No,No,No,No,COMP_NO,No
1473,539050230272,19_09_2024,No,No,No,Yes,COMP_NO,No
1474,539050232947,19_09_2024,No,No,No,No,COMP_NO,No
1475,539050233216,19_09_2024,No,No,No,No,COMP_NO,No
1476,539050237305,19_09_2024,No,Yes,No,Yes,COMP_NO,No
1477,539050240123,19_09_2024,No,No,No,No,COMP_NO,No
1478,539050240352,19_09_2024,No,No,No,No,COMP_NO,No
1479,539050242380,19_09_2024,No,No,No,No,COMP_NO,No
1480,539050254614,19_09_2024,No,No,No,No,COMP_NO,No
1481,539050259639,19_09_2024,No,No,No,No,COMP_NO,No
1482,539050262221,19_09_2024,No,No,No,No,COMP_NO,No
1483,539050265906,19_09_2024,No,No,No,No,COMP_NO,No
1484,539050266402,19_09_2024,No,No,No,No,COMP_NO,No
1485,539050267091,19_09_2024,No,Yes,No,No,COMP_CH,Yes
1486,539050268949,19_09_2024,No,No,No,No,COMP_NO,No
1487,539050270830,19_09_2024,No,No,No,No,COMP_NO,No
1488,539050279819,19_09_2024,No,No,No,No,COMP_NO,No
1489,539050280898,19_09_2024,No,No,No,No,COMP_NO,No
1490,539050285438,19_09_2024,No,No,No,No,COMP_NO,No
1491,539050286515,19_09_2024,No,Yes,No,Yes,COMP_NO,Yes
1492,539050286920,19_09_2024,No,No,No,No,COMP_NO,No
1493,539050294334,19_09_2024,No,No,No,No,COMP_NO,No
1494,539050300035,19_09_2024,No,No,No,No,COMP_NO,No
1495,539050301890,19_09_2024,No,No,No,No,COMP_NO,No
1496,539050311202,19_09_2024,No,No,No,No,COMP_NO,No
1497,539050311866,19_09_2024,No,No,No,No,COMP_NO,No
1498,539050311914,19_09_2024,No,No,No,No,COMP_NO,No
1499,539050320994,19_09_2024,No,No,No,No,COMP_NO,No
1500,539050326570,19_09_2024,Yes,Yes,Yes,Yes,COMP_CO,Yes
1501,539050330359,19_09_2024,No,No,No,No,COMP_NO,No
1502,539050333677,19_09_2024,No,No,No,No,COMP_NO,No
1503,539050337347,19_09_2024,No,No,No,No,COMP_NO,No
1504,539050347473,19_09_2024,No,No,No,No,COMP_NO,No
1505,539050347519,19_09_2024,No,No,No,No,COMP_NO,No
1506,539050347541,19_09_2024,No,No,No,No,COMP_NO,No
1507,539050348789,19_09_2024,No,No,No,No,COMP_NO,No
1508,539050349144,19_09_2024,No,No,No,No,COMP_NO,No
1509,539050353825,19_09_2024,No,No,No,No,COMP_NO,No
1510,539050354044,19_09_2024,No,No,No,No,COMP_NO,No
1511,539050354716,19_09_2024,No,No,No,No,COMP_NO,No
1512,539050356358,19_09_2024,No,No,No,No,COMP_NO,No
1513,539050358339,19_09_2024,No,Yes,No,Yes,COMP_CI,Yes
1514,539050361326,19_09_2024,No,No,No,No,COMP_NO,No
1515,539050368316,19_09_2024,Yes,Yes,No,Yes,COMP_PA,Yes
1516,539050386747,19_09_2024,No,No,No,No,COMP_NO,No
1517,539050390575,19_09_2024,No,No,No,No,COMP_NO,No
1518,539050393831,19_09_2024,No,No,No,No,COMP_NO,No
1519,539050398002,19_09_2024,No,No,No,No,COMP_NO,No
1520,539050402186,19_09_2024,No,No,No,No,COMP_NO,No
1521,539050403280,19_09_2024,No,No,No,No,COMP_NO,No
1522,539050403507,19_09_2024,No,No,No,No,COMP_NO,No
1523,539050403540,19_09_2024,No,No,No,No,COMP_NO,No
1524,539050407042,19_09_2024,No,No,No,No,COMP_NO,No
1525,539050410116,19_09_2024,No,No,No,No,COMP_NO,No
1526,539050410574,19_09_2024,No,No,No,No,COMP_NO,No
1527,539050427038,19_09_2024,No,Yes,No,Yes,COMP_NO,No
1528,539050436196,19_09_2024,No,No,No,No,COMP_NO,No
1529,539050437600,19_09_2024,No,No,No,No,COMP_NO,No
1530,539050439297,19_09_2024,No,No,No,No,COMP_NO,No
1531,539050459006,19_09_2024,No,No,No,No,COMP_NO,No
1532,539050474510,19_09_2024,No,No,No,No,COMP_NO,No
1533,539050481776,19_09_2024,No,No,No,No,COMP_NO,No
1534,539050486463,19_09_2024,No,No,No,No,COMP_NO,No
1535,539050492470,19_09_2024,No,No,No,No,COMP_NO,No
1536,539050496242,19_09_2024,No,No,No,No,COMP_NO,No
1537,539050520815,19_09_2024,No,No,No,No,COMP_NO,No
1538,539050536448,19_09_2024,Yes,No,No,No,COMP_SA,Yes
1539,539235584352,19_09_2024,No,No,No,No,COMP_NO,No
1540,538482942634,09_09_2024,No,No,No,No,COMP_NO,No
1541,538482952824,09_09_2024,No,No,No,No,COMP_NO,No
1542,538482958421,09_09_2024,No,No,No,No,COMP_NO,No
1543,538482960122,09_09_2024,No,No,No,No,COMP_NO,No
1544,538483045432,09_09_2024,No,No,No,No,COMP_NO,No
1545,538483049371,09_09_2024,No,No,No,No,COMP_NO,No
1546,538483084698,09_09_2024,No,No,No,No,COMP_NO,No
1547,538483085840,09_09_2024,No,No,No,No,COMP_NO,No
1548,538483086238,09_09_2024,No,No,No,No,COMP_NO,No
1549,538483091264,09_09_2024,No,No,No,No,COMP_NO,No
1550,538483107307,09_09_2024,No,No,No,No,COMP_NO,No
1551,538483112182,09_09_2024,No,No,No,No,COMP_NO,No
1552,538483112581,09_09_2024,No,No,No,No,COMP_NO,No
1553,538483118239,09_09_2024,No,No,No,No,COMP_NO,No
1554,538483120741,09_09_2024,No,No,No,No,COMP_NO,No
1555,538483133368,09_09_2024,No,No,No,No,COMP_NO,No
1556,538483133675,09_09_2024,No,No,No,No,COMP_NO,No
1557,538483141996,09_09_2024,No,No,No,No,COMP_NO,No
1558,538483143756,09_09_2024,No,Yes,No,Yes,COMP_CH,Yes
1559,538483161823,09_09_2024,No,No,No,No,COMP_NO,No
1560,538483164617,09_09_2024,No,No,No,No,COMP_NO,No
1561,538483179910,09_09_2024,No,No,No,No,COMP_NO,No
1562,538483212743,09_09_2024,No,No,No,No,COMP_NO,No
1563,538483213187,09_09_2024,No,No,No,No,COMP_NO,No
1564,538483221069,09_09_2024,No,No,No,No,COMP_NO,No
1565,538483234294,09_09_2024,No,No,No,No,COMP_NO,No
1566,538483263246,09_09_2024,No,No,No,No,COMP_NO,No
1567,538483265613,09_09_2024,No,No,No,No,COMP_NO,No
1568,538483266090,09_09_2024,No,No,No,No,COMP_NO,No
1569,538483269266,09_09_2024,No,No,No,No,COMP_NO,No
1570,538483282581,09_09_2024,No,No,No,No,COMP_NO,No
1571,538483282679,09_09_2024,No,No,No,No,COMP_NO,No
1572,538483328687,09_09_2024,No,No,No,No,COMP_NO,No
1573,538483335581,09_09_2024,No,No,No,No,COMP_NO,No
1574,538483379893,09_09_2024,No,Yes,No,Yes,COMP_CH,Yes
1575,538483391816,09_09_2024,No,Yes,No,Yes,COMP_NO,No
1576,538483393019,09_09_2024,No,No,No,No,COMP_NO,No
1577,538483414539,09_09_2024,No,Yes,No,No,COMP_NO,No
1578,538483424867,09_09_2024,No,Yes,No,Yes,COMP_NO,No
1579,538483432478,09_09_2024,Yes,Yes,No,No,COMP_PR,Yes
1580,538483436320,09_09_2024,No,No,No,No,COMP_NO,No
1581,538483459640,09_09_2024,No,No,No,No,COMP_NO,No
1582,538483501520,09_09_2024,No,No,No,No,COMP_NO,No
1583,538483513096,09_09_2024,No,No,No,No,COMP_NO,No
1584,538483515450,09_09_2024,No,No,No,No,COMP_NO,No
1585,538483521951,09_09_2024,No,No,No,No,COMP_NO,No
1586,538483532959,09_09_2024,No,Yes,No,Yes,COMP_NO,No
1587,538483547914,09_09_2024,No,Yes,No,Yes,COMP_NO,No
1588,538483564524,09_09_2024,No,No,No,No,COMP_NO,No
1589,538483567413,09_09_2024,No,No,No,No,COMP_NO,No
1590,538483573872,09_09_2024,No,No,No,No,COMP_NO,No
1591,538483576590,09_09_2024,No,No,No,No,COMP_NO,No
1592,538483577556,09_09_2024,No,No,No,No,COMP_NO,No
1593,538483585999,09_09_2024,No,No,No,No,COMP_NO,No
1594,538483597108,09_09_2024,No,No,No,No,COMP_NO,No
1595,538483597455,09_09_2024,No,No,No,No,COMP_NO,No
1596,538483597930,09_09_2024,No,No,No,No,COMP_NO,No
1597,538483598515,09_09_2024,No,No,No,No,COMP_NO,No
1598,538483599246,09_09_2024,No,No,No,No,COMP_NO,No
1599,538483601497,09_09_2024,No,Yes,No,Yes,COMP_NO,No
1600,538483602490,09_09_2024,No,No,No,No,COMP_NO,No
1601,538483615776,09_09_2024,No,No,No,No,COMP_NO,No
1602,538483617126,09_09_2024,No,No,No,No,COMP_NO,No
1603,538483620597,09_09_2024,No,No,No,No,COMP_NO,No
1604,538483621833,09_09_2024,No,No,No,No,COMP_NO,No
1605,538483623263,09_09_2024,No,No,No,No,COMP_NO,No
1606,538483629989,09_09_2024,No,No,No,No,COMP_NO,No
1607,538483630361,09_09_2024,No,No,No,No,COMP_NO,No
1608,538483632804,09_09_2024,No,No,No,No,COMP_NO,No
1609,538483650631,09_09_2024,No,No,No,No,COMP_NO,No
1610,538483846381,10_09_2024,No,No,No,No,COMP_NO,No
1611,538483851038,10_09_2024,No,No,No,No,COMP_NO,No
1612,538483859404,10_09_2024,No,No,No,No,COMP_NO,No
1613,538483862747,10_09_2024,No,No,No,No,COMP_NO,No
1614,538483864312,10_09_2024,Yes,No,No,No,COMP_SA,Yes
1615,538483901801,10_09_2024,No,No,No,No,COMP_NO,No
1616,538483916005,10_09_2024,No,No,No,No,COMP_NO,No
1617,538483924282,10_09_2024,No,No,No,No,COMP_NO,No
1618,538483925631,10_09_2024,No,No,No,No,COMP_NO,No
1619,538483926617,10_09_2024,No,No,No,No,COMP_NO,No
1620,538483931263,10_09_2024,No,No,No,No,COMP_NO,No
1621,538483932772,10_09_2024,No,No,No,No,COMP_NO,No
1622,538483936887,10_09_2024,No,No,No,No,COMP_NO,No
1623,538483957526,10_09_2024,No,No,No,No,COMP_NO,No
1624,538483960323,10_09_2024,No,No,No,No,COMP_NO,No
1625,538483975516,10_09_2024,No,No,No,No,COMP_NO,No
1626,538483977993,10_09_2024,No,No,No,No,COMP_NO,No
1627,538483985518,10_09_2024,No,No,No,No,COMP_NO,No
1628,538484004377,10_09_2024,No,No,No,No,COMP_NO,No
1629,538484010322,10_09_2024,No,No,No,No,COMP_NO,No
1630,538484159859,10_09_2024,No,No,No,No,COMP_NO,No
1631,538484198479,10_09_2024,No,No,No,No,COMP_NO,No
1632,538484221053,10_09_2024,No,No,No,No,COMP_NO,No
1633,538484265182,10_09_2024,No,No,No,No,COMP_NO,No
1634,538484278913,10_09_2024,No,No,No,No,COMP_NO,No
1635,538484279014,10_09_2024,No,No,No,No,COMP_NO,No
1636,538484281752,10_09_2024,No,No,No,No,COMP_NO,No
1637,538484292498,10_09_2024,No,No,No,No,COMP_NO,No
1638,538484309938,10_09_2024,No,No,No,No,COMP_NO,No
1639,538484310757,10_09_2024,No,No,No,No,COMP_NO,No
1640,538484311589,10_09_2024,No,No,No,No,COMP_NO,No
1641,538484318458,10_09_2024,No,No,No,No,COMP_NO,No
1642,538484333515,10_09_2024,No,No,No,No,COMP_NO,No
1643,538484333972,10_09_2024,No,No,No,No,COMP_NO,No
1644,538484335017,10_09_2024,No,No,No,No,COMP_NO,No
1645,538484336786,10_09_2024,No,No,No,No,COMP_NO,No
1646,538484356887,10_09_2024,No,No,No,No,COMP_NO,No
1647,538484366036,10_09_2024,No,No,No,No,COMP_NO,No
1648,538484369069,10_09_2024,No,No,No,No,COMP_NO,No
1649,538484375796,10_09_2024,No,No,No,No,COMP_NO,No
1650,538484376708,10_09_2024,No,No,No,No,COMP_NO,No
1651,538484380110,10_09_2024,No,No,No,No,COMP_NO,No
1652,538484381474,10_09_2024,No,No,No,No,COMP_NO,No
1653,538484401314,10_09_2024,No,No,No,No,COMP_NO,No
1654,538484457542,10_09_2024,No,No,No,No,COMP_NO,No
1655,538484460382,10_09_2024,No,No,No,No,COMP_NO,No
1656,538484462246,10_09_2024,No,No,No,No,COMP_NO,No
1657,538484464427,10_09_2024,No,No,No,No,COMP_NO,No
1658,538484464632,10_09_2024,No,No,No,No,COMP_NO,No
1659,538681691551,11_09_2024,No,No,No,No,COMP_NO,No
1660,538681693790,11_09_2024,No,No,No,No,COMP_NO,No
1661,538681732307,11_09_2024,No,Yes,No,Yes,COMP_NO,No
1662,538681732777,11_09_2024,No,No,No,No,COMP_NO,No
1663,538681733442,11_09_2024,No,No,No,No,COMP_NO,No
1664,538681797414,11_09_2024,No,No,No,No,COMP_NO,No
1665,538681799686,11_09_2024,No,No,No,No,COMP_NO,No
1666,538681800243,11_09_2024,No,No,No,No,COMP_NO,No
1667,538681813532,11_09_2024,No,No,No,No,COMP_NO,No
1668,538681816368,11_09_2024,No,No,No,No,COMP_NO,No
1669,538681817805,11_09_2024,No,No,No,No,COMP_NO,No
1670,538681823595,11_09_2024,No,No,No,No,COMP_NO,No
1671,538681824579,11_09_2024,No,Yes,No,Yes,COMP_NO,No
1672,538681827434,11_09_2024,No,No,No,No,COMP_NO,No
1673,538681829193,11_09_2024,No,No,No,No,COMP_NO,No
1674,538681842790,11_09_2024,No,No,No,No,COMP_NO,No
1675,538681843100,11_09_2024,No,No,No,No,COMP_NO,No
1676,538681856662,11_09_2024,No,No,No,No,COMP_NO,No
1677,538681857466,11_09_2024,No,Yes,No,Yes,COMP_NO,Yes
1678,538681888726,11_09_2024,No,No,No,No,COMP_NO,No
1679,538681890320,11_09_2024,No,No,No,No,COMP_NO,No
1680,538681922038,11_09_2024,No,No,No,No,COMP_NO,No
1681,538681927052,11_09_2024,No,No,No,No,COMP_NO,No
1682,538681965271,11_09_2024,Yes,Yes,No,Yes,COMP_NO,Yes
1683,538682602407,12_09_2024,No,Yes,No,Yes,COMP_CH,Yes
1684,538862991135,16_09_2024,No,No,No,No,COMP_NO,No
1685,539049841436,18_09_2024,No,No,No,No,COMP_NO,No
1686,539050240442,19_09_2024,No,No,No,No,COMP_NO,No
1687,539050272265,19_09_2024,No,Yes,No,No,COMP_AV,Yes
1688,539050276264,19_09_2024,No,No,No,No,COMP_NO,No
1689,539050311938,19_09_2024,No,No,No,No,COMP_NO,No
1690,539050312479,19_09_2024,No,No,No,No,COMP_NO,No
1691,539050322126,19_09_2024,No,No,No,No,COMP_NO,No
1692,539050325695,19_09_2024,No,No,No,No,COMP_NO,No
1693,539050356569,19_09_2024,No,No,No,No,COMP_NO,No
1694,539050356684,19_09_2024,No,No,No,No,COMP_NO,No
1695,539050402336,19_09_2024,No,No,No,No,COMP_NO,No
1696,539050404983,19_09_2024,No,No,No,No,COMP_NO,No
1697,539050407627,19_09_2024,No,Yes,No,No,COMP_NO,No
1698,539050407821,19_09_2024,No,No,No,No,COMP_NO,No
1699,539050412721,19_09_2024,No,No,No,No,COMP_NO,No
1700,539050417850,19_09_2024,No,Yes,No,Yes,COMP_NO,Yes
1701,539050429903,19_09_2024,No,No,No,No,COMP_NO,No
1702,539050432796,19_09_2024,No,No,No,No,COMP_NO,No
1703,539050441951,19_09_2024,No,No,No,No,COMP_NO,No
1704,539050452290,19_09_2024,No,Yes,No,Yes,COMP_NO,No
1705,539050467247,19_09_2024,No,No,No,No,COMP_NO,No
1706,539050470613,19_09_2024,No,No,No,No,COMP_NO,No
1707,539050478558,19_09_2024,No,No,No,No,COMP_NO,No
1708,539050480553,19_09_2024,No,No,No,No,COMP_NO,No
1709,539050482197,19_09_2024,No,No,No,No,COMP_NO,No
1710,539050495886,19_09_2024,No,No,No,No,COMP_NO,No
1711,539050505288,19_09_2024,No,No,No,No,COMP_NO,No
1712,539050506398,19_09_2024,No,No,No,No,COMP_NO,No
1713,539050511603,19_09_2024,No,Yes,No,Yes,COMP_NO,No
1714,539050514908,19_09_2024,No,No,No,No,COMP_NO,No
1715,539050520832,19_09_2024,No,No,No,No,COMP_NO,No
1716,539050534045,19_09_2024,No,No,No,No,COMP_NO,No
1717,539050539054,19_09_2024,No,No,No,No,COMP_NO,Yes
1718,539050541441,19_09_2024,No,No,No,No,COMP_NO,No
1719,539235547091,19_09_2024,No,No,No,No,COMP_NO,No
1720,539235552538,19_09_2024,No,Yes,No,Yes,COMP_NO,No
1721,539235563131,19_09_2024,No,No,No,No,COMP_NO,No
1722,539235572027,19_09_2024,No,No,No,No,COMP_NO,No
1723,539235585669,19_09_2024,No,No,No,No,COMP_NO,No
1724,539235587883,19_09_2024,No,No,No,No,COMP_NO,No
1725,539235588082,19_09_2024,No,No,No,No,COMP_NO,No
1726,539235590187,19_09_2024,No,No,No,No,COMP_NO,No
1727,539235596058,19_09_2024,No,No,No,No,COMP_NO,No
1728,539235607985,19_09_2024,No,No,No,No,COMP_NO,No
1729,539235613462,19_09_2024,No,No,No,No,COMP_NO,No
1730,539235626049,19_09_2024,No,No,No,No,COMP_NO,No
1731,539235626868,19_09_2024,No,No,No,No,COMP_NO,No
1732,539235629870,19_09_2024,No,No,No,No,COMP_NO,No
1733,539235637464,19_09_2024,No,No,No,No,COMP_NO,No
1734,539235640577,19_09_2024,No,No,No,No,COMP_NO,No
1735,539235643145,19_09_2024,No,No,No,No,COMP_NO,No
1736,539235645877,19_09_2024,No,No,No,No,COMP_NO,No
1737,539235648054,19_09_2024,No,No,No,No,COMP_NO,No
1738,539235650346,19_09_2024,No,No,No,No,COMP_NO,No
1739,539235652628,19_09_2024,No,No,No,No,COMP_NO,No
1740,539235656666,19_09_2024,No,No,No,No,COMP_NO,No
1741,539235664439,19_09_2024,No,Yes,No,Yes,COMP_NO,No
1742,539235669337,19_09_2024,No,No,No,No,COMP_NO,No
1743,539235685140,19_09_2024,No,No,No,No,COMP_NO,Yes
1744,539235686893,19_09_2024,No,No,No,No,COMP_NO,No
1745,539235687501,19_09_2024,No,No,No,No,COMP_NO,No
1746,539235689160,19_09_2024,No,No,No,No,COMP_NO,No
1747,539235721822,19_09_2024,No,No,No,No,COMP_NO,No
1748,539235734080,19_09_2024,Yes,No,No,No,COMP_SA,Yes
1749,539235745118,19_09_2024,No,No,No,No,COMP_NO,No
1750,539235747321,19_09_2024,No,No,No,No,COMP_NO,No
1751,539235748170,19_09_2024,No,No,No,No,COMP_NO,No
1752,539235751211,19_09_2024,No,No,No,No,COMP_NO,Yes
1753,539235753709,19_09_2024,No,No,No,No,COMP_NO,No
1754,539235753946,19_09_2024,No,No,No,No,COMP_NO,No
1755,539235943061,20_09_2024,No,No,No,No,COMP_NO,No
1756,538482967829,09_09_2024,No,No,No,No,COMP_NO,No
1757,538483051938,09_09_2024,No,No,No,No,COMP_NO,No
1758,538483067761,09_09_2024,No,No,No,No,COMP_NO,No
1759,538483067853,09_09_2024,No,No,No,No,COMP_NO,No
1760,538483068683,09_09_2024,No,No,No,No,COMP_NO,No
1761,538483094556,09_09_2024,No,No,No,No,COMP_NO,No
1762,538483098665,09_09_2024,No,No,No,No,COMP_NO,No
1763,538483102642,09_09_2024,No,No,No,No,COMP_NO,No
1764,538483103446,09_09_2024,No,No,No,No,COMP_NO,No
1765,538483103896,09_09_2024,No,No,No,No,COMP_NO,No
1766,538483120998,09_09_2024,No,No,No,No,COMP_NO,No
1767,538483122030,09_09_2024,No,No,No,No,COMP_NO,No
1768,538483123762,09_09_2024,No,No,No,No,COMP_NO,No
1769,538483146381,09_09_2024,No,No,No,No,COMP_NO,No
1770,538483146986,09_09_2024,No,No,No,No,COMP_NO,No
1771,538483150208,09_09_2024,Yes,No,No,No,COMP_SA,Yes
1772,538483165434,09_09_2024,No,No,No,No,COMP_NO,No
1773,538483168636,09_09_2024,No,No,No,No,COMP_NO,No
1774,538483170652,09_09_2024,No,No,No,No,COMP_NO,No
1775,538483182000,09_09_2024,No,No,No,No,COMP_NO,No
1776,538483186893,09_09_2024,No,No,No,No,COMP_NO,No
1777,538483189730,09_09_2024,No,Yes,No,Yes,COMP_CH,Yes
1778,538483225643,09_09_2024,No,Yes,No,No,COMP_VE,Yes
1779,538483226447,09_09_2024,No,No,No,No,COMP_NO,No
1780,538483227690,09_09_2024,No,No,No,No,COMP_NO,No
1781,538483243904,09_09_2024,No,No,No,No,COMP_NO,No
1782,538483254901,09_09_2024,No,No,No,No,COMP_NO,No
1783,538483258859,09_09_2024,No,No,No,No,COMP_NO,No
1784,538483271502,09_09_2024,No,Yes,No,No,COMP_NO,No
1785,538483282872,09_09_2024,No,No,No,No,COMP_NO,No
1786,538483310449,09_09_2024,No,No,No,No,COMP_NO,No
1787,538483347570,09_09_2024,No,No,No,No,COMP_NO,No
1788,538483347695,09_09_2024,No,No,No,No,COMP_NO,No
1789,538483348229,09_09_2024,Yes,No,No,No,COMP_NO,Yes
1790,538483358784,09_09_2024,No,No,No,No,COMP_NO,No
1791,538483380625,09_09_2024,No,Yes,No,No,COMP_CH,Yes
1792,538483421122,09_09_2024,No,No,No,No,COMP_NO,No
1793,538483428413,09_09_2024,No,No,No,No,COMP_NO,No
1794,538483447655,09_09_2024,No,No,No,No,COMP_NO,No
1795,538483460738,09_09_2024,No,No,No,No,COMP_NO,No
1796,538483490690,09_09_2024,No,No,No,Yes,COMP_NO,No
1797,538483491076,09_09_2024,No,No,No,No,COMP_NO,No
1798,538483535704,09_09_2024,No,No,No,No,COMP_NO,No
1799,538483536535,09_09_2024,No,No,No,No,COMP_NO,No
1800,538483549906,09_09_2024,No,No,No,No,COMP_NO,No
1801,538483557618,09_09_2024,No,No,No,No,COMP_NO,No
1802,538483562458,09_09_2024,No,No,No,No,COMP_NO,No
1803,538483569740,09_09_2024,No,No,No,No,COMP_NO,No
1804,538483571247,09_09_2024,No,No,No,Yes,COMP_NO,No
1805,538483571334,09_09_2024,No,No,No,No,COMP_NO,Yes
1806,538483587548,09_09_2024,No,No,No,No,COMP_NO,No
1807,538483603058,09_09_2024,No,No,No,No,COMP_NO,No
1808,538483623669,09_09_2024,No,No,No,No,COMP_NO,No
1809,538483659138,09_09_2024,No,No,No,No,COMP_NO,No
1810,538483680683,09_09_2024,No,No,No,No,COMP_NO,No
1811,538483687937,09_09_2024,No,No,No,No,COMP_NO,No
1812,538483689230,09_09_2024,No,Yes,No,Yes,COMP_NO,Yes
1813,538483812526,10_09_2024,No,No,No,No,COMP_NO,No
1814,538483816755,10_09_2024,No,No,No,No,COMP_NO,No
1815,538483835975,10_09_2024,No,No,No,No,COMP_NO,No
1816,538483865461,10_09_2024,No,No,No,No,COMP_NO,No
1817,538483875591,10_09_2024,No,No,No,No,COMP_NO,No
1818,538483903465,10_09_2024,Yes,Yes,No,Yes,COMP_CO,Yes
1819,538483935758,10_09_2024,No,No,No,No,COMP_NO,No
1820,538483936655,10_09_2024,No,Yes,No,Yes,COMP_NO,No
1821,538483979040,10_09_2024,No,No,No,No,COMP_NO,No
1822,538483980024,10_09_2024,No,No,No,No,COMP_NO,No
1823,538484199969,10_09_2024,No,Yes,No,Yes,COMP_NO,No
1824,538484201552,10_09_2024,No,No,No,No,COMP_NO,No
1825,538484236045,10_09_2024,No,Yes,No,Yes,COMP_NO,No
1826,538484268035,10_09_2024,No,Yes,No,No,COMP_CH,Yes
1827,538484268624,10_09_2024,No,No,No,No,COMP_NO,No
1828,538484268663,10_09_2024,No,No,No,No,COMP_NO,No
1829,538484268771,10_09_2024,No,No,No,No,COMP_NO,No
1830,538484268998,10_09_2024,No,Yes,No,No,COMP_CH,Yes
1831,538484286515,10_09_2024,No,No,No,No,COMP_NO,No
1832,538484286760,10_09_2024,No,No,No,Yes,COMP_NO,No
1833,538484299440,10_09_2024,No,No,No,No,COMP_NO,No
1834,538484300530,10_09_2024,No,Yes,No,Yes,COMP_NO,No
1835,538484321348,10_09_2024,No,No,No,No,COMP_NO,No
1836,538484324267,10_09_2024,No,Yes,No,Yes,COMP_CI,Yes
1837,538484341351,10_09_2024,No,Yes,No,Yes,COMP_CH,Yes
1838,538484348092,10_09_2024,No,No,No,No,COMP_NO,No
1839,538484359488,10_09_2024,No,No,No,No,COMP_NO,No
1840,538484361888,10_09_2024,No,No,No,No,COMP_NO,No
1841,538484373236,10_09_2024,No,Yes,No,No,COMP_CH,Yes
1842,538484382360,10_09_2024,No,No,No,No,COMP_NO,No
1843,538484385852,10_09_2024,No,No,No,No,COMP_NO,No
1844,538484386037,10_09_2024,No,Yes,No,Yes,COMP_NO,No
1845,538484406630,10_09_2024,No,No,No,No,COMP_NO,No
1846,538484467411,10_09_2024,No,No,No,No,COMP_NO,No
1847,538484472704,10_09_2024,No,No,No,No,COMP_NO,No
1848,538681702949,11_09_2024,No,No,No,No,COMP_NO,No
1849,538681702978,11_09_2024,No,No,No,No,COMP_NO,No
1850,538681717368,11_09_2024,No,No,No,No,COMP_CH,Yes
1851,538681736393,11_09_2024,No,Yes,No,Yes,COMP_NO,No
1852,538681807233,11_09_2024,No,No,No,No,COMP_NO,No
1853,538681817934,11_09_2024,No,No,No,No,COMP_NO,No
1854,538681827744,11_09_2024,No,No,No,No,COMP_NO,No
1855,538681829921,11_09_2024,Yes,No,No,No,COMP_NO,Yes
1856,538681830196,11_09_2024,No,No,No,No,COMP_NO,No
1857,538681831621,11_09_2024,No,No,No,No,COMP_NO,No
1858,538681835666,11_09_2024,No,No,No,No,COMP_NO,No
1859,538681845242,11_09_2024,No,Yes,No,No,COMP_NO,No
1860,538681859240,11_09_2024,No,No,No,No,COMP_NO,No
1861,538681861643,11_09_2024,No,No,No,No,COMP_NO,No
1862,538681891804,11_09_2024,No,Yes,No,Yes,COMP_NO,No
1863,538681974117,11_09_2024,No,No,No,No,COMP_NO,No
1864,538681976967,11_09_2024,No,No,No,No,COMP_NO,No
1865,538682517427,12_09_2024,No,Yes,No,Yes,COMP_CH,Yes
1866,538682609317,12_09_2024,No,No,No,No,COMP_NO,No
1867,538682609920,12_09_2024,No,No,No,No,COMP_NO,No
1868,538682611994,12_09_2024,No,No,No,No,COMP_NO,No
1869,538862992732,16_09_2024,No,No,No,No,COMP_NO,No
1870,539049452450,18_09_2024,Yes,Yes,No,Yes,COMP_CH,Yes
1871,539049467166,18_09_2024,No,Yes,No,Yes,COMP_CH,Yes
1872,539049525359,18_09_2024,No,Yes,No,Yes,COMP_SC,Yes
1873,539049527407,18_09_2024,No,No,No,No,COMP_NO,No
1874,539049964261,18_09_2024,No,No,No,No,COMP_NO,No
1875,539049968667,18_09_2024,No,No,No,No,COMP_NO,No
1876,539049970778,18_09_2024,No,No,No,No,COMP_NO,Yes
1877,539050290756,19_09_2024,No,Yes,No,Yes,COMP_NO,No
1878,539050314842,19_09_2024,No,No,No,No,COMP_NO,No
1879,539050361819,19_09_2024,No,No,No,No,COMP_NO,No
1880,539050368988,19_09_2024,No,No,No,No,COMP_NO,No
1881,539050456302,19_09_2024,No,No,No,Yes,COMP_NO,No
1882,539050489934,19_09_2024,No,Yes,No,Yes,COMP_NO,No
1883,539050510627,19_09_2024,No,No,No,No,COMP_CH,Yes
1884,539050525149,19_09_2024,No,No,No,No,COMP_NO,No
1885,539235553560,19_09_2024,No,No,No,No,COMP_NO,No
1886,539235565042,19_09_2024,No,No,No,Yes,COMP_NO,No
1887,539235599965,19_09_2024,No,Yes,No,Yes,COMP_NO,No
1888,539235630752,19_09_2024,No,No,No,No,COMP_NO,No
1889,539235655704,19_09_2024,No,Yes,No,Yes,COMP_CO,Yes
1890,539235664028,19_09_2024,No,Yes,No,Yes,COMP_NO,No
1891,539235665485,19_09_2024,No,Yes,No,Yes,COMP_NO,No
1892,539235667959,19_09_2024,No,No,No,No,COMP_NO,No
1893,539235670846,19_09_2024,No,No,No,No,COMP_NO,No
1894,539235677482,19_09_2024,No,No,No,No,COMP_NO,No
1895,539235683230,19_09_2024,No,No,No,No,COMP_NO,No
1896,539235690157,19_09_2024,No,No,No,No,COMP_NO,No
1897,539235690557,19_09_2024,No,No,No,No,COMP_NO,No
1898,539235709314,19_09_2024,No,No,No,No,COMP_NO,No
1899,539235709506,19_09_2024,No,No,No,No,COMP_NO,No
1900,539235732596,19_09_2024,No,No,No,No,COMP_NO,No
1901,539235733001,19_09_2024,No,No,No,No,COMP_NO,No
1902,539235740279,19_09_2024,No,No,No,No,COMP_NO,No
1903,539235746409,19_09_2024,No,No,No,No,COMP_NO,No
1904,539235746479,19_09_2024,No,No,No,No,COMP_NO,No
1905,539235748284,19_09_2024,No,No,No,No,COMP_NO,No
1906,539235751919,19_09_2024,No,Yes,No,No,COMP_NO,No
1907,539235753071,19_09_2024,No,No,No,No,COMP_NO,No
1908,539235753099,19_09_2024,No,No,No,No,COMP_NO,No
1909,539235756265,19_09_2024,No,No,No,No,COMP_NO,No
1910,539235756343,19_09_2024,No,No,No,No,COMP_NO,No
1911,539235771091,19_09_2024,No,No,No,No,COMP_NO,No
1912,539235775332,19_09_2024,No,No,No,No,COMP_NO,No
1913,539235782030,19_09_2024,No,No,No,No,COMP_NO,No
1914,539235940491,20_09_2024,No,No,No,No,COMP_NO,No
1915,539235940811,20_09_2024,No,No,No,No,COMP_NO,No
1916,539235944062,20_09_2024,No,No,No,No,COMP_NO,No
1917,539235944215,20_09_2024,No,No,No,No,COMP_NO,No
1918,539235944241,20_09_2024,No,Yes,No,Yes,COMP_NO,No
1919,539235953514,20_09_2024,No,Yes,No,Yes,COMP_CH,Yes
1920,539235955660,20_09_2024,Yes,Yes,No,Yes,COMP_CH,Yes
1921,539235962309,20_09_2024,No,No,No,No,COMP_NO,No
1922,539235966501,20_09_2024,No,No,No,No,COMP_NO,No
1923,539235966764,20_09_2024,No,No,No,No,COMP_NO,No
1924,539235968891,20_09_2024,No,No,No,No,COMP_NO,No
1925,539235969484,20_09_2024,No,No,No,No,COMP_NO,No
1926,539235969818,20_09_2024,No,No,No,No,COMP_NO,No
1927,539235998591,20_09_2024,No,No,No,No,COMP_NO,No
1928,539235998784,20_09_2024,No,No,No,No,COMP_NO,No
1929,539236000008,20_09_2024,No,No,No,No,COMP_NO,No
1930,539236002014,20_09_2024,No,No,No,No,COMP_NO,No
1931,539236005373,20_09_2024,No,No,No,No,COMP_NO,No
1932,539236006056,20_09_2024,No,No,No,No,COMP_NO,No
1933,539236012299,20_09_2024,No,No,No,No,COMP_NO,No
1934,539236012409,20_09_2024,No,No,No,No,COMP_NO,No
1935,539236018777,20_09_2024,No,No,No,No,COMP_NO,No
1936,539236023315,20_09_2024,No,No,No,No,COMP_NO,No
1937,539236023899,20_09_2024,No,No,No,No,COMP_NO,No
1938,539236037240,20_09_2024,No,No,No,No,COMP_NO,No
1939,539236038421,20_09_2024,No,No,No,No,COMP_NO,No
1940,539236050936,20_09_2024,No,No,No,No,COMP_NO,No
1941,539236063679,20_09_2024,No,No,No,No,COMP_NO,No
1942,539236063833,20_09_2024,No,No,No,No,COMP_NO,No
1943,539236063887,20_09_2024,No,No,No,No,COMP_NO,No
1944,539236063932,20_09_2024,No,No,No,No,COMP_NO,No
1945,539236087222,20_09_2024,No,No,No,No,COMP_NO,No
1946,539236089353,20_09_2024,No,No,No,No,COMP_NO,No
1947,539236092745,20_09_2024,Yes,Yes,No,No,COMP_SA,Yes
1948,539236097536,20_09_2024,No,No,No,No,COMP_NO,No
1949,539236104669,20_09_2024,No,No,No,No,COMP_NO,No
1950,539236106024,20_09_2024,No,Yes,No,Yes,COMP_NO,No
1951,539236113347,20_09_2024,No,No,No,No,COMP_NO,No
1952,539236121659,20_09_2024,No,No,No,No,COMP_NO,No
1953,539236121682,20_09_2024,No,No,No,No,COMP_NO,No
1954,539236125434,20_09_2024,No,No,No,No,COMP_NO,No
1955,539236134449,20_09_2024,No,No,No,No,COMP_NO,No
1956,538483081192,09_09_2024,No,No,No,No,COMP_NO,No
1957,538483114917,09_09_2024,Yes,Yes,No,Yes,COMP_CH,Yes
1958,538483114959,09_09_2024,No,No,No,No,COMP_NO,No
1959,538483115479,09_09_2024,No,Yes,No,No,COMP_NO,No
1960,538483124247,09_09_2024,No,No,No,No,COMP_NO,No
1961,538483124254,09_09_2024,No,No,No,No,COMP_NO,No
1962,538483125556,09_09_2024,No,No,No,No,COMP_NO,No
1963,538483151044,09_09_2024,No,No,No,No,COMP_NO,No
1964,538483158785,09_09_2024,No,No,No,No,COMP_NO,No
1965,538483171258,09_09_2024,No,No,No,No,COMP_NO,No
1966,538483190899,09_09_2024,No,No,No,No,COMP_CI,Yes
1967,538483194973,09_09_2024,No,No,No,No,COMP_NO,No
1968,538483196005,09_09_2024,No,No,No,No,COMP_NO,No
1969,538483260639,09_09_2024,No,No,No,No,COMP_NO,No
1970,538483261371,09_09_2024,No,No,No,No,COMP_NO,No
1971,538483358750,09_09_2024,No,No,No,No,COMP_NO,No
1972,538483358882,09_09_2024,No,No,No,No,COMP_NO,No
1973,538483397364,09_09_2024,No,Yes,No,Yes,COMP_CO,Yes
1974,538483407388,09_09_2024,No,No,No,No,COMP_NO,No
1975,538483451903,09_09_2024,No,No,No,No,COMP_NO,No
1976,538483455909,09_09_2024,No,No,No,No,COMP_NO,No
1977,538483470913,09_09_2024,No,Yes,No,Yes,COMP_CO,Yes
1978,538483543055,09_09_2024,No,No,No,No,COMP_NO,No
1979,538483561108,09_09_2024,No,Yes,No,No,COMP_NO,No
1980,538483603572,09_09_2024,No,Yes,No,Yes,COMP_NO,No
1981,538483607310,09_09_2024,No,No,No,No,COMP_NO,No
1982,538483608267,09_09_2024,No,No,No,No,COMP_NO,No
1983,538483608945,09_09_2024,No,No,No,No,COMP_NO,No
1984,538483838802,10_09_2024,No,No,No,No,COMP_NO,No
1985,538483878468,10_09_2024,No,No,No,Yes,COMP_NO,No
1986,538483885491,10_09_2024,No,Yes,No,Yes,COMP_SM,Yes
1987,538483891741,10_09_2024,No,No,No,No,COMP_NO,No
1988,538484012277,10_09_2024,No,Yes,No,No,COMP_CH,Yes
1989,538484013930,10_09_2024,No,No,No,No,COMP_NO,No
1990,538484016173,10_09_2024,No,No,No,No,COMP_NO,No
1991,538484020533,10_09_2024,No,No,No,No,COMP_NO,No
1992,538484166043,10_09_2024,No,No,No,No,COMP_NO,No
1993,538484166647,10_09_2024,No,No,No,No,COMP_NO,No
1994,538484168218,10_09_2024,No,No,No,No,COMP_NO,No
1995,538484204359,10_09_2024,No,No,No,No,COMP_NO,No
1996,538484208096,10_09_2024,No,No,No,No,COMP_NO,No
1997,538484209761,10_09_2024,No,No,No,No,COMP_NO,No
1998,538484223559,10_09_2024,No,Yes,No,Yes,COMP_CH,Yes
1999,538484225589,10_09_2024,No,No,No,No,COMP_NO,No
2000,538484228114,10_09_2024,No,No,No,No,COMP_NO,No
2001,538484238781,10_09_2024,Yes,Yes,No,Yes,COMP_CO,Yes
2002,538484243759,10_09_2024,No,No,No,No,COMP_NO,No
2003,538484248156,10_09_2024,No,No,No,No,COMP_NO,No
2004,538484325699,10_09_2024,No,No,No,No,COMP_NO,No
2005,538484348198,10_09_2024,No,No,No,No,COMP_NO,No
2006,538484362505,10_09_2024,No,No,No,No,COMP_NO,No
2007,538484387205,10_09_2024,No,No,No,No,COMP_NO,No
2008,538681694251,11_09_2024,No,Yes,No,Yes,COMP_NO,No
2009,538681694471,11_09_2024,No,No,No,No,COMP_NO,No
2010,538681697646,11_09_2024,No,No,No,No,COMP_NO,No
2011,538681705673,11_09_2024,No,Yes,No,Yes,COMP_NO,No
2012,538681721893,11_09_2024,No,No,No,No,COMP_NO,No
2013,538681850574,11_09_2024,No,No,No,No,COMP_NO,No
2014,538681863587,11_09_2024,No,No,No,No,COMP_NO,No
2015,538681892676,11_09_2024,No,No,No,No,COMP_CH,Yes
2016,538681895018,11_09_2024,No,No,No,No,COMP_NO,No
2017,538681977591,11_09_2024,No,No,No,No,COMP_NO,No
2018,538681978871,11_09_2024,No,No,No,No,COMP_NO,No
2019,538681979523,11_09_2024,No,No,No,No,COMP_NO,No
2020,538682519318,12_09_2024,No,Yes,No,Yes,COMP_AC,Yes
2021,538862994577,16_09_2024,No,Yes,No,No,COMP_NO,No
2022,539049454135,18_09_2024,No,No,No,No,COMP_NO,No
2023,539049454261,18_09_2024,No,No,No,No,COMP_NO,No
2024,539049513510,18_09_2024,No,Yes,No,Yes,COMP_NO,No
2025,539049903460,18_09_2024,No,Yes,No,Yes,COMP_NO,No
2026,539050250067,19_09_2024,No,No,No,No,COMP_NO,No
2027,539050421403,19_09_2024,No,Yes,No,Yes,COMP_NO,No
2028,539235704305,19_09_2024,No,No,No,No,COMP_NO,No
2029,539235710597,19_09_2024,No,No,No,No,COMP_NO,No
2030,539235711517,19_09_2024,No,No,No,No,COMP_NO,No
2031,539235717213,19_09_2024,No,No,No,No,COMP_NO,No
2032,539235758395,19_09_2024,No,No,No,No,COMP_NO,No
2033,539235759239,19_09_2024,No,No,No,No,COMP_NO,No
2034,539235759694,19_09_2024,No,No,No,No,COMP_NO,No
2035,539235941765,20_09_2024,No,Yes,No,Yes,COMP_NO,No
2036,539235947436,20_09_2024,No,No,No,No,COMP_NO,No
2037,539235956737,20_09_2024,No,No,No,No,COMP_NO,No
2038,539235960438,20_09_2024,No,Yes,No,Yes,COMP_NO,No
2039,539235960531,20_09_2024,No,No,No,No,COMP_NO,No
2040,539235960784,20_09_2024,Yes,Yes,No,No,COMP_NO,Yes
2041,539235997432,20_09_2024,No,No,No,No,COMP_NO,No
2042,539235997852,20_09_2024,No,No,No,No,COMP_NO,No
2043,539236013607,20_09_2024,No,No,No,No,COMP_NO,No
2044,539236015818,20_09_2024,No,No,No,No,COMP_NO,No
2045,539236017870,20_09_2024,No,No,No,No,COMP_NO,No
2046,539236022770,20_09_2024,No,No,No,No,COMP_NO,No
2047,539236024063,20_09_2024,No,No,No,No,COMP_NO,No
2048,539236027922,20_09_2024,No,No,No,No,COMP_NO,No
2049,539236042921,20_09_2024,No,No,No,No,COMP_NO,No
2050,539236043817,20_09_2024,No,No,No,No,COMP_NO,No
2051,539236064682,20_09_2024,No,No,No,No,COMP_NO,No
2052,539236066725,20_09_2024,No,No,No,No,COMP_NO,No
2053,539236067659,20_09_2024,No,No,No,No,COMP_NO,No
2054,539236067721,20_09_2024,No,No,No,No,COMP_NO,No
2055,539236079973,20_09_2024,No,No,No,No,COMP_NO,No
2056,539236081844,20_09_2024,No,Yes,No,No,COMP_CO,Yes
2057,539236099886,20_09_2024,No,No,No,No,COMP_NO,No
2058,539236099977,20_09_2024,No,No,No,No,COMP_NO,No
2059,539236101530,20_09_2024,No,No,No,No,COMP_NO,No
2060,539236101820,20_09_2024,No,No,No,No,COMP_NO,No
2061,539236110548,20_09_2024,No,No,No,No,COMP_NO,No
2062,539236116442,20_09_2024,No,No,No,No,COMP_NO,No
2063,539236116650,20_09_2024,No,No,No,No,COMP_NO,No
2064,539236120312,20_09_2024,No,No,No,No,COMP_NO,No
2065,539236129804,20_09_2024,No,No,No,No,COMP_NO,No
2066,539236130209,20_09_2024,No,No,No,No,COMP_NO,No
2067,539236131910,20_09_2024,No,No,No,No,COMP_NO,No
2068,539236139551,20_09_2024,No,No,No,No,COMP_NO,No
2069,539236142196,20_09_2024,No,No,No,No,COMP_NO,No
2070,539236143044,20_09_2024,No,Yes,No,No,COMP_CI,Yes
2071,539236144892,20_09_2024,No,No,No,No,COMP_NO,No
2072,539236145579,20_09_2024,No,No,No,No,COMP_NO,No
2073,539236145912,20_09_2024,No,No,No,No,COMP_NO,No
2074,539236155157,20_09_2024,No,No,No,No,COMP_NO,No
2075,539236156832,20_09_2024,No,No,No,No,COMP_NO,No
2076,539236159055,20_09_2024,Yes,No,No,No,COMP_NO,Yes
2077,539236160274,20_09_2024,No,No,No,No,COMP_NO,No
2078,539236162113,20_09_2024,No,No,No,No,COMP_NO,No
2079,539236165098,20_09_2024,No,No,No,No,COMP_NO,No
2080,539236170912,20_09_2024,No,No,No,No,COMP_NO,No
2081,539236171289,20_09_2024,No,No,No,No,COMP_NO,No
2082,539236177390,20_09_2024,No,No,No,No,COMP_NO,No
2083,539236182280,20_09_2024,Yes,No,No,No,COMP_NO,Yes
2084,539236187403,20_09_2024,No,No,No,No,COMP_NO,No
2085,539236197618,20_09_2024,No,No,No,No,COMP_NO,No
2086,539236198264,20_09_2024,No,No,No,No,COMP_NO,No
2087,539236201704,20_09_2024,No,No,No,No,COMP_NO,No
2088,539236203004,20_09_2024,No,No,No,No,COMP_NO,No
2089,539236215382,20_09_2024,No,No,No,No,COMP_NO,No
2090,539236215385,20_09_2024,No,No,No,No,COMP_NO,No
2091,539236217377,20_09_2024,No,Yes,No,Yes,COMP_NO,No
2092,539236218553,20_09_2024,No,No,No,No,COMP_NO,No
2093,539236223515,20_09_2024,No,No,No,No,COMP_NO,No
2094,539236226746,20_09_2024,No,Yes,No,No,COMP_NO,No
2095,539236240594,20_09_2024,No,No,No,No,COMP_NO,No
2096,539236244043,20_09_2024,No,No,No,No,COMP_NO,No
2097,539236257426,20_09_2024,No,No,No,No,COMP_NO,No
2098,539236261979,20_09_2024,No,No,No,No,COMP_NO,No
2099,539236263521,20_09_2024,No,No,No,No,COMP_NO,No
2100,539236264380,20_09_2024,No,No,No,No,COMP_NO,No
2101,539236265833,20_09_2024,No,No,No,No,COMP_NO,No
2102,539236281565,20_09_2024,No,No,No,Yes,COMP_NO,No
2103,539236284160,20_09_2024,No,Yes,No,Yes,COMP_NO,No
2104,539236287986,20_09_2024,No,No,No,No,COMP_NO,No
2105,539236298767,20_09_2024,No,Yes,No,Yes,COMP_NO,No
2106,539236300536,20_09_2024,No,No,No,No,COMP_NO,No
2107,539236319348,20_09_2024,No,No,No,No,COMP_NO,No
2108,539236320685,20_09_2024,No,Yes,No,No,COMP_NO,No
2109,539236327584,20_09_2024,No,No,No,No,COMP_NO,No
2110,539236329076,20_09_2024,No,No,No,No,COMP_NO,No
2111,539236337290,20_09_2024,No,No,No,No,COMP_NO,No
2112,539236339715,20_09_2024,No,No,No,No,COMP_NO,No
2113,539236340230,20_09_2024,No,No,No,No,COMP_NO,No
2114,539236345832,20_09_2024,No,No,No,No,COMP_NO,No
2115,539236346771,20_09_2024,No,No,No,No,COMP_NO,No
2116,539236361739,20_09_2024,No,No,No,No,COMP_NO,No
2117,539236370561,20_09_2024,No,No,No,No,COMP_NO,No
2118,539236373550,20_09_2024,Yes,No,No,No,COMP_SA,Yes
2119,539236374538,20_09_2024,No,No,No,No,COMP_NO,No
2120,539236380872,20_09_2024,No,No,No,No,COMP_NO,No
2121,539236394648,20_09_2024,No,No,No,No,COMP_NO,No
2122,539236399341,20_09_2024,No,No,No,No,COMP_NO,No
2123,539236404721,20_09_2024,No,No,No,No,COMP_NO,No
2124,539236407052,20_09_2024,No,No,No,No,COMP_NO,No
2125,539236409453,20_09_2024,No,No,No,No,COMP_NO,No
2126,539236410353,20_09_2024,No,No,No,Yes,COMP_NO,No
2127,539236411304,20_09_2024,No,No,No,No,COMP_NO,No
2128,539236418655,20_09_2024,No,No,No,No,COMP_NO,No
2129,539236424145,20_09_2024,No,No,No,No,COMP_NO,No
2130,539236437003,20_09_2024,No,Yes,No,No,COMP_NO,Yes
2131,539236451785,20_09_2024,No,No,No,No,COMP_NO,No
2132,539236455742,20_09_2024,No,No,No,No,COMP_NO,No
2133,539236458037,20_09_2024,No,No,No,No,COMP_NO,No
2134,539236474660,20_09_2024,No,No,No,No,COMP_NO,Yes
2135,539236477639,20_09_2024,No,No,No,No,COMP_NO,No
2136,539236485588,20_09_2024,No,No,No,No,COMP_NO,No
2137,539237310700,23_09_2024,No,No,No,No,COMP_NO,No
2138,539237325042,23_09_2024,No,No,No,No,COMP_NO,No
2139,539237340231,23_09_2024,No,No,No,No,COMP_NO,No
2140,539237402887,23_09_2024,No,No,No,No,COMP_NO,No
2141,539237418253,23_09_2024,No,No,No,No,COMP_NO,No
2142,539237440803,23_09_2024,No,No,No,No,COMP_NO,No
2143,539237441407,23_09_2024,No,No,No,No,COMP_NO,No
2144,539237485021,23_09_2024,No,No,No,No,COMP_NO,No
2145,538483082036,09_09_2024,No,No,No,No,COMP_NO,No
2146,538483083194,09_09_2024,No,No,No,No,COMP_NO,No
2147,538483197301,09_09_2024,No,Yes,No,No,COMP_NO,No
2148,538483198212,09_09_2024,No,No,No,No,COMP_NO,No
2149,538483200191,09_09_2024,No,No,No,No,COMP_NO,No
2150,538483207945,09_09_2024,No,No,No,No,COMP_NO,No
2151,538483543459,09_09_2024,No,No,No,No,COMP_NO,No
2152,538483572358,09_09_2024,No,No,No,No,COMP_NO,No
2153,538483617627,09_09_2024,No,Yes,No,Yes,COMP_CH,Yes
2154,538483624879,09_09_2024,No,No,No,No,COMP_NO,No
2155,538483624938,09_09_2024,No,No,No,No,COMP_NO,No
2156,538483626124,09_09_2024,No,No,No,No,COMP_NO,No
2157,538483951668,10_09_2024,No,No,No,No,COMP_NO,No
2158,538483989144,10_09_2024,Yes,Yes,No,Yes,COMP_CI,Yes
2159,538483993142,10_09_2024,No,No,No,No,COMP_NO,No
2160,538483993895,10_09_2024,No,No,No,No,COMP_NO,No
2161,538484175188,10_09_2024,No,No,No,No,COMP_NO,No
2162,538484175467,10_09_2024,No,No,No,No,COMP_NO,No
2163,538484179273,10_09_2024,No,No,No,No,COMP_NO,No
2164,538484269819,10_09_2024,No,Yes,No,No,COMP_CH,Yes
2165,538484331170,10_09_2024,No,Yes,No,Yes,COMP_NO,No
2166,538681715529,11_09_2024,No,No,No,No,COMP_NO,No
2167,538681851022,11_09_2024,No,No,No,No,COMP_NO,No
2168,538681981339,11_09_2024,No,Yes,No,Yes,COMP_NO,No
2169,538681981966,11_09_2024,Yes,Yes,No,Yes,COMP_CH,Yes
2170,538682521253,12_09_2024,No,No,No,No,COMP_NO,No
2171,538862998753,16_09_2024,No,No,No,No,COMP_NO,No
2172,538862999248,16_09_2024,No,No,No,No,COMP_NO,No
2173,539050249180,19_09_2024,No,Yes,No,Yes,COMP_FI,Yes
2174,539050251846,19_09_2024,No,Yes,No,No,COMP_CH,Yes
2175,539235764015,19_09_2024,No,Yes,No,Yes,COMP_CH,Yes
2176,539235767463,19_09_2024,No,No,No,No,COMP_NO,No
2177,539235768217,19_09_2024,No,No,No,No,COMP_NO,No
2178,539236068606,20_09_2024,No,Yes,No,Yes,COMP_AL,Yes
2179,539236069418,20_09_2024,No,No,No,No,COMP_NO,No
2180,539236072842,20_09_2024,No,No,No,No,COMP_NO,No
2181,539236133488,20_09_2024,No,No,No,No,COMP_NO,No
2182,539236148681,20_09_2024,No,Yes,No,Yes,COMP_VI,Yes
2183,539236148787,20_09_2024,No,No,No,No,COMP_NO,No
2184,539236171962,20_09_2024,No,No,No,No,COMP_NO,No
2185,539236180162,20_09_2024,No,No,No,No,COMP_NO,No
2186,539236217905,20_09_2024,No,No,No,No,COMP_NO,No
2187,539236223963,20_09_2024,No,Yes,No,Yes,COMP_NO,No
2188,539236252469,20_09_2024,No,Yes,No,Yes,COMP_CO,Yes
2189,539236253329,20_09_2024,No,No,No,Yes,COMP_NO,No
2190,539236267756,20_09_2024,No,Yes,No,Yes,COMP_NO,No
2191,539236268858,20_09_2024,Yes,Yes,No,Yes,COMP_CH,Yes
2192,539236286606,20_09_2024,No,Yes,No,Yes,COMP_NO,Yes
2193,539236287065,20_09_2024,No,No,No,No,COMP_NO,No
2194,539236290577,20_09_2024,No,Yes,No,Yes,COMP_CH,Yes
2195,539236303584,20_09_2024,No,No,No,No,COMP_NO,No
2196,539236319336,20_09_2024,No,No,No,No,COMP_NO,No
2197,539236358166,20_09_2024,No,No,No,No,COMP_NO,No
2198,539236383734,20_09_2024,No,Yes,No,Yes,COMP_NO,No
2199,539236384856,20_09_2024,No,No,No,No,COMP_NO,No
2200,539236399969,20_09_2024,No,No,No,No,COMP_NO,No
2201,539236411434,20_09_2024,No,Yes,No,Yes,COMP_RI,Yes
2202,539236413363,20_09_2024,No,No,No,No,COMP_NO,No
2203,539236422881,20_09_2024,Yes,Yes,No,Yes,COMP_AV,Yes
2204,539236426374,20_09_2024,No,No,No,No,COMP_NO,No
2205,539236440742,20_09_2024,No,No,No,Yes,COMP_NO,No
2206,539236449954,20_09_2024,No,No,No,No,COMP_NO,No
2207,539236450220,20_09_2024,No,No,No,No,COMP_NO,No
2208,539236464765,20_09_2024,No,No,No,No,COMP_NO,No
2209,539236470297,20_09_2024,No,No,No,No,COMP_NO,No
2210,539236486681,20_09_2024,No,No,No,No,COMP_NO,No
2211,539237331645,23_09_2024,No,No,No,No,COMP_NO,No
2212,539237358071,23_09_2024,No,No,No,No,COMP_NO,No
2213,539237365428,23_09_2024,No,No,No,No,COMP_NO,No
2214,539237369019,23_09_2024,No,Yes,No,No,COMP_CH,Yes
2215,539237385875,23_09_2024,No,Yes,No,Yes,COMP_NO,No
2216,539237390455,23_09_2024,No,No,No,No,COMP_NO,No
2217,539237399492,23_09_2024,No,No,No,No,COMP_NO,No
2218,539237404487,23_09_2024,No,No,No,No,COMP_NO,No
2219,539237412203,23_09_2024,No,No,No,No,COMP_NO,No
2220,539237414600,23_09_2024,No,No,No,No,COMP_NO,No
2221,539237419436,23_09_2024,No,No,No,Yes,COMP_CI,Yes
2222,539237421860,23_09_2024,No,No,No,No,COMP_NO,No
2223,539237431929,23_09_2024,No,No,No,No,COMP_NO,No
2224,539237435924,23_09_2024,No,No,No,No,COMP_NO,No
2225,539237438643,23_09_2024,No,Yes,No,No,COMP_NO,No
2226,539237449019,23_09_2024,No,No,No,No,COMP_NO,No
2227,539237450152,23_09_2024,No,No,No,No,COMP_NO,No
2228,539237450303,23_09_2024,No,No,No,No,COMP_NO,No
2229,539237459695,23_09_2024,No,No,No,No,COMP_NO,No
2230,539237459711,23_09_2024,No,No,No,No,COMP_NO,No
2231,539237465967,23_09_2024,No,Yes,No,Yes,COMP_NO,No
2232,539237471859,23_09_2024,No,No,No,No,COMP_NO,No
2233,539237479269,23_09_2024,No,No,No,No,COMP_NO,No
2234,539237487309,23_09_2024,Yes,Yes,No,Yes,COMP_CH,Yes
2235,539237488046,23_09_2024,No,No,No,No,COMP_NO,No
2236,539237490098,23_09_2024,No,No,No,No,COMP_NO,No
2237,539237490314,23_09_2024,No,No,No,No,COMP_NO,No
2238,539237505409,23_09_2024,No,Yes,No,No,COMP_CO,Yes
2239,539237505441,23_09_2024,No,No,No,No,COMP_NO,No
2240,539237506859,23_09_2024,No,Yes,No,Yes,COMP_NO,No
2241,539237509286,23_09_2024,No,No,No,No,COMP_NO,No
2242,539237513441,23_09_2024,No,No,No,No,COMP_NO,No
2243,539237514072,23_09_2024,Yes,Yes,No,Yes,COMP_AL,Yes
2244,539237518793,23_09_2024,No,No,No,No,COMP_NO,No
2245,539237521902,23_09_2024,No,No,No,No,COMP_NO,No
2246,539237522467,23_09_2024,No,No,No,No,COMP_NO,No
2247,539237524179,23_09_2024,No,No,No,No,COMP_NO,No
2248,539237535275,23_09_2024,Yes,No,No,No,COMP_NO,Yes
2249,539383551369,23_09_2024,No,No,No,No,COMP_NO,No
2250,539383554584,23_09_2024,No,No,No,No,COMP_NO,No
2251,539383554764,23_09_2024,No,No,No,No,COMP_NO,No
2252,539383566660,23_09_2024,No,No,No,No,COMP_NO,No
2253,539383578872,23_09_2024,No,No,No,No,COMP_NO,No
2254,539383580919,23_09_2024,No,No,No,No,COMP_NO,No
2255,539383587045,23_09_2024,No,No,No,No,COMP_NO,No
2256,539383593538,23_09_2024,No,No,No,No,COMP_NO,No
2257,539383594097,23_09_2024,No,No,No,No,COMP_NO,No
2258,539383603854,23_09_2024,No,No,No,No,COMP_NO,No
2259,539383603963,23_09_2024,No,No,No,No,COMP_NO,No
2260,539383615202,23_09_2024,No,No,No,No,COMP_NO,No
2261,539383627208,23_09_2024,No,No,No,No,COMP_NO,No
2262,539383629362,23_09_2024,No,No,No,No,COMP_NO,No
2263,539383633384,23_09_2024,Yes,No,No,No,COMP_NO,Yes
2264,539383634224,23_09_2024,No,No,No,No,COMP_NO,No
2265,539383639042,23_09_2024,No,No,No,No,COMP_NO,No
2266,539383639516,23_09_2024,No,No,No,No,COMP_NO,No
2267,539383641758,23_09_2024,No,No,No,No,COMP_NO,No
2268,539383642410,23_09_2024,No,No,No,No,COMP_NO,No
2269,539383644779,23_09_2024,No,No,No,No,COMP_NO,No
2270,539383650746,23_09_2024,No,No,No,No,COMP_NO,No
2271,539383655874,23_09_2024,No,No,No,No,COMP_NO,No
2272,539383666865,23_09_2024,No,No,No,No,COMP_NO,No
2273,539383670100,23_09_2024,No,No,No,No,COMP_NO,No
2274,539383680904,23_09_2024,No,No,No,No,COMP_NO,No
2275,539383681030,23_09_2024,No,No,No,No,COMP_NO,No
2276,539383681541,23_09_2024,No,No,No,No,COMP_NO,No
2277,539383687249,23_09_2024,No,No,No,No,COMP_NO,No
2278,539383705193,23_09_2024,No,No,No,No,COMP_NO,No
2279,539383706560,23_09_2024,No,No,No,No,COMP_NO,No
2280,539383713741,23_09_2024,No,No,No,No,COMP_NO,No
2281,539383716536,23_09_2024,No,No,No,No,COMP_NO,No
2282,539383718549,23_09_2024,No,No,No,No,COMP_NO,No
2283,539383727454,23_09_2024,No,No,No,No,COMP_NO,No
2284,539383735107,23_09_2024,No,No,No,No,COMP_NO,No
2285,539383745789,23_09_2024,No,No,No,No,COMP_NO,No
2286,539383746339,23_09_2024,Yes,Yes,No,Yes,COMP_AC,Yes
2287,539383760447,23_09_2024,No,No,No,No,COMP_NO,No
2288,539383762470,23_09_2024,No,No,No,No,COMP_NO,No
2289,539383766483,23_09_2024,No,No,No,No,COMP_NO,No
2290,539383766804,23_09_2024,No,No,No,No,COMP_NO,No
2291,539383784196,23_09_2024,No,No,No,No,COMP_NO,No
2292,539383787292,23_09_2024,No,No,No,No,COMP_NO,No
2293,539383787351,23_09_2024,No,Yes,No,No,COMP_NO,No
2294,539383788714,23_09_2024,No,No,No,No,COMP_NO,No
2295,539383795216,23_09_2024,No,No,No,No,COMP_NO,No
2296,539383805785,23_09_2024,No,No,No,No,COMP_NO,No
2297,539383806168,23_09_2024,No,No,No,No,COMP_NO,No
2298,539383807353,23_09_2024,No,No,No,No,COMP_NO,No
2299,539383812614,23_09_2024,No,No,No,No,COMP_NO,No
2300,539383813566,23_09_2024,No,No,No,No,COMP_NO,No
2301,539383816342,23_09_2024,No,No,No,No,COMP_NO,No
2302,539383819403,23_09_2024,No,No,No,No,COMP_NO,No
2303,539383824592,23_09_2024,No,No,No,No,COMP_NO,No
2304,539383831668,23_09_2024,Yes,No,No,No,COMP_NO,Yes
2305,539383832044,23_09_2024,No,No,No,No,COMP_NO,No
2306,539383835270,23_09_2024,No,No,No,Yes,COMP_NO,No
2307,539383838345,23_09_2024,No,No,No,No,COMP_NO,No
2308,539383843872,23_09_2024,No,No,No,No,COMP_NO,No
2309,539383854348,23_09_2024,No,No,No,No,COMP_NO,No
2310,539383857006,23_09_2024,No,No,No,No,COMP_NO,No
2311,539383866972,23_09_2024,No,Yes,No,Yes,COMP_NO,No
2312,539383867436,23_09_2024,No,No,No,No,COMP_NO,No
2313,539383872397,23_09_2024,No,Yes,No,No,COMP_HS,Yes
2314,539383881032,23_09_2024,No,No,No,No,COMP_NO,No
2315,539383884111,23_09_2024,No,No,No,No,COMP_NO,No
2316,539383889666,23_09_2024,No,No,No,No,COMP_NO,No
2317,539383889971,23_09_2024,No,No,No,No,COMP_NO,No
2318,539383890818,23_09_2024,No,No,No,No,COMP_NO,No
2319,539383903883,23_09_2024,No,No,No,No,COMP_NO,No
2320,539383905613,23_09_2024,No,No,No,No,COMP_NO,No
2321,539383909609,23_09_2024,No,No,No,No,COMP_NO,No
2322,539383910415,23_09_2024,No,No,No,No,COMP_NO,No
2323,539383913022,23_09_2024,No,No,No,No,COMP_NO,No
2324,539383927231,23_09_2024,No,Yes,No,Yes,COMP_NO,No
2325,539383927308,23_09_2024,No,No,No,No,COMP_NO,No
2326,539383931109,23_09_2024,No,No,No,No,COMP_NO,No
2327,539383940638,23_09_2024,No,No,No,No,COMP_NO,No
2328,539383949236,23_09_2024,No,No,No,No,COMP_NO,No
2329,539383968442,23_09_2024,No,No,No,No,COMP_NO,No
2330,539383975793,23_09_2024,No,No,No,No,COMP_NO,No
2331,539383976029,23_09_2024,No,No,No,No,COMP_NO,No
2332,539383984414,23_09_2024,No,No,No,No,COMP_NO,No
2333,539383991044,23_09_2024,No,No,No,No,COMP_NO,No
2334,539384000819,23_09_2024,No,No,No,No,COMP_NO,No
2335,539384017920,23_09_2024,No,No,No,No,COMP_NO,No
2336,538483938178,10_09_2024,No,No,No,No,COMP_NO,No
2337,538681738446,11_09_2024,No,No,No,No,COMP_NO,No
2338,538681740112,11_09_2024,No,No,No,No,COMP_NO,No
2339,538682526926,12_09_2024,No,No,No,No,COMP_NO,No
2340,538682527698,12_09_2024,No,No,No,No,COMP_NO,No
2341,538682528101,12_09_2024,No,Yes,No,No,COMP_CH,Yes
2342,538682534350,12_09_2024,No,No,No,No,COMP_NO,No
2343,539050446614,19_09_2024,No,Yes,No,Yes,COMP_NO,No
2344,539050448467,19_09_2024,No,No,No,No,COMP_NO,No
2345,539050450875,19_09_2024,No,No,No,No,COMP_NO,No
2346,539050451328,19_09_2024,No,No,No,No,COMP_NO,No
2347,539236076845,20_09_2024,No,No,No,No,COMP_NO,No
2348,539236259245,20_09_2024,No,Yes,No,Yes,COMP_CH,Yes
2349,539236456682,20_09_2024,No,Yes,No,Yes,COMP_CO,Yes
2350,539237319300,23_09_2024,No,No,No,No,COMP_NO,No
2351,539237472199,23_09_2024,No,No,No,No,COMP_NO,No
2352,539237538186,23_09_2024,No,Yes,No,No,COMP_AC,Yes
2353,539383568288,23_09_2024,Yes,Yes,No,No,COMP_CH,Yes
2354,539383569401,23_09_2024,No,No,No,No,COMP_NO,No
2355,539383574103,23_09_2024,No,No,No,No,COMP_NO,No
2356,539383598678,23_09_2024,No,Yes,No,No,COMP_NO,No
2357,539383602118,23_09_2024,No,No,No,No,COMP_NO,No
2358,539383605457,23_09_2024,No,No,No,No,COMP_NO,No
2359,539383607174,23_09_2024,No,No,No,No,COMP_NO,No
2360,539383608288,23_09_2024,No,No,No,No,COMP_NO,No
2361,539383677439,23_09_2024,No,No,No,No,COMP_NO,No
2362,539383693342,23_09_2024,No,No,No,No,COMP_NO,No
2363,539383718251,23_09_2024,No,No,No,No,COMP_NO,No
2364,539383722379,23_09_2024,No,No,No,No,COMP_NO,No
2365,539383729676,23_09_2024,No,No,No,No,COMP_NO,No
2366,539383732999,23_09_2024,No,No,No,No,COMP_NO,No
2367,539383734638,23_09_2024,No,No,No,No,COMP_NO,No
2368,539383738066,23_09_2024,No,Yes,No,Yes,COMP_NO,No
2369,539383739406,23_09_2024,No,No,No,No,COMP_NO,No
2370,539383741687,23_09_2024,No,No,No,No,COMP_NO,No
2371,539383748231,23_09_2024,No,No,No,No,COMP_NO,No
2372,539383753106,23_09_2024,No,Yes,No,Yes,COMP_NO,No
2373,539383796769,23_09_2024,No,Yes,No,Yes,COMP_PE,Yes
2374,539383810795,23_09_2024,No,No,No,Yes,COMP_NO,No
2375,539383814547,23_09_2024,Yes,Yes,No,Yes,COMP_CH,Yes
2376,539383815581,23_09_2024,No,No,No,No,COMP_NO,No
2377,539383815682,23_09_2024,No,No,No,No,COMP_NO,No
2378,539383842584,23_09_2024,No,Yes,No,Yes,COMP_NO,No
2379,539383842747,23_09_2024,No,No,No,No,COMP_NO,No
2380,539383843751,23_09_2024,No,No,No,No,COMP_NO,No
2381,539383844713,23_09_2024,No,No,No,No,COMP_NO,No
2382,539383856723,23_09_2024,No,Yes,No,Yes,COMP_NO,No
2383,539383856744,23_09_2024,No,No,No,No,COMP_NO,No
2384,539383869220,23_09_2024,No,Yes,No,Yes,COMP_NO,No
2385,539383872383,23_09_2024,No,No,No,No,COMP_NO,No
2386,539383873909,23_09_2024,No,Yes,No,Yes,COMP_CO,Yes
2387,539383875007,23_09_2024,No,No,No,No,COMP_NO,No
2388,539383876088,23_09_2024,No,Yes,No,Yes,COMP_NO,No
2389,539383877456,23_09_2024,No,No,No,No,COMP_NO,No
2390,539383899525,23_09_2024,No,No,No,No,COMP_NO,No
2391,539383899691,23_09_2024,No,No,No,No,COMP_NO,No
2392,539383927381,23_09_2024,No,No,No,No,COMP_NO,No
2393,539383937252,23_09_2024,No,No,No,No,COMP_NO,No
2394,539383939275,23_09_2024,No,No,No,No,COMP_NO,No
2395,539383953109,23_09_2024,No,Yes,No,Yes,COMP_CO,Yes
2396,539383957832,23_09_2024,No,No,No,No,COMP_QA,Yes
2397,539383965852,23_09_2024,No,No,No,No,COMP_NO,No
2398,539383969224,23_09_2024,No,No,No,No,COMP_NO,No
2399,539383970359,23_09_2024,No,Yes,No,No,COMP_NO,No
2400,539383987270,23_09_2024,No,No,No,No,COMP_NO,No
2401,539383991039,23_09_2024,No,No,No,No,COMP_NO,No
2402,539383991266,23_09_2024,No,No,No,No,COMP_NO,No
2403,539383991368,23_09_2024,No,No,No,No,COMP_NO,No
2404,539383992779,23_09_2024,No,No,No,No,COMP_NO,No
2405,539383996922,23_09_2024,No,No,No,No,COMP_NO,No
2406,539384003604,23_09_2024,No,No,No,No,COMP_NO,No
2407,539384005655,23_09_2024,No,Yes,No,No,COMP_NO,No
2408,539384013514,23_09_2024,No,No,No,No,COMP_NO,No
2409,539384021182,23_09_2024,No,No,No,No,COMP_NO,No
2410,539384025481,23_09_2024,Yes,No,No,No,COMP_NO,Yes
2411,539384028576,23_09_2024,No,No,No,No,COMP_NO,No
2412,539384032720,23_09_2024,No,No,No,No,COMP_NO,No
2413,539384032867,23_09_2024,No,No,No,No,COMP_NO,No
2414,539384035625,23_09_2024,No,No,No,No,COMP_NO,No
2415,539384038002,23_09_2024,No,No,No,No,COMP_NO,No
2416,539384053604,23_09_2024,No,No,No,No,COMP_NO,No
2417,539384055371,23_09_2024,No,No,No,No,COMP_NO,No
2418,539384057740,23_09_2024,No,No,No,No,COMP_NO,No
2419,539384059706,23_09_2024,No,No,No,No,COMP_NO,No
2420,539384064656,23_09_2024,No,No,No,No,COMP_NO,No
2421,539384070618,23_09_2024,No,No,No,No,COMP_NO,No
2422,539384073972,23_09_2024,No,No,No,No,COMP_NO,No
2423,539384076661,23_09_2024,No,No,No,No,COMP_NO,No
2424,539384080305,23_09_2024,No,No,No,No,COMP_NO,No
2425,539384080765,23_09_2024,No,No,No,No,COMP_NO,No
2426,539384081705,23_09_2024,No,No,No,No,COMP_NO,No
2427,539384082077,23_09_2024,No,No,No,No,COMP_NO,No
2428,539384087680,23_09_2024,No,No,No,No,COMP_NO,No
2429,539384098823,23_09_2024,No,No,No,No,COMP_NO,No
2430,539384262582,24_09_2024,No,No,No,No,COMP_NO,No
2431,539384267742,24_09_2024,No,No,No,No,COMP_NO,No
2432,539384273087,24_09_2024,No,No,No,No,COMP_NO,No
2433,539384288542,24_09_2024,No,No,No,No,COMP_NO,No
2434,539384289900,24_09_2024,No,No,No,No,COMP_NO,No
2435,539384295452,24_09_2024,No,No,No,No,COMP_NO,No
2436,539384301330,24_09_2024,No,No,No,No,COMP_NO,No
2437,539384318271,24_09_2024,No,Yes,No,Yes,COMP_NO,No
2438,539384318849,24_09_2024,No,No,No,No,COMP_NO,No
2439,539384321507,24_09_2024,No,No,No,No,COMP_NO,No
2440,539384322305,24_09_2024,No,No,No,No,COMP_NO,No
2441,539384325988,24_09_2024,No,No,No,No,COMP_NO,No
2442,539384326274,24_09_2024,No,No,No,No,COMP_NO,No
2443,539384330460,24_09_2024,No,No,No,No,COMP_NO,No
2444,539384330926,24_09_2024,No,No,No,No,COMP_NO,No
2445,539384330980,24_09_2024,No,No,No,No,COMP_NO,No
2446,539384331395,24_09_2024,No,No,No,No,COMP_NO,No
2447,539384334441,24_09_2024,No,No,No,No,COMP_NO,No
2448,539384338350,24_09_2024,No,No,No,No,COMP_NO,No
2449,539384339876,24_09_2024,No,No,No,No,COMP_NO,No
2450,539384339926,24_09_2024,No,No,No,No,COMP_NO,No
2451,539384342935,24_09_2024,No,No,No,No,COMP_NO,No
2452,539384344608,24_09_2024,No,No,No,No,COMP_NO,No
2453,539384347080,24_09_2024,No,No,No,No,COMP_NO,No
2454,539384347342,24_09_2024,No,No,No,No,COMP_NO,No
2455,539384348491,24_09_2024,No,No,No,No,COMP_NO,No
2456,539384353827,24_09_2024,No,No,No,No,COMP_NO,No
2457,539384354380,24_09_2024,No,No,No,No,COMP_NO,No
2458,539384356177,24_09_2024,No,No,No,No,COMP_NO,No
2459,539384361314,24_09_2024,No,No,No,No,COMP_NO,No
2460,539384363861,24_09_2024,No,No,No,No,COMP_NO,No
2461,539384364382,24_09_2024,No,No,No,No,COMP_NO,No
2462,539384365491,24_09_2024,No,No,No,No,COMP_NO,No
2463,539384368021,24_09_2024,No,No,No,No,COMP_NO,No
2464,539384375292,24_09_2024,No,No,No,No,COMP_NO,No
2465,539384380025,24_09_2024,No,No,No,No,COMP_NO,No
2466,539384380256,24_09_2024,No,No,No,No,COMP_NO,No
2467,539384382394,24_09_2024,No,No,No,No,COMP_NO,No
2468,539384385617,24_09_2024,No,No,No,No,COMP_NO,No
2469,539384388360,24_09_2024,No,No,No,No,COMP_NO,No
2470,539384391700,24_09_2024,No,No,No,No,COMP_NO,No
2471,539384395455,24_09_2024,No,No,No,No,COMP_NO,No
2472,539384398308,24_09_2024,Yes,No,No,No,COMP_NO,Yes
2473,539384399633,24_09_2024,No,No,No,No,COMP_NO,No
2474,539384400125,24_09_2024,No,No,No,No,COMP_NO,No
2475,539384402879,24_09_2024,No,No,No,No,COMP_NO,No
2476,539384410652,24_09_2024,No,No,No,No,COMP_NO,No
2477,539384414243,24_09_2024,No,No,No,No,COMP_NO,No
2478,539384415400,24_09_2024,No,No,No,No,COMP_NO,No
2479,539384418944,24_09_2024,No,No,No,No,COMP_NO,No
2480,539384421744,24_09_2024,No,No,No,No,COMP_NO,No
2481,539384424394,24_09_2024,No,No,No,No,COMP_NO,No
2482,539384426631,24_09_2024,No,Yes,No,No,COMP_CH,Yes
2483,539384430050,24_09_2024,No,Yes,No,No,COMP_NO,No
2484,539384431646,24_09_2024,No,No,No,No,COMP_NO,No
2485,539384433447,24_09_2024,No,Yes,No,No,COMP_NO,No
2486,539384434558,24_09_2024,No,No,No,No,COMP_NO,No
2487,539384438521,24_09_2024,No,No,No,No,COMP_NO,No
2488,539384443274,24_09_2024,No,Yes,No,Yes,COMP_NO,No
2489,539384444502,24_09_2024,No,No,No,No,COMP_NO,No
2490,539384446049,24_09_2024,No,No,No,No,COMP_NO,No
2491,539384447434,24_09_2024,No,No,No,No,COMP_NO,No
2492,539384448322,24_09_2024,No,No,No,No,COMP_NO,No
2493,539384451301,24_09_2024,No,No,No,No,COMP_NO,No
2494,539384454427,24_09_2024,No,No,No,No,COMP_NO,No
2495,539384455009,24_09_2024,No,No,No,No,COMP_NO,No
2496,539384462272,24_09_2024,No,No,No,No,COMP_NO,No
2497,539384483735,24_09_2024,No,No,No,No,COMP_NO,No
2498,539384484191,24_09_2024,No,No,No,No,COMP_NO,No
2499,539384490641,24_09_2024,No,No,No,No,COMP_NO,No
2500,539384499933,24_09_2024,No,No,No,No,COMP_NO,No
2501,539384502409,24_09_2024,No,No,No,No,COMP_NO,No
2502,539384517162,24_09_2024,No,No,No,No,COMP_NO,No
2503,539384517498,24_09_2024,No,No,No,No,COMP_NO,No
2504,539384517830,24_09_2024,No,No,No,No,COMP_NO,No
2505,539384524195,24_09_2024,No,No,No,No,COMP_NO,No
2506,539384524548,24_09_2024,No,No,No,No,COMP_NO,No
2507,539384525565,24_09_2024,No,No,No,No,COMP_NO,No
2508,539384526660,24_09_2024,No,No,No,No,COMP_NO,No
2509,539384526744,24_09_2024,No,No,No,No,COMP_NO,No
2510,539384534426,24_09_2024,No,No,No,No,COMP_NO,No
2511,539384536121,24_09_2024,No,No,No,No,COMP_NO,No
2512,539384537017,24_09_2024,No,No,No,No,COMP_NO,No
2513,539384541979,24_09_2024,No,No,No,No,COMP_NO,No
2514,539384543271,24_09_2024,No,No,No,No,COMP_NO,No
2515,539384546814,24_09_2024,No,No,No,No,COMP_NO,No
2516,539384551318,24_09_2024,No,No,No,No,COMP_NO,No
2517,539384551951,24_09_2024,No,No,No,No,COMP_NO,No
2518,539384555253,24_09_2024,No,No,No,No,COMP_NO,No
2519,539384555397,24_09_2024,No,No,No,No,COMP_NO,No
2520,539384556987,24_09_2024,No,No,No,No,COMP_NO,No
2521,539384561536,24_09_2024,No,No,No,No,COMP_NO,No
2522,539384564039,24_09_2024,No,No,No,No,COMP_NO,No
2523,539384564757,24_09_2024,No,No,No,No,COMP_NO,No
2524,539384571501,24_09_2024,No,No,No,No,COMP_NO,No
2525,539384582748,24_09_2024,No,No,No,No,COMP_NO,No
2526,539384591163,24_09_2024,No,No,No,No,COMP_NO,No
2527,539384594883,24_09_2024,No,No,No,No,COMP_NO,No
2528,539384610644,24_09_2024,No,No,No,No,COMP_NO,No
2529,539384614549,24_09_2024,No,No,No,No,COMP_NO,No
2530,539384614933,24_09_2024,No,No,No,No,COMP_NO,No
2531,539384643715,24_09_2024,No,No,No,No,COMP_NO,No
2532,539384653186,24_09_2024,No,No,No,No,COMP_NO,No
2533,539384653284,24_09_2024,No,No,No,No,COMP_NO,No
2534,539384677975,24_09_2024,No,No,No,No,COMP_NO,No
2535,539384690874,24_09_2024,No,No,No,No,COMP_NO,No
2536,539384692358,24_09_2024,No,No,No,No,COMP_NO,No
2537,539384697730,24_09_2024,No,No,No,No,COMP_NO,No
2538,539384700243,24_09_2024,No,No,No,No,COMP_NO,No
2539,538483286912,09_09_2024,No,No,No,No,COMP_NO,No
2540,538483292662,09_09_2024,No,No,No,No,COMP_NO,No
2541,538484425936,10_09_2024,No,No,No,No,COMP_NO,No
2542,538682122916,11_09_2024,No,No,No,No,COMP_NO,No
2543,538682123455,11_09_2024,No,No,No,No,COMP_NO,No
2544,538682143975,11_09_2024,No,No,No,No,COMP_NO,No
2545,538682144278,11_09_2024,No,No,No,No,COMP_NO,No
2546,538682154763,11_09_2024,No,No,No,No,COMP_NO,No
2547,538682202734,11_09_2024,No,No,No,No,COMP_NO,No
2548,538682453143,12_09_2024,No,Yes,No,Yes,COMP_NO,No
2549,538682464609,12_09_2024,No,No,No,No,COMP_NO,No
2550,538682506296,12_09_2024,No,Yes,No,No,COMP_SM,Yes
2551,538682563940,12_09_2024,No,Yes,No,Yes,COMP_NO,No
2552,538682568389,12_09_2024,No,No,No,No,COMP_NO,No
2553,538682629684,12_09_2024,No,No,No,No,COMP_NO,No
2554,538682663765,12_09_2024,No,No,No,No,COMP_NO,No
2555,538682665342,12_09_2024,No,No,No,No,COMP_NO,No
2556,538682722534,12_09_2024,No,Yes,No,No,COMP_CH,Yes
2557,538682768150,12_09_2024,No,No,No,No,COMP_NO,No
2558,538682799269,12_09_2024,No,No,No,No,COMP_NO,No
2559,538682843676,12_09_2024,No,No,No,No,COMP_NO,No
2560,538682848023,12_09_2024,No,No,No,No,COMP_NO,No
2561,538682894475,12_09_2024,No,No,No,No,COMP_NO,No
2562,538682944176,12_09_2024,No,Yes,No,Yes,COMP_CO,Yes
2563,538683015718,12_09_2024,No,No,No,No,COMP_NO,No
2564,538683021883,12_09_2024,No,No,No,No,COMP_NO,No
2565,538683022675,12_09_2024,No,No,No,No,COMP_NO,No
2566,538683065627,12_09_2024,No,No,No,No,COMP_NO,Yes
2567,538683276811,13_09_2024,No,No,No,No,COMP_NO,No
2568,538683419727,13_09_2024,No,No,No,No,COMP_NO,No
2569,538683462301,13_09_2024,No,Yes,No,Yes,COMP_NO,Yes
2570,538683465475,13_09_2024,No,No,No,No,COMP_NO,No
2571,538683483829,13_09_2024,No,No,No,No,COMP_NO,No
2572,538683485616,13_09_2024,No,No,No,No,COMP_NO,No
2573,538683492850,13_09_2024,No,No,No,No,COMP_NO,No
2574,538683522095,13_09_2024,No,No,No,No,COMP_NO,No
2575,538861617244,13_09_2024,No,No,No,No,COMP_NO,No
2576,538861744614,13_09_2024,No,No,No,No,COMP_NO,No
2577,538861807116,13_09_2024,No,No,No,No,COMP_NO,No
2578,538862647000,16_09_2024,No,No,No,No,COMP_NO,No
2579,538862723180,16_09_2024,Yes,No,No,No,COMP_NO,Yes
2580,538862758378,16_09_2024,No,No,No,No,COMP_NO,No
2581,538862761235,16_09_2024,No,No,No,No,COMP_NO,No
2582,538862762944,16_09_2024,No,No,No,No,COMP_NO,No
2583,538862955182,16_09_2024,No,No,No,No,COMP_NO,No
2584,538863010581,16_09_2024,No,No,No,No,COMP_NO,No
2585,538863086633,16_09_2024,No,No,No,No,COMP_NO,No
2586,538863132196,16_09_2024,No,No,No,No,COMP_NO,No
2587,538863164478,16_09_2024,No,No,No,No,COMP_NO,No
2588,538863245648,16_09_2024,No,Yes,No,No,COMP_NO,No
2589,538863300271,16_09_2024,No,No,No,No,COMP_NO,No
2590,538863303581,16_09_2024,No,No,No,No,COMP_NO,No
2591,538863304458,16_09_2024,No,No,No,No,COMP_NO,No
2592,538863341615,16_09_2024,No,No,No,No,COMP_NO,No
2593,539383935399,23_09_2024,No,Yes,No,Yes,COMP_NO,No
2594,539384041279,23_09_2024,No,Yes,No,Yes,COMP_CH,Yes
2595,539384044997,23_09_2024,No,Yes,No,Yes,COMP_NO,No
2596,539384045781,23_09_2024,No,No,No,No,COMP_NO,No
2597,539384323441,24_09_2024,No,Yes,No,No,COMP_CO,Yes
2598,539384375795,24_09_2024,No,No,No,No,COMP_NO,No
2599,539384383402,24_09_2024,No,Yes,No,Yes,COMP_NO,No
2600,539384419798,24_09_2024,No,No,No,No,COMP_SC,Yes
2601,539384421518,24_09_2024,No,No,No,No,COMP_NO,No
2602,539384430546,24_09_2024,No,No,No,No,COMP_NO,No
2603,539384441450,24_09_2024,No,No,No,No,COMP_NO,No
2604,539384447509,24_09_2024,No,No,No,No,COMP_NO,No
2605,539384450631,24_09_2024,No,No,No,No,COMP_NO,No
2606,539384455476,24_09_2024,No,No,No,No,COMP_NO,No
2607,539384456351,24_09_2024,No,Yes,No,Yes,COMP_PE,Yes
2608,539384463803,24_09_2024,No,No,No,No,COMP_NO,No
2609,539384464457,24_09_2024,No,No,No,No,COMP_NO,No
2610,539384464628,24_09_2024,No,No,No,No,COMP_NO,No
2611,539384471654,24_09_2024,No,No,No,No,COMP_NO,No
2612,539384473393,24_09_2024,No,Yes,No,No,COMP_CH,Yes
2613,539384477095,24_09_2024,No,No,No,No,COMP_NO,No
2614,539384485031,24_09_2024,No,No,No,No,COMP_NO,No
2615,539384490261,24_09_2024,No,No,No,No,COMP_NO,No
2616,539384490307,24_09_2024,No,Yes,No,No,COMP_NO,No
2617,539384491403,24_09_2024,Yes,Yes,No,No,COMP_SM,Yes
2618,539384506007,24_09_2024,No,No,No,No,COMP_NO,No
2619,539384507968,24_09_2024,No,No,No,No,COMP_NO,No
2620,539384527365,24_09_2024,No,Yes,No,No,COMP_CH,Yes
2621,539384527670,24_09_2024,No,No,No,No,COMP_NO,No
2622,539384543582,24_09_2024,No,No,No,No,COMP_NO,No
2623,539384545006,24_09_2024,No,No,No,No,COMP_NO,No
2624,539384546853,24_09_2024,No,No,No,No,COMP_NO,No
2625,539384550940,24_09_2024,No,No,No,No,COMP_NO,No
2626,539384556504,24_09_2024,No,No,No,No,COMP_NO,No
2627,539384561753,24_09_2024,No,No,No,No,COMP_NO,No
2628,539384568749,24_09_2024,No,Yes,No,Yes,COMP_NO,No
2629,539384573669,24_09_2024,No,Yes,No,Yes,COMP_FS,Yes
2630,539384574985,24_09_2024,No,No,No,No,COMP_NO,No
2631,539384575895,24_09_2024,No,No,No,No,COMP_NO,No
2632,539384579829,24_09_2024,No,No,No,No,COMP_NO,No
2633,539384590722,24_09_2024,No,No,No,No,COMP_NO,No
2634,539384597778,24_09_2024,No,No,No,No,COMP_NO,No
2635,539384598132,24_09_2024,No,No,No,No,COMP_NO,No
2636,539384614166,24_09_2024,No,No,No,No,COMP_NO,No
2637,539384615361,24_09_2024,No,No,No,No,COMP_NO,No
2638,539384615603,24_09_2024,No,No,No,No,COMP_NO,No
2639,539384616945,24_09_2024,No,No,No,No,COMP_NO,No
2640,539384617436,24_09_2024,No,No,No,No,COMP_NO,No
2641,539384618028,24_09_2024,No,No,No,No,COMP_NO,No
2642,539384620525,24_09_2024,No,Yes,No,Yes,COMP_CH,Yes
2643,539384625614,24_09_2024,No,No,No,No,COMP_NO,No
2644,539384630702,24_09_2024,No,No,No,No,COMP_NO,No
2645,539384631518,24_09_2024,No,No,No,No,COMP_NO,No
2646,539384633997,24_09_2024,No,No,No,No,COMP_NO,No
2647,539384634261,24_09_2024,No,No,No,No,COMP_NO,No
2648,539384634981,24_09_2024,No,Yes,No,Yes,COMP_CH,Yes
2649,539384638306,24_09_2024,No,No,No,No,COMP_NO,No
2650,539384639043,24_09_2024,No,No,No,Yes,COMP_NO,No
2651,539384644623,24_09_2024,No,No,No,No,COMP_NO,No
2652,539384645382,24_09_2024,No,No,No,No,COMP_NO,No
2653,539384646526,24_09_2024,No,No,No,No,COMP_NO,No
2654,539384647177,24_09_2024,No,Yes,No,Yes,COMP_AC,Yes
2655,539384649107,24_09_2024,No,No,No,No,COMP_NO,No
2656,539384653927,24_09_2024,No,No,No,No,COMP_NO,No
2657,539384661318,24_09_2024,No,No,No,No,COMP_NO,No
2658,539384662923,24_09_2024,No,No,No,No,COMP_NO,No
2659,539384663152,24_09_2024,No,No,No,No,COMP_CI,Yes
2660,539384666562,24_09_2024,No,No,No,No,COMP_NO,No
2661,539384677668,24_09_2024,No,No,No,No,COMP_NO,No
2662,539384683899,24_09_2024,No,Yes,No,Yes,COMP_NO,No
2663,539384685780,24_09_2024,No,No,No,No,COMP_NO,No
2664,539384691855,24_09_2024,No,No,No,No,COMP_NO,No
2665,539384698637,24_09_2024,No,No,No,No,COMP_NO,No
2666,539384698776,24_09_2024,No,No,No,No,COMP_NO,No
2667,539384701220,24_09_2024,No,No,No,No,COMP_NO,No
2668,539384705486,24_09_2024,No,No,No,No,COMP_NO,No
2669,539384707502,24_09_2024,No,No,No,No,COMP_NO,No
2670,539384708630,24_09_2024,No,No,No,No,COMP_NO,No
2671,539384713815,24_09_2024,No,No,No,No,COMP_NO,No
2672,539384715111,24_09_2024,No,No,No,No,COMP_NO,No
2673,539384715988,24_09_2024,No,No,No,No,COMP_NO,No
2674,539384718410,24_09_2024,No,No,No,No,COMP_NO,No
2675,539384722491,24_09_2024,No,Yes,No,Yes,COMP_CO,Yes
2676,539384722714,24_09_2024,No,No,No,No,COMP_NO,No
2677,539384725740,24_09_2024,No,No,No,No,COMP_NO,No
2678,539384726407,24_09_2024,No,No,No,No,COMP_NO,No
2679,539384730976,24_09_2024,No,No,No,No,COMP_NO,No
2680,539384734808,24_09_2024,No,No,No,No,COMP_NO,No
2681,539384737471,24_09_2024,No,No,No,No,COMP_NO,No
2682,539384738079,24_09_2024,No,No,No,No,COMP_NO,No
2683,539384741484,24_09_2024,No,No,No,No,COMP_NO,No
2684,539384742244,24_09_2024,Yes,Yes,No,No,COMP_CH,Yes
2685,539384746822,24_09_2024,No,No,No,No,COMP_NO,No
2686,539384747242,24_09_2024,No,No,No,No,COMP_NO,No
2687,539384747476,24_09_2024,No,Yes,No,No,COMP_NO,No
2688,539384755686,24_09_2024,No,No,No,No,COMP_NO,No
2689,539384757847,24_09_2024,No,No,No,No,COMP_NO,No
2690,539384763477,24_09_2024,No,No,No,No,COMP_NO,No
2691,539384771432,24_09_2024,No,Yes,No,No,COMP_CH,Yes
2692,539384771659,24_09_2024,No,Yes,No,No,COMP_CH,Yes
2693,539384773219,24_09_2024,No,No,No,No,COMP_NO,No
2694,539384774970,24_09_2024,No,No,No,No,COMP_NO,No
2695,539384776989,24_09_2024,No,No,No,No,COMP_NO,No
2696,539384779421,24_09_2024,No,No,No,No,COMP_NO,No
2697,539384786540,24_09_2024,No,No,No,No,COMP_NO,No
2698,539384787776,24_09_2024,No,No,No,No,COMP_NO,No
2699,539384788952,24_09_2024,No,No,No,No,COMP_NO,No
2700,539384790760,24_09_2024,No,No,No,No,COMP_NO,No
2701,539384794474,24_09_2024,No,No,No,No,COMP_NO,No
2702,539384795122,24_09_2024,No,No,No,No,COMP_NO,No
2703,539384796963,24_09_2024,No,No,No,No,COMP_NO,No
2704,539384799197,24_09_2024,No,No,No,No,COMP_NO,No
2705,539384802718,24_09_2024,No,No,No,No,COMP_NO,No
2706,539384803926,24_09_2024,No,No,No,No,COMP_NO,No
2707,539384804370,24_09_2024,No,No,No,No,COMP_NO,No
2708,539384806656,24_09_2024,No,No,No,No,COMP_NO,No
2709,539384815373,24_09_2024,No,No,No,No,COMP_NO,No
2710,539384815978,24_09_2024,No,No,No,No,COMP_NO,No
2711,539384816096,24_09_2024,No,No,No,No,COMP_NO,No
2712,539384816112,24_09_2024,No,No,No,No,COMP_NO,No
2713,539384821288,24_09_2024,No,No,No,No,COMP_NO,No
2714,539384821746,24_09_2024,No,No,No,No,COMP_NO,No
2715,539384822305,24_09_2024,No,No,No,No,COMP_NO,No
2716,539384826378,24_09_2024,No,No,No,No,COMP_NO,No
2717,539384827673,24_09_2024,No,No,No,No,COMP_NO,No
2718,539384830418,24_09_2024,No,No,No,No,COMP_NO,No
2719,539384834218,24_09_2024,No,Yes,No,Yes,COMP_CH,Yes
2720,539384834221,24_09_2024,No,No,No,No,COMP_NO,No
2721,539384834449,24_09_2024,No,Yes,No,No,COMP_AL,Yes
2722,539384837873,24_09_2024,No,Yes,No,Yes,COMP_NO,No
2723,539384840234,24_09_2024,No,No,No,No,COMP_NO,No
2724,539384843734,24_09_2024,No,No,No,No,COMP_NO,No
2725,539384846932,24_09_2024,No,No,No,No,COMP_NO,No
2726,539384849159,24_09_2024,No,No,No,No,COMP_NO,No
2727,539384850633,24_09_2024,No,No,No,Yes,COMP_NO,No
2728,539384851718,24_09_2024,No,No,No,No,COMP_NO,No
2729,539384856806,24_09_2024,No,No,No,No,COMP_NO,No
2730,539384857885,24_09_2024,No,Yes,No,Yes,COMP_AC,Yes
2731,539384858200,24_09_2024,No,No,No,No,COMP_NO,No
2732,539384860618,24_09_2024,No,No,No,No,COMP_NO,No
2733,539384869224,24_09_2024,No,No,No,No,COMP_NO,No
2734,539384870954,24_09_2024,No,No,No,No,COMP_NO,No
2735,539384873262,24_09_2024,No,No,No,No,COMP_NO,No
2736,539384875035,24_09_2024,No,No,No,No,COMP_NO,No
2737,539384875614,24_09_2024,No,No,No,No,COMP_NO,No
2738,539384876353,24_09_2024,No,No,No,No,COMP_NO,No
2739,539384887949,24_09_2024,No,No,No,No,COMP_NO,No
2740,539384889513,24_09_2024,No,No,No,No,COMP_NO,No
2741,539384890057,24_09_2024,No,No,No,No,COMP_NO,No
2742,539384892056,24_09_2024,No,No,No,No,COMP_NO,No
2743,539384892984,24_09_2024,No,No,No,No,COMP_NO,No
2744,539384894158,24_09_2024,No,No,No,No,COMP_NO,No
2745,539384897966,24_09_2024,No,No,No,No,COMP_NO,No
2746,539384902469,24_09_2024,No,No,No,No,COMP_NO,No
2747,539384906673,24_09_2024,No,No,No,No,COMP_NO,No
2748,539384910840,24_09_2024,No,No,No,No,COMP_NO,No
2749,539384913868,24_09_2024,No,No,No,No,COMP_NO,No
2750,539384914624,24_09_2024,No,No,No,No,COMP_NO,No
2751,539384915850,24_09_2024,No,No,No,No,COMP_NO,No
2752,539384918566,24_09_2024,No,No,No,No,COMP_NO,No
2753,539384918650,24_09_2024,No,No,No,No,COMP_NO,No
2754,539384918903,24_09_2024,No,No,No,No,COMP_NO,No
2755,539384921866,24_09_2024,No,No,No,No,COMP_NO,No
2756,539384922569,24_09_2024,No,No,No,No,COMP_NO,No
2757,539384922587,24_09_2024,No,No,No,No,COMP_NO,No
2758,539384922944,24_09_2024,No,No,No,No,COMP_NO,No
2759,539384924503,24_09_2024,No,Yes,No,No,COMP_CO,Yes
2760,539384930771,24_09_2024,No,No,No,No,COMP_NO,No
2761,539384944563,24_09_2024,No,No,No,No,COMP_NO,No
2762,538483294606,09_09_2024,No,No,No,No,COMP_NO,No
2763,538483295555,09_09_2024,No,No,No,No,COMP_NO,No
2764,538483297345,09_09_2024,No,No,No,No,COMP_NO,No
2765,538483298308,09_09_2024,No,No,No,No,COMP_NO,No
2766,538483299965,09_09_2024,No,No,No,No,COMP_NO,No
2767,538484409535,10_09_2024,No,No,No,No,COMP_NO,No
2768,538484426002,10_09_2024,Yes,Yes,No,Yes,COMP_CH,Yes
2769,538484432965,10_09_2024,No,No,No,No,COMP_NO,No
2770,538484433056,10_09_2024,No,No,No,No,COMP_NO,No
2771,538681671738,11_09_2024,No,No,No,No,COMP_NO,No
2772,538681724337,11_09_2024,No,No,No,No,COMP_NO,No
2773,538681729656,11_09_2024,No,Yes,No,Yes,COMP_NO,No
2774,538681781234,11_09_2024,No,No,No,No,COMP_NO,No
2775,538681781719,11_09_2024,No,Yes,No,Yes,COMP_CO,Yes
2776,538681785844,11_09_2024,No,No,No,No,COMP_NO,No
2777,538681787120,11_09_2024,No,No,No,Yes,COMP_NO,No
2778,538681789356,11_09_2024,No,No,No,No,COMP_NO,No
2779,538681887591,11_09_2024,No,No,No,No,COMP_NO,No
2780,538681898109,11_09_2024,No,No,No,No,COMP_NO,No
2781,538681901311,11_09_2024,No,Yes,No,Yes,COMP_BL,Yes
2782,538681904195,11_09_2024,No,No,No,No,COMP_NO,No
2783,538681944581,11_09_2024,No,No,No,No,COMP_NO,No
2784,538681946546,11_09_2024,No,No,No,No,COMP_CH,Yes
2785,538682029641,11_09_2024,No,No,No,No,COMP_NO,No
2786,538682038521,11_09_2024,No,No,No,No,COMP_NO,No
2787,538682044786,11_09_2024,No,No,No,No,COMP_NO,No
2788,538682046355,11_09_2024,No,No,No,No,COMP_NO,No
2789,538682071592,11_09_2024,No,No,No,No,COMP_NO,No
2790,538682075619,11_09_2024,No,No,No,No,COMP_NO,No
2791,538682075655,11_09_2024,No,No,No,No,COMP_NO,No
2792,538682078866,11_09_2024,No,No,No,No,COMP_NO,No
2793,538682082105,11_09_2024,No,No,No,No,COMP_NO,No
2794,538682126472,11_09_2024,No,Yes,No,No,COMP_NO,No
2795,538682131440,11_09_2024,No,No,No,No,COMP_NO,No
2796,538682131675,11_09_2024,No,No,No,No,COMP_NO,No
2797,538682131883,11_09_2024,No,No,No,No,COMP_NO,No
2798,538682133220,11_09_2024,No,No,No,No,COMP_NO,No
2799,538682144432,11_09_2024,No,No,No,No,COMP_NO,No
2800,538682159645,11_09_2024,No,No,No,No,COMP_NO,No
2801,538682166867,11_09_2024,No,No,No,No,COMP_NO,No
2802,538682211372,11_09_2024,No,Yes,No,No,COMP_CH,Yes
2803,538682231910,11_09_2024,No,No,No,No,COMP_NO,No
2804,538682255267,11_09_2024,No,No,No,No,COMP_NO,No
2805,538682256205,11_09_2024,No,No,No,No,COMP_NO,No
2806,538682260209,11_09_2024,No,No,No,No,COMP_NO,No
2807,538682426769,12_09_2024,No,No,No,No,COMP_NO,No
2808,538682427788,12_09_2024,No,No,No,No,COMP_NO,No
2809,538682506564,12_09_2024,No,No,No,No,COMP_NO,No
2810,538682506676,12_09_2024,No,Yes,No,Yes,COMP_NO,No
2811,538682506790,12_09_2024,No,No,No,No,COMP_NO,No
2812,538682507828,12_09_2024,No,No,No,No,COMP_NO,No
2813,538682568835,12_09_2024,No,No,No,No,COMP_NO,No
2814,538682571556,12_09_2024,No,No,No,No,COMP_NO,No
2815,538682572103,12_09_2024,No,Yes,No,Yes,COMP_S-,Yes
2816,538682631670,12_09_2024,No,No,No,No,COMP_NO,No
2817,538682644076,12_09_2024,No,Yes,No,No,COMP_NO,No
2818,538682645610,12_09_2024,No,No,No,No,COMP_NO,No
2819,538682666588,12_09_2024,No,No,No,No,COMP_NO,No
2820,538682668592,12_09_2024,No,No,No,No,COMP_NO,No
2821,538682669065,12_09_2024,No,No,No,No,COMP_NO,No
2822,538682672280,12_09_2024,No,No,No,No,COMP_NO,No
2823,538682673718,12_09_2024,No,No,No,No,COMP_NO,No
2824,538682674245,12_09_2024,No,No,No,No,COMP_NO,No
2825,538682682138,12_09_2024,No,No,No,No,COMP_NO,No
2826,538682683593,12_09_2024,No,No,No,No,COMP_NO,Yes
2827,538682698501,12_09_2024,No,No,No,No,COMP_CH,Yes
2828,538682699846,12_09_2024,No,No,No,No,COMP_NO,No
2829,538682701145,12_09_2024,No,No,No,No,COMP_NO,No
2830,538682707436,12_09_2024,No,No,No,No,COMP_NO,No
2831,538682724105,12_09_2024,Yes,Yes,No,Yes,COMP_CO,Yes
2832,538682768540,12_09_2024,No,No,No,Yes,COMP_NO,No
2833,538682769285,12_09_2024,No,No,No,No,COMP_NO,No
2834,538682776365,12_09_2024,Yes,No,No,No,COMP_NO,Yes
2835,538682779777,12_09_2024,No,No,No,No,COMP_NO,No
2836,538682784413,12_09_2024,No,No,No,No,COMP_NO,No
2837,538682789617,12_09_2024,No,No,No,No,COMP_NO,No
2838,538682801553,12_09_2024,No,Yes,No,Yes,COMP_NO,No
2839,538682803823,12_09_2024,No,No,No,No,COMP_NO,No
2840,538682813443,12_09_2024,Yes,No,No,No,COMP_NO,Yes
2841,538682813638,12_09_2024,No,No,No,No,COMP_NO,No
2842,538682813715,12_09_2024,No,No,No,No,COMP_NO,No
2843,538682815935,12_09_2024,Yes,No,No,No,COMP_SA,Yes
2844,538682819693,12_09_2024,No,No,No,No,COMP_NO,No
2845,538682851029,12_09_2024,No,No,No,No,COMP_NO,No
2846,538682854375,12_09_2024,No,No,No,No,COMP_NO,No
2847,538682855217,12_09_2024,No,No,No,No,COMP_NO,No
2848,538682858611,12_09_2024,No,No,No,No,COMP_NO,No
2849,538682866723,12_09_2024,No,No,No,No,COMP_NO,No
2850,538682898400,12_09_2024,No,No,No,No,COMP_NO,No
2851,538682899287,12_09_2024,No,No,No,No,COMP_NO,No
2852,538682944788,12_09_2024,No,No,No,No,COMP_NO,No
2853,538682944846,12_09_2024,No,No,No,No,COMP_NO,No
2854,538682947802,12_09_2024,No,No,No,No,COMP_NO,No
2855,538682950311,12_09_2024,No,No,No,No,COMP_NO,No
2856,538682951665,12_09_2024,No,No,No,No,COMP_NO,No
2857,538682953090,12_09_2024,No,No,No,No,COMP_NO,No
2858,538682980174,12_09_2024,No,No,No,No,COMP_NO,No
2859,538682982418,12_09_2024,No,No,No,No,COMP_NO,No
2860,538682991920,12_09_2024,No,Yes,No,Yes,COMP_NO,Yes
2861,538682993194,12_09_2024,No,No,No,No,COMP_NO,No
2862,538683023795,12_09_2024,No,No,No,No,COMP_NO,No
2863,538683024793,12_09_2024,No,No,No,No,COMP_NO,No
2864,538683026193,12_09_2024,No,No,No,No,COMP_NO,No
2865,538683026373,12_09_2024,No,No,No,No,COMP_NO,No
2866,538683071069,12_09_2024,No,No,No,No,COMP_NO,No
2867,538683084227,12_09_2024,No,No,No,No,COMP_NO,No
2868,538683277002,13_09_2024,No,No,No,No,COMP_NO,No
2869,538683278755,13_09_2024,No,No,No,No,COMP_NO,No
2870,538683284165,13_09_2024,No,No,No,No,COMP_NO,No
2871,538683285308,13_09_2024,No,No,No,No,COMP_NO,No
2872,538683288932,13_09_2024,No,No,No,No,COMP_NO,No
2873,538683323090,13_09_2024,No,No,No,No,COMP_NO,No
2874,538683330995,13_09_2024,No,No,No,No,COMP_NO,No
2875,538683351355,13_09_2024,No,No,No,No,COMP_NO,No
2876,538683357092,13_09_2024,No,No,No,No,COMP_NO,No
2877,538683358049,13_09_2024,No,No,No,No,COMP_NO,No
2878,538683359556,13_09_2024,No,No,No,No,COMP_NO,No
2879,538683392237,13_09_2024,No,No,No,No,COMP_NO,No
2880,538683394648,13_09_2024,No,No,No,No,COMP_NO,No
2881,538683397957,13_09_2024,No,No,No,No,COMP_NO,No
2882,538683424889,13_09_2024,No,No,No,No,COMP_NO,No
2883,538683425778,13_09_2024,No,No,No,No,COMP_NO,No
2884,538683466582,13_09_2024,No,No,No,No,COMP_NO,No
2885,538683467729,13_09_2024,No,No,No,No,COMP_NO,No
2886,538683469865,13_09_2024,No,No,No,No,COMP_NO,No
2887,538683492950,13_09_2024,No,No,No,No,COMP_NO,No
2888,538683494583,13_09_2024,No,No,No,No,COMP_NO,No
2889,538683526125,13_09_2024,No,No,No,No,COMP_NO,No
2890,538683532758,13_09_2024,No,No,No,No,COMP_NO,No
2891,538683535655,13_09_2024,No,Yes,No,No,COMP_SM,Yes
2892,538861577810,13_09_2024,No,No,No,No,COMP_NO,No
2893,538861584868,13_09_2024,No,No,No,No,COMP_NO,No
2894,538861585910,13_09_2024,No,No,No,No,COMP_NO,No
2895,538861586955,13_09_2024,No,No,No,No,COMP_NO,No
2896,538861587509,13_09_2024,No,No,No,No,COMP_NO,No
2897,538861589024,13_09_2024,No,No,No,No,COMP_NO,No
2898,538861590705,13_09_2024,No,No,No,No,COMP_NO,No
2899,538861617805,13_09_2024,No,No,No,No,COMP_NO,No
2900,538861624890,13_09_2024,No,No,No,No,COMP_NO,No
2901,538861625255,13_09_2024,No,No,No,No,COMP_NO,No
2902,538861668845,13_09_2024,No,No,No,No,COMP_NO,No
2903,538861672476,13_09_2024,No,No,No,No,COMP_NO,No
2904,538861744704,13_09_2024,No,No,No,No,COMP_NO,No
2905,538861746419,13_09_2024,No,No,No,Yes,COMP_NO,No
2906,538861775478,13_09_2024,No,No,No,No,COMP_NO,No
2907,538861777368,13_09_2024,No,No,No,No,COMP_NO,No
2908,538861787420,13_09_2024,No,No,No,No,COMP_NO,No
2909,538862660406,16_09_2024,No,No,No,No,COMP_NO,No
2910,538862671377,16_09_2024,No,No,No,No,COMP_NO,No
2911,538862695614,16_09_2024,No,No,No,No,COMP_NO,No
2912,538862726530,16_09_2024,No,Yes,No,Yes,COMP_CH,Yes
2913,538862728842,16_09_2024,Yes,No,No,No,COMP_NO,Yes
2914,538862732739,16_09_2024,No,No,No,No,COMP_NO,No
2915,538862739387,16_09_2024,No,No,No,No,COMP_NO,No
2916,538862771214,16_09_2024,No,No,No,No,COMP_NO,No
2917,538862774310,16_09_2024,No,No,No,No,COMP_NO,No
2918,538862781470,16_09_2024,No,No,No,No,COMP_NO,No
2919,538862807059,16_09_2024,No,No,No,No,COMP_NO,No
2920,538862815957,16_09_2024,No,No,No,No,COMP_NO,No
2921,538862818611,16_09_2024,No,Yes,No,Yes,COMP_NO,No
2922,538862851308,16_09_2024,No,No,No,No,COMP_NO,No
2923,538862852475,16_09_2024,No,No,No,No,COMP_NO,No
2924,538862853306,16_09_2024,No,No,No,No,COMP_NO,No
2925,538862857423,16_09_2024,No,No,No,No,COMP_NO,No
2926,538862893965,16_09_2024,No,No,No,No,COMP_NO,No
2927,538862896192,16_09_2024,No,No,No,No,COMP_NO,No
2928,538862897071,16_09_2024,No,No,No,No,COMP_NO,No
2929,538862905419,16_09_2024,No,No,No,No,COMP_NO,No
2930,538862906261,16_09_2024,Yes,Yes,No,No,COMP_NO,Yes
2931,538862922439,16_09_2024,No,No,No,No,COMP_NO,No
2932,538862955245,16_09_2024,No,Yes,No,Yes,COMP_NO,No
2933,538862958756,16_09_2024,No,No,No,No,COMP_NO,No
2934,538862960634,16_09_2024,No,No,No,No,COMP_NO,No
2935,538862960846,16_09_2024,No,No,No,No,COMP_NO,No
2936,538863011848,16_09_2024,No,Yes,No,No,COMP_CO,Yes
2937,538863020138,16_09_2024,No,No,No,No,COMP_NO,No
2938,538863020965,16_09_2024,No,No,No,No,COMP_NO,No
2939,538863040437,16_09_2024,No,No,No,No,COMP_NO,No
2940,538863044645,16_09_2024,Yes,Yes,Yes,Yes,COMP_PQ,Yes
2941,538863091888,16_09_2024,No,No,No,No,COMP_NO,No
2942,538863093693,16_09_2024,No,No,No,No,COMP_NO,No
2943,538863094405,16_09_2024,No,Yes,No,No,COMP_SM,Yes
2944,538863095566,16_09_2024,No,No,No,No,COMP_NO,No
2945,538863132674,16_09_2024,No,No,No,No,COMP_NO,No
2946,538863132721,16_09_2024,No,No,No,No,COMP_NO,No
2947,538863133977,16_09_2024,No,No,No,No,COMP_NO,No
2948,538863136173,16_09_2024,No,No,No,No,COMP_NO,No
2949,538863136974,16_09_2024,No,No,No,No,COMP_NO,No
2950,538863170825,16_09_2024,No,No,No,No,COMP_NO,No
2951,538863172011,16_09_2024,No,No,No,No,COMP_NO,No
2952,538863199786,16_09_2024,No,No,No,No,COMP_NO,No
2953,538863206383,16_09_2024,No,No,No,No,COMP_NO,No
2954,538863206712,16_09_2024,Yes,No,No,No,COMP_NO,Yes
2955,538863216212,16_09_2024,No,No,No,No,COMP_NO,No
2956,538863248617,16_09_2024,No,No,No,No,COMP_NO,No
2957,538863251162,16_09_2024,No,No,No,No,COMP_NO,No
2958,538863303690,16_09_2024,No,No,No,No,COMP_NO,No
2959,538863308385,16_09_2024,No,No,No,No,COMP_NO,No
2960,538863311792,16_09_2024,No,No,No,No,COMP_NO,No
2961,538863313984,16_09_2024,No,No,No,No,COMP_NO,No
2962,538863314287,16_09_2024,No,No,No,No,COMP_NO,No
2963,538863315219,16_09_2024,No,No,No,No,COMP_NO,No
2964,538863317884,16_09_2024,No,No,No,No,COMP_NO,No
2965,539384479094,24_09_2024,No,No,No,No,COMP_NO,No
2966,539384479822,24_09_2024,No,Yes,No,Yes,COMP_NO,No
2967,539385144884,25_09_2024,No,No,No,No,COMP_NO,No
2968,539385186728,25_09_2024,No,No,No,No,COMP_NO,No
2969,539385212134,25_09_2024,No,No,No,No,COMP_NO,No
2970,539385280142,25_09_2024,No,No,No,No,COMP_NO,No
2971,539385307366,25_09_2024,No,No,No,No,COMP_NO,No
2972,539385317010,25_09_2024,No,No,No,No,COMP_NO,No
2973,539385331419,25_09_2024,No,No,No,No,COMP_NO,No
2974,539385331727,25_09_2024,No,No,No,No,COMP_NO,No
2975,539385361883,25_09_2024,No,No,No,No,COMP_NO,No
2976,539385413000,25_09_2024,No,No,No,No,COMP_NO,No
2977,539385427672,25_09_2024,No,No,No,No,COMP_NO,No
2978,539385452946,25_09_2024,No,No,No,No,COMP_NO,No
2979,539385480179,25_09_2024,No,No,No,No,COMP_NO,No
2980,539385499513,25_09_2024,No,No,No,No,COMP_NO,No
2981,539385537001,25_09_2024,Yes,No,No,No,COMP_NO,Yes
2982,539570587942,25_09_2024,No,No,No,No,COMP_NO,No
2983,539570590056,25_09_2024,No,No,No,No,COMP_NO,No
2984,539570613473,25_09_2024,No,No,No,No,COMP_NO,No
2985,539570613646,25_09_2024,No,No,No,No,COMP_NO,No
2986,539570738983,25_09_2024,No,No,No,No,COMP_NO,No
2987,539570749885,25_09_2024,No,No,No,No,COMP_NO,No
2988,539570833839,25_09_2024,No,No,No,No,COMP_NO,No
2989,539570834210,25_09_2024,No,No,No,No,COMP_NO,No
2990,538484409636,10_09_2024,No,No,No,No,COMP_NO,No
2991,538484413336,10_09_2024,No,No,No,No,COMP_NO,No
2992,538484417461,10_09_2024,No,No,No,No,COMP_NO,No
2993,538484434974,10_09_2024,No,Yes,No,Yes,COMP_NO,No
2994,538681878959,11_09_2024,No,No,No,No,COMP_NO,No
2995,538681884981,11_09_2024,No,No,No,No,COMP_NO,No
2996,538681904257,11_09_2024,No,Yes,No,No,COMP_NO,No
2997,538681949663,11_09_2024,No,No,No,No,COMP_NO,No
2998,538681952357,11_09_2024,No,No,No,No,COMP_NO,No
2999,538681964051,11_09_2024,No,No,No,No,COMP_NO,No
3000,538682133380,11_09_2024,No,Yes,No,No,COMP_NO,No
3001,538682134134,11_09_2024,No,No,No,No,COMP_NO,No
3002,538682137015,11_09_2024,No,No,No,No,COMP_NO,No
3003,538682232172,11_09_2024,No,No,No,No,COMP_NO,No
3004,538682232703,11_09_2024,No,No,No,No,COMP_NO,No
3005,538682232869,11_09_2024,No,No,No,No,COMP_NO,No
3006,538682233872,11_09_2024,No,No,No,No,COMP_NO,No
3007,538682428248,12_09_2024,No,No,No,No,COMP_NO,No
3008,538682430301,12_09_2024,No,No,No,No,COMP_NO,No
3009,538682433815,12_09_2024,No,No,No,No,COMP_NO,No
3010,538682465133,12_09_2024,No,No,No,No,COMP_NO,No
3011,538682534673,12_09_2024,No,No,No,No,COMP_NO,No
3012,538682536054,12_09_2024,No,No,No,No,COMP_NO,No
3013,538682576941,12_09_2024,No,No,No,Yes,COMP_NO,No
3014,538682589590,12_09_2024,No,No,No,No,COMP_NO,No
3015,538682645615,12_09_2024,No,No,No,No,COMP_NO,No
3016,538682648669,12_09_2024,No,No,No,No,COMP_NO,No
3017,538682709707,12_09_2024,No,Yes,No,No,COMP_CO,Yes
3018,538682791168,12_09_2024,No,No,No,No,COMP_NO,No
3019,538682791733,12_09_2024,No,No,No,No,COMP_NO,No
3020,538682792457,12_09_2024,No,Yes,No,No,COMP_NO,Yes
3021,538682820958,12_09_2024,No,No,No,No,COMP_CO,Yes
3022,538682823727,12_09_2024,No,No,No,No,COMP_NO,No
3023,538682823975,12_09_2024,No,No,No,No,COMP_NO,No
3024,538682825194,12_09_2024,No,Yes,No,No,COMP_CH,Yes
3025,538682828354,12_09_2024,No,No,No,No,COMP_NO,No
3026,538682888363,12_09_2024,No,No,No,Yes,COMP_NO,No
3027,538682901576,12_09_2024,No,Yes,No,Yes,COMP_NO,No
3028,538682954288,12_09_2024,No,No,No,No,COMP_NO,No
3029,538682954804,12_09_2024,No,No,No,No,COMP_NO,No
3030,538682955356,12_09_2024,No,No,No,No,COMP_NO,No
3031,538682955551,12_09_2024,No,No,No,No,COMP_NO,No
3032,538682993788,12_09_2024,No,No,No,No,COMP_NO,No
3033,538683005527,12_09_2024,No,No,No,No,COMP_NO,No
3034,538683360244,13_09_2024,No,Yes,No,Yes,COMP_CH,Yes
3035,538683360372,13_09_2024,No,No,No,No,COMP_NO,No
3036,538683363564,13_09_2024,No,No,No,No,COMP_NO,No
3037,538683402288,13_09_2024,No,No,No,No,COMP_AL,Yes
3038,538683404581,13_09_2024,No,No,No,No,COMP_NO,No
3039,538683404901,13_09_2024,No,No,No,No,COMP_NO,No
3040,538683471887,13_09_2024,No,No,No,No,COMP_NO,No
3041,538683473230,13_09_2024,No,No,No,No,COMP_NO,No
3042,538683495005,13_09_2024,No,Yes,No,No,COMP_AV,Yes
3043,538683495588,13_09_2024,No,No,No,No,COMP_NO,No
3044,538683541165,13_09_2024,No,Yes,No,No,COMP_SA,Yes
3045,538861595007,13_09_2024,No,Yes,No,No,COMP_SM,Yes
3046,538861597979,13_09_2024,No,No,No,No,COMP_NO,No
3047,538861598194,13_09_2024,No,No,No,No,COMP_NO,No
3048,538861629038,13_09_2024,No,No,No,No,COMP_NO,No
3049,538861630550,13_09_2024,No,No,No,No,COMP_NO,No
3050,538861684728,13_09_2024,No,No,No,No,COMP_NO,No
3051,538861699419,13_09_2024,No,No,No,No,COMP_NO,No
3052,538861725516,13_09_2024,No,No,No,No,COMP_NO,No
3053,538861753696,13_09_2024,No,No,No,No,COMP_NO,No
3054,538861754153,13_09_2024,No,No,No,No,COMP_NO,No
3055,538861757412,13_09_2024,No,No,No,No,COMP_NO,No
3056,538861793022,13_09_2024,No,Yes,No,No,COMP_CH,Yes
3057,538861793291,13_09_2024,No,No,No,No,COMP_NO,No
3058,538861796714,13_09_2024,No,No,No,No,COMP_NO,No
3059,538862700120,16_09_2024,No,Yes,No,Yes,COMP_NO,Yes
3060,538862703338,16_09_2024,No,No,No,No,COMP_NO,No
3061,538862745141,16_09_2024,No,No,No,No,COMP_NO,No
3062,538862745938,16_09_2024,No,No,No,No,COMP_NO,No
3063,538862784471,16_09_2024,No,No,No,No,COMP_NO,No
3064,538862826692,16_09_2024,No,No,No,No,COMP_NO,No
3065,538862858987,16_09_2024,No,No,No,No,COMP_NO,No
3066,538862911699,16_09_2024,No,No,No,No,COMP_NO,No
3067,538862912978,16_09_2024,No,No,No,No,COMP_NO,No
3068,538862913582,16_09_2024,No,No,No,No,COMP_NO,No
3069,538862927710,16_09_2024,No,No,No,No,COMP_NO,No
3070,538862941522,16_09_2024,No,No,No,No,COMP_NO,No
3071,538862942957,16_09_2024,No,No,No,No,COMP_NO,No
3072,538862964518,16_09_2024,No,No,No,No,COMP_NO,No
3073,538862971006,16_09_2024,No,No,No,No,COMP_NO,No
3074,538862971118,16_09_2024,No,Yes,No,Yes,COMP_NO,No
3075,538863096303,16_09_2024,No,No,No,No,COMP_NO,No
3076,538863100378,16_09_2024,No,Yes,No,Yes,COMP_NO,No
3077,538863140299,16_09_2024,No,No,No,No,COMP_NO,No
3078,538863174090,16_09_2024,No,Yes,No,Yes,COMP_CH,Yes
3079,538863174692,16_09_2024,No,No,No,No,COMP_NO,No
3080,538863178282,16_09_2024,No,No,No,No,COMP_NO,No
3081,538863182772,16_09_2024,No,No,No,No,COMP_NO,No
3082,538863217678,16_09_2024,No,No,No,No,COMP_NO,No
3083,538863218802,16_09_2024,No,No,No,No,COMP_NO,No
3084,538863274650,16_09_2024,No,No,No,No,COMP_NO,No
3085,538863278118,16_09_2024,No,No,No,No,COMP_NO,No
3086,538863280376,16_09_2024,No,No,No,No,COMP_NO,No
3087,538863290777,16_09_2024,No,No,No,No,COMP_NO,No
3088,538863294956,16_09_2024,No,No,No,No,COMP_NO,No
3089,538863321392,16_09_2024,No,No,No,No,COMP_NO,No
3090,538863326972,16_09_2024,No,No,No,No,COMP_NO,No
3091,539385152289,25_09_2024,No,No,No,No,COMP_NO,No
3092,539385154486,25_09_2024,No,No,No,No,COMP_NO,No
3093,539385162084,25_09_2024,No,No,No,No,COMP_NO,No
3094,539385175651,25_09_2024,Yes,No,No,No,COMP_NO,Yes
3095,539385184019,25_09_2024,No,No,No,Yes,COMP_NO,No
3096,539385192579,25_09_2024,No,No,No,No,COMP_NO,No
3097,539385194219,25_09_2024,No,No,No,No,COMP_NO,No
3098,539385197487,25_09_2024,No,No,No,No,COMP_NO,No
3099,539385198621,25_09_2024,No,No,No,No,COMP_NO,No
3100,539385215906,25_09_2024,No,No,No,No,COMP_NO,No
3101,539385217152,25_09_2024,No,No,No,No,COMP_NO,No
3102,539385217955,25_09_2024,No,No,No,No,COMP_NO,No
3103,539385220627,25_09_2024,No,No,No,No,COMP_NO,No
3104,539385223511,25_09_2024,No,No,No,No,COMP_NO,No
3105,539385224079,25_09_2024,No,No,No,No,COMP_NO,No
3106,539385229459,25_09_2024,No,No,No,No,COMP_NO,No
3107,539385232932,25_09_2024,No,Yes,No,No,COMP_CH,Yes
3108,539385233780,25_09_2024,No,No,No,No,COMP_NO,No
3109,539385236897,25_09_2024,No,No,No,No,COMP_NO,No
3110,539385237305,25_09_2024,No,No,No,No,COMP_NO,No
3111,539385245080,25_09_2024,No,No,No,No,COMP_NO,No
3112,539385254059,25_09_2024,No,Yes,No,No,COMP_NO,No
3113,539385261724,25_09_2024,No,No,No,No,COMP_NO,No
3114,539385269647,25_09_2024,No,No,No,No,COMP_NO,No
3115,539385271615,25_09_2024,No,No,No,No,COMP_NO,No
3116,539385272330,25_09_2024,No,No,No,No,COMP_NO,No
3117,539385295575,25_09_2024,No,No,No,No,COMP_NO,No
3118,539385295658,25_09_2024,No,No,No,No,COMP_NO,No
3119,539385297854,25_09_2024,No,No,No,No,COMP_NO,No
3120,539385317405,25_09_2024,No,Yes,No,Yes,COMP_NO,No
3121,539385321699,25_09_2024,No,No,No,No,COMP_NO,No
3122,539385321837,25_09_2024,No,Yes,No,No,COMP_CH,Yes
3123,539385326334,25_09_2024,No,No,No,No,COMP_NO,No
3124,539385327874,25_09_2024,No,No,No,Yes,COMP_NO,No
3125,539385328218,25_09_2024,No,No,No,No,COMP_NO,No
3126,539385328321,25_09_2024,No,Yes,No,Yes,COMP_NO,No
3127,539385332528,25_09_2024,No,No,No,No,COMP_NO,No
3128,539385332731,25_09_2024,No,No,No,No,COMP_NO,No
3129,539385344717,25_09_2024,No,No,No,No,COMP_NO,No
3130,539385350504,25_09_2024,No,No,No,No,COMP_NO,No
3131,539385361931,25_09_2024,No,No,No,No,COMP_NO,No
3132,539385363117,25_09_2024,No,No,No,No,COMP_NO,No
3133,539385366418,25_09_2024,No,No,No,No,COMP_NO,No
3134,539385369123,25_09_2024,No,No,No,No,COMP_NO,No
3135,539385387584,25_09_2024,No,No,No,No,COMP_NO,No
3136,539385392236,25_09_2024,No,No,No,No,COMP_NO,No
3137,539385395924,25_09_2024,No,No,No,No,COMP_NO,No
3138,539385397608,25_09_2024,No,No,No,No,COMP_NO,No
3139,539385403430,25_09_2024,No,No,No,No,COMP_NO,No
3140,539385403771,25_09_2024,No,No,No,No,COMP_NO,No
3141,539385414955,25_09_2024,No,No,No,No,COMP_NO,No
3142,539385416555,25_09_2024,No,No,No,No,COMP_NO,No
3143,539385416637,25_09_2024,No,No,No,No,COMP_NO,No
3144,539385417628,25_09_2024,No,No,No,No,COMP_NO,No
3145,539385418363,25_09_2024,No,No,No,No,COMP_NO,No
3146,539385424234,25_09_2024,No,No,No,No,COMP_SA,Yes
3147,539385425317,25_09_2024,No,No,No,No,COMP_NO,No
3148,539385428837,25_09_2024,No,No,No,No,COMP_NO,No
3149,539385429304,25_09_2024,No,No,No,No,COMP_NO,No
3150,539385439798,25_09_2024,No,No,No,No,COMP_NO,No
3151,539385455580,25_09_2024,No,No,No,No,COMP_NO,No
3152,539385468598,25_09_2024,No,No,No,No,COMP_NO,No
3153,539385469653,25_09_2024,No,No,No,No,COMP_NO,No
3154,539385470665,25_09_2024,No,No,No,No,COMP_NO,No
3155,539385485158,25_09_2024,No,No,No,No,COMP_NO,No
3156,539385493329,25_09_2024,No,Yes,No,No,COMP_NO,No
3157,539385499993,25_09_2024,No,No,No,No,COMP_NO,No
3158,539385523299,25_09_2024,No,No,No,No,COMP_NO,No
3159,539385526229,25_09_2024,No,No,No,No,COMP_NO,No
3160,539385526922,25_09_2024,No,No,No,No,COMP_NO,No
3161,539385535189,25_09_2024,No,No,No,No,COMP_NO,No
3162,539385536645,25_09_2024,No,No,No,No,COMP_NO,No
3163,539385542582,25_09_2024,No,No,No,No,COMP_NO,No
3164,539385544183,25_09_2024,No,No,No,No,COMP_NO,No
3165,539385545152,25_09_2024,No,No,No,No,COMP_NO,No
3166,539570566745,25_09_2024,No,Yes,No,No,COMP_SA,Yes
3167,539570578124,25_09_2024,No,No,No,No,COMP_NO,No
3168,539570580750,25_09_2024,No,No,No,No,COMP_NO,No
3169,539570592335,25_09_2024,No,No,No,No,COMP_NO,No
3170,539570604539,25_09_2024,No,No,No,No,COMP_NO,No
3171,539570605733,25_09_2024,No,Yes,No,Yes,COMP_NO,No
3172,539570619255,25_09_2024,No,No,No,No,COMP_NO,No
3173,539570624725,25_09_2024,No,No,No,No,COMP_NO,No
3174,539570627100,25_09_2024,No,No,No,No,COMP_NO,No
3175,539570630158,25_09_2024,No,Yes,No,Yes,COMP_NO,No
3176,539570634070,25_09_2024,No,No,No,No,COMP_NO,No
3177,539570641748,25_09_2024,No,No,No,No,COMP_NO,No
3178,539570642002,25_09_2024,No,No,No,No,COMP_NO,No
3179,539570654942,25_09_2024,No,Yes,No,Yes,COMP_NO,No
3180,539570657336,25_09_2024,No,No,No,No,COMP_NO,No
3181,539570664148,25_09_2024,No,No,No,No,COMP_NO,No
3182,539570709785,25_09_2024,No,No,No,No,COMP_NO,No
3183,539570720143,25_09_2024,No,No,No,No,COMP_NO,No
3184,539570722376,25_09_2024,No,No,No,No,COMP_NO,No
3185,539570724646,25_09_2024,No,No,No,No,COMP_NO,No
3186,539570727945,25_09_2024,No,No,No,No,COMP_NO,No
3187,539570740016,25_09_2024,No,No,No,No,COMP_NO,No
3188,539570745988,25_09_2024,No,No,No,No,COMP_NO,No
3189,539570759013,25_09_2024,No,No,No,No,COMP_NO,No
3190,539570774199,25_09_2024,No,No,No,No,COMP_NO,No
3191,539570774409,25_09_2024,No,No,No,No,COMP_NO,No
3192,539570801775,25_09_2024,No,No,No,No,COMP_NO,No
3193,539570803742,25_09_2024,No,No,No,No,COMP_NO,No
3194,539570834726,25_09_2024,No,No,No,No,COMP_NO,No
3195,539570978238,26_09_2024,No,No,No,No,COMP_NO,No
3196,539571000724,26_09_2024,No,No,No,No,COMP_NO,No
3197,539571001208,26_09_2024,No,No,No,No,COMP_NO,No
3198,539571012432,26_09_2024,No,No,No,No,COMP_NO,No
3199,539571027279,26_09_2024,No,No,No,No,COMP_NO,No
3200,538484440948,10_09_2024,No,No,No,No,COMP_NO,No
3201,538484446078,10_09_2024,No,No,No,No,COMP_NO,No
3202,538484481755,10_09_2024,No,No,No,No,COMP_NO,No
3203,538681658000,11_09_2024,No,No,No,No,COMP_NO,No
3204,538681658002,11_09_2024,No,No,No,Yes,COMP_NO,No
3205,538681747765,11_09_2024,No,No,No,No,COMP_NO,No
3206,538681749144,11_09_2024,No,No,No,No,COMP_NO,No
3207,538681750668,11_09_2024,No,No,No,No,COMP_NO,No
3208,538681755712,11_09_2024,No,No,No,No,COMP_NO,No
3209,538681761494,11_09_2024,No,No,No,No,COMP_NO,No
3210,538681770868,11_09_2024,Yes,No,No,No,COMP_NO,Yes
3211,538681905181,11_09_2024,Yes,Yes,No,Yes,COMP_SM,Yes
3212,538681910483,11_09_2024,No,No,No,No,COMP_NO,No
3213,538681932330,11_09_2024,No,No,No,No,COMP_NO,No
3214,538681984229,11_09_2024,No,No,No,No,COMP_NO,No
3215,538681991951,11_09_2024,No,No,No,No,COMP_NO,No
3216,538682049086,11_09_2024,No,No,No,No,COMP_NO,No
3217,538682084656,11_09_2024,No,No,No,Yes,COMP_NO,No
3218,538682087136,11_09_2024,No,No,No,No,COMP_NO,No
3219,538682099365,11_09_2024,No,No,No,No,COMP_NO,No
3220,538682100109,11_09_2024,No,No,No,No,COMP_NO,No
3221,538682109556,11_09_2024,No,No,No,No,COMP_NO,No
3222,538682168230,11_09_2024,No,Yes,No,Yes,COMP_CH,Yes
3223,538682238511,11_09_2024,No,No,No,No,COMP_NO,No
3224,538682242354,11_09_2024,Yes,No,No,No,COMP_SA,Yes
3225,538682252893,11_09_2024,No,No,No,No,COMP_NO,No
3226,538682445857,12_09_2024,No,No,No,No,COMP_NO,No
3227,538682448710,12_09_2024,No,No,No,No,COMP_NO,No
3228,538682470615,12_09_2024,No,No,No,No,COMP_NO,No
3229,538682481304,12_09_2024,No,No,No,No,COMP_NO,No
3230,538682484932,12_09_2024,No,No,No,No,COMP_NO,No
3231,538682502218,12_09_2024,No,No,No,No,COMP_NO,No
3232,538682502620,12_09_2024,No,No,No,No,COMP_NO,No
3233,538682503419,12_09_2024,No,No,No,No,COMP_NO,No
3234,538682540979,12_09_2024,No,No,No,No,COMP_NO,No
3235,538682541177,12_09_2024,No,No,No,No,COMP_NO,No
3236,538682543039,12_09_2024,No,No,No,No,COMP_NO,No
3237,538682545042,12_09_2024,No,No,No,No,COMP_NO,No
3238,538682561238,12_09_2024,No,Yes,No,Yes,COMP_NO,No
3239,538682590060,12_09_2024,No,No,No,No,COMP_NO,No
3240,538682598076,12_09_2024,No,No,No,No,COMP_NO,No
3241,538682614468,12_09_2024,No,No,No,No,COMP_NO,No
3242,538682658223,12_09_2024,No,No,No,No,COMP_NO,No
3243,538682661580,12_09_2024,No,No,No,No,COMP_NO,No
3244,538682684443,12_09_2024,No,Yes,No,Yes,COMP_NO,No
3245,538682684896,12_09_2024,No,No,No,No,COMP_NO,No
3246,538682685003,12_09_2024,No,No,No,No,COMP_NO,No
3247,538682685381,12_09_2024,No,No,No,No,COMP_NO,No
3248,538682688928,12_09_2024,No,No,No,No,COMP_NO,No
3249,538682710378,12_09_2024,No,No,No,No,COMP_NO,No
3250,538682715038,12_09_2024,No,No,No,Yes,COMP_NO,No
3251,538682718760,12_09_2024,Yes,Yes,No,No,COMP_SA,Yes
3252,538682722101,12_09_2024,No,No,No,No,COMP_NO,No
3253,538682736467,12_09_2024,No,Yes,No,Yes,COMP_NO,No
3254,538682739093,12_09_2024,Yes,No,No,No,COMP_SA,Yes
3255,538682739726,12_09_2024,No,No,No,No,COMP_NO,No
3256,538682746599,12_09_2024,No,No,No,No,COMP_NO,No
3257,538682747998,12_09_2024,No,Yes,No,Yes,COMP_NO,No
3258,538682797586,12_09_2024,No,No,No,No,COMP_NO,No
3259,538682829707,12_09_2024,No,No,No,No,COMP_NO,No
3260,538682837094,12_09_2024,No,No,No,No,COMP_NO,No
3261,538682838045,12_09_2024,No,No,No,No,COMP_NO,No
3262,538682838112,12_09_2024,Yes,Yes,No,Yes,COMP_PE,Yes
3263,538682891461,12_09_2024,No,No,No,No,COMP_NO,No
3264,538682909121,12_09_2024,No,No,No,No,COMP_NO,No
3265,538682912765,12_09_2024,Yes,No,No,No,COMP_NO,Yes
3266,538682914382,12_09_2024,No,No,No,No,COMP_NO,No
3267,538682957696,12_09_2024,Yes,Yes,No,No,COMP_AL,Yes
3268,538682961361,12_09_2024,No,No,No,No,COMP_NO,No
3269,538682963831,12_09_2024,No,No,No,No,COMP_NO,No
3270,538682966366,12_09_2024,No,No,No,No,COMP_NO,No
3271,538682966677,12_09_2024,No,No,No,No,COMP_NO,No
3272,538682970297,12_09_2024,Yes,Yes,No,Yes,COMP_CO,Yes
3273,538683015514,12_09_2024,No,No,No,No,COMP_NO,No
3274,538683029411,12_09_2024,No,Yes,No,Yes,COMP_NO,No
3275,538683043813,12_09_2024,No,No,No,No,COMP_NO,No
3276,538683046981,12_09_2024,No,No,No,No,COMP_NO,No
3277,538683049569,12_09_2024,No,No,No,No,COMP_NO,No
3278,538683049636,12_09_2024,No,No,No,No,COMP_NO,No
3279,538683051150,12_09_2024,No,No,No,No,COMP_NO,No
3280,538683054924,12_09_2024,No,No,No,No,COMP_NO,No
3281,538683085415,12_09_2024,Yes,Yes,No,Yes,COMP_CH,Yes
3282,538683086825,12_09_2024,No,No,No,No,COMP_NO,No
3283,538683087942,12_09_2024,No,No,No,No,COMP_NO,No
3284,538683092326,12_09_2024,No,No,No,No,COMP_NO,No
3285,538683095086,12_09_2024,No,No,No,Yes,COMP_NO,No
3286,538683099199,12_09_2024,No,No,No,No,COMP_NO,No
3287,538683332606,13_09_2024,No,No,No,No,COMP_NO,No
3288,538683343277,13_09_2024,No,No,No,No,COMP_NO,No
3289,538683343967,13_09_2024,No,No,No,No,COMP_NO,No
3290,538683346800,13_09_2024,No,No,No,No,COMP_NO,No
3291,538683363822,13_09_2024,No,No,No,No,COMP_NO,No
3292,538683372455,13_09_2024,No,No,No,No,COMP_NO,No
3293,538683378882,13_09_2024,No,No,No,No,COMP_NO,No
3294,538683383460,13_09_2024,No,No,No,No,COMP_NO,No
3295,538683410299,13_09_2024,No,No,No,No,COMP_NO,No
3296,538683410925,13_09_2024,No,No,No,No,COMP_NO,No
3297,538683412094,13_09_2024,No,No,No,No,COMP_NO,No
3298,538683416666,13_09_2024,No,No,No,No,COMP_NO,No
3299,538683433884,13_09_2024,No,Yes,No,Yes,COMP_NO,No
3300,538683434322,13_09_2024,No,No,No,No,COMP_NO,No
3301,538683434438,13_09_2024,No,No,No,No,COMP_NO,No
3302,538683440272,13_09_2024,No,No,No,No,COMP_NO,No
3303,538683474563,13_09_2024,No,No,No,No,COMP_NO,No
3304,538683477782,13_09_2024,No,No,No,No,COMP_NO,No
3305,538683497726,13_09_2024,No,No,No,No,COMP_NO,No
3306,538683501781,13_09_2024,No,No,No,No,COMP_NO,No
3307,538683503106,13_09_2024,No,No,No,No,COMP_NO,No
3308,538683503984,13_09_2024,No,No,No,No,COMP_NO,No
3309,538683505923,13_09_2024,No,No,No,No,COMP_NO,No
3310,538861546116,13_09_2024,No,No,No,No,COMP_NO,No
3311,538861546511,13_09_2024,No,No,No,No,COMP_NO,No
3312,538861602104,13_09_2024,No,No,No,No,COMP_NO,No
3313,538861612350,13_09_2024,No,No,No,No,COMP_NO,No
3314,538861613819,13_09_2024,No,No,No,No,COMP_NO,No
3315,538861615627,13_09_2024,No,No,No,No,COMP_NO,No
3316,538861641093,13_09_2024,No,No,No,No,COMP_NO,No
3317,538861646032,13_09_2024,No,No,No,No,COMP_NO,No
3318,538861647203,13_09_2024,No,No,No,No,COMP_NO,No
3319,538861647943,13_09_2024,No,No,No,No,COMP_NO,No
3320,538861657793,13_09_2024,No,No,No,No,COMP_NO,No
3321,538861659378,13_09_2024,No,No,No,No,COMP_NO,No
3322,538861759844,13_09_2024,No,No,No,No,COMP_NO,No
3323,538861761807,13_09_2024,No,No,No,No,COMP_NO,No
3324,538861762596,13_09_2024,No,No,No,No,COMP_NO,No
3325,538861763257,13_09_2024,No,No,No,No,COMP_NO,No
3326,538861764676,13_09_2024,No,No,No,No,COMP_NO,No
3327,538861799895,13_09_2024,No,No,No,No,COMP_NO,No
3328,538862714754,16_09_2024,No,No,No,No,COMP_NO,No
3329,538862715890,16_09_2024,No,No,No,No,COMP_NO,No
3330,538862718019,16_09_2024,No,No,No,No,COMP_NO,No
3331,538862718307,16_09_2024,No,No,No,No,COMP_NO,No
3332,538862746486,16_09_2024,No,No,No,No,COMP_NO,No
3333,538862749095,16_09_2024,No,No,No,No,COMP_NO,No
3334,538862753789,16_09_2024,No,No,No,No,COMP_NO,No
3335,538862755565,16_09_2024,No,No,No,No,COMP_NO,No
3336,538862785866,16_09_2024,No,No,No,No,COMP_NO,No
3337,538862787307,16_09_2024,No,No,No,No,COMP_NO,No
3338,538862790609,16_09_2024,No,Yes,No,No,COMP_CH,Yes
3339,538862791109,16_09_2024,No,Yes,No,Yes,COMP_CH,Yes
3340,538862826697,16_09_2024,No,Yes,No,No,COMP_NO,No
3341,538862827786,16_09_2024,No,No,No,Yes,COMP_NO,No
3342,538862829442,16_09_2024,No,No,No,No,COMP_NO,No
3343,538862860022,16_09_2024,No,No,No,No,COMP_NO,No
3344,538862864128,16_09_2024,No,No,No,No,COMP_NO,No
3345,538862865396,16_09_2024,No,No,No,No,COMP_NO,No
3346,538862869081,16_09_2024,No,Yes,No,Yes,COMP_NO,No
3347,538862915814,16_09_2024,No,No,No,No,COMP_NO,No
3348,538862917265,16_09_2024,No,No,No,No,COMP_NO,No
3349,538862918379,16_09_2024,Yes,Yes,No,Yes,COMP_NO,Yes
3350,538862919809,16_09_2024,No,No,No,No,COMP_NO,No
3351,538862931124,16_09_2024,No,No,No,No,COMP_NO,No
3352,538862946433,16_09_2024,No,Yes,No,No,COMP_CH,Yes
3353,538862979092,16_09_2024,No,No,No,No,COMP_NO,No
3354,538862982398,16_09_2024,No,No,No,No,COMP_NO,No
3355,538862984110,16_09_2024,No,No,No,No,COMP_NO,No
3356,538863023067,16_09_2024,No,Yes,No,No,COMP_CH,Yes
3357,538863025443,16_09_2024,No,No,No,No,COMP_NO,No
3358,538863030071,16_09_2024,No,No,No,No,COMP_NO,No
3359,538863048437,16_09_2024,Yes,Yes,No,Yes,COMP_AC,Yes
3360,538863048909,16_09_2024,No,No,No,No,COMP_NO,No
3361,538863049044,16_09_2024,No,No,No,No,COMP_NO,No
3362,538863049831,16_09_2024,No,No,No,No,COMP_NO,No
3363,538863057411,16_09_2024,No,No,No,No,COMP_NO,No
3364,538863057414,16_09_2024,No,No,No,No,COMP_NO,No
3365,538863061961,16_09_2024,No,No,No,No,COMP_NO,No
3366,538863100939,16_09_2024,No,No,No,No,COMP_NO,No
3367,538863103777,16_09_2024,No,No,No,No,COMP_NO,No
3368,538863110063,16_09_2024,No,No,No,No,COMP_NO,No
3369,538863112156,16_09_2024,No,No,No,No,COMP_NO,No
3370,538863153053,16_09_2024,No,No,No,No,COMP_NO,No
3371,538863197489,16_09_2024,No,No,No,No,COMP_NO,No
3372,538863198022,16_09_2024,No,No,No,No,COMP_NO,No
3373,538863198299,16_09_2024,No,No,No,No,COMP_NO,No
3374,538863198304,16_09_2024,No,Yes,No,Yes,COMP_NO,No
3375,538863253327,16_09_2024,No,No,No,No,COMP_NO,No
3376,538863254243,16_09_2024,No,No,No,No,COMP_NO,No
3377,538863255872,16_09_2024,No,No,No,No,COMP_NO,No
3378,538863258355,16_09_2024,No,No,No,No,COMP_NO,No
3379,538863264105,16_09_2024,No,No,No,No,COMP_NO,No
3380,538863283653,16_09_2024,No,No,No,No,COMP_NO,No
3381,538863333427,16_09_2024,No,No,No,No,COMP_NO,No
3382,539384932909,24_09_2024,No,Yes,No,Yes,COMP_CH,Yes
3383,539385177480,25_09_2024,No,No,No,No,COMP_NO,No
3384,539385184634,25_09_2024,No,No,No,No,COMP_NO,No
3385,539385195351,25_09_2024,Yes,No,No,No,COMP_NO,Yes
3386,539385202676,25_09_2024,No,No,No,No,COMP_NO,No
3387,539385219743,25_09_2024,No,No,No,No,COMP_NO,No
3388,539385259960,25_09_2024,No,No,No,No,COMP_NO,No
3389,539385282920,25_09_2024,Yes,Yes,No,No,COMP_CH,Yes
3390,539385323464,25_09_2024,No,No,No,No,COMP_NO,No
3391,539385335313,25_09_2024,No,No,No,No,COMP_NO,No
3392,539385354639,25_09_2024,No,No,No,No,COMP_NO,No
3393,539385355149,25_09_2024,No,No,No,No,COMP_NO,No
3394,539385364391,25_09_2024,No,No,No,No,COMP_NO,No
3395,539385366631,25_09_2024,No,No,No,No,COMP_NO,No
3396,539385398716,25_09_2024,No,No,No,No,COMP_NO,No
3397,539385404719,25_09_2024,No,No,No,No,COMP_NO,No
3398,539385408105,25_09_2024,No,No,No,No,COMP_NO,No
3399,539385500304,25_09_2024,No,No,No,No,COMP_NO,No
3400,539385523934,25_09_2024,No,No,No,No,COMP_NO,No
3401,539385524846,25_09_2024,No,No,No,No,COMP_NO,No
3402,539570552880,25_09_2024,No,No,No,No,COMP_NO,No
3403,539570581594,25_09_2024,No,No,No,No,COMP_NO,No
3404,539570619294,25_09_2024,Yes,Yes,No,Yes,COMP_CH,Yes
3405,539570635116,25_09_2024,No,No,No,No,COMP_NO,No
3406,539570649421,25_09_2024,No,No,No,No,COMP_NO,No
3407,539570658159,25_09_2024,No,No,No,No,COMP_NO,No
3408,539570666802,25_09_2024,No,No,No,No,COMP_NO,No
3409,539570734872,25_09_2024,No,No,No,No,COMP_NO,No
3410,539570747683,25_09_2024,No,No,No,No,COMP_NO,No
3411,539570748546,25_09_2024,No,Yes,No,Yes,COMP_NO,No
3412,539571006297,26_09_2024,No,No,No,No,COMP_NO,No
3413,539571008098,26_09_2024,No,No,No,No,COMP_NO,No
3414,539571014328,26_09_2024,No,No,No,No,COMP_NO,No
3415,539571040254,26_09_2024,No,No,No,No,COMP_NO,No
3416,539571047271,26_09_2024,No,No,No,No,COMP_NO,No
3417,538681664717,11_09_2024,No,No,No,No,COMP_NO,No
3418,538681934002,11_09_2024,No,Yes,No,Yes,COMP_CH,Yes
3419,538681937860,11_09_2024,No,Yes,No,Yes,COMP_NO,No
3420,538682111490,11_09_2024,No,No,No,No,COMP_NO,No
3421,538682113807,11_09_2024,No,No,No,No,COMP_NO,No
3422,538682114829,11_09_2024,No,No,No,No,COMP_NO,No
3423,538682115691,11_09_2024,No,No,No,No,COMP_NO,No
3424,538682116572,11_09_2024,No,No,No,No,COMP_NO,No
3425,538682169682,11_09_2024,No,Yes,No,Yes,COMP_AC,Yes
3426,538682922358,12_09_2024,No,Yes,No,Yes,COMP_NO,No
3427,538682923318,12_09_2024,No,No,No,No,COMP_NO,No
3428,538682974906,12_09_2024,No,No,No,No,COMP_NO,No
3429,538683056817,12_09_2024,No,No,No,No,COMP_NO,No
3430,538683057262,12_09_2024,No,No,No,No,COMP_NO,No
3431,538683100617,12_09_2024,Yes,Yes,No,Yes,COMP_CH,Yes
3432,538683267103,13_09_2024,No,No,No,No,COMP_NO,No
3433,538683269805,13_09_2024,No,No,No,No,COMP_NO,No
3434,538683349005,13_09_2024,No,No,No,No,COMP_NO,No
3435,538683385831,13_09_2024,No,No,No,No,COMP_NO,No
3436,538683458832,13_09_2024,No,No,No,No,COMP_NO,No
3437,538683478414,13_09_2024,No,No,No,No,COMP_NO,No
3438,538683511342,13_09_2024,No,No,No,No,COMP_NO,No
3439,538683516865,13_09_2024,No,No,No,No,COMP_NO,No
3440,538861550735,13_09_2024,No,No,No,No,COMP_NO,No
3441,538861704673,13_09_2024,No,No,No,No,COMP_NO,No
3442,538861715032,13_09_2024,No,No,No,No,COMP_NO,No
3443,538861721926,13_09_2024,No,No,No,No,COMP_NO,No
3444,538862794627,16_09_2024,No,Yes,No,No,COMP_NO,No
3445,538862829549,16_09_2024,No,No,No,No,COMP_NO,No
3446,538862878127,16_09_2024,No,No,No,No,COMP_NO,No
3447,538862879232,16_09_2024,Yes,No,No,No,COMP_NO,Yes
3448,538862879639,16_09_2024,No,No,No,Yes,COMP_NO,No
3449,538863030295,16_09_2024,No,Yes,No,Yes,COMP_NO,No
3450,538863063873,16_09_2024,No,No,No,No,COMP_NO,No
3451,538863116074,16_09_2024,No,Yes,No,Yes,COMP_NO,No
3452,538863120885,16_09_2024,No,No,No,No,COMP_NO,No
3453,538863123085,16_09_2024,No,No,No,No,COMP_NO,No
3454,538863219079,16_09_2024,Yes,Yes,No,Yes,COMP_PQ,Yes
3455,538863263384,16_09_2024,No,No,No,No,COMP_NO,No
3456,539385383061,25_09_2024,No,Yes,No,No,COMP_NO,No
3457,539385383604,25_09_2024,No,No,No,No,COMP_NO,No
3458,539571061504,26_09_2024,No,No,No,No,COMP_NO,No
3459,539571154686,26_09_2024,No,No,No,No,COMP_NO,No
3460,539571174597,26_09_2024,No,No,No,No,COMP_NO,No
3461,539571199316,26_09_2024,No,No,No,No,COMP_NO,No
3462,539571239894,26_09_2024,No,No,No,No,COMP_NO,No
3463,539571241106,26_09_2024,No,No,No,No,COMP_NO,No
3464,539571250968,26_09_2024,No,No,No,No,COMP_NO,No
3465,539571274078,26_09_2024,No,No,No,No,COMP_NO,No
3466,539571295580,26_09_2024,Yes,Yes,No,Yes,COMP_CH,Yes
3467,539571296570,26_09_2024,No,No,No,No,COMP_NO,No
3468,539571317626,26_09_2024,No,No,No,No,COMP_NO,No
3469,539571365815,26_09_2024,No,No,No,No,COMP_NO,No
3470,539571400060,26_09_2024,No,No,No,No,COMP_NO,No
3471,539571401169,26_09_2024,No,No,No,No,COMP_NO,No
3472,539571426471,26_09_2024,No,No,No,No,COMP_NO,No
3473,539571427758,26_09_2024,No,No,No,No,COMP_NO,No
3474,539571437444,26_09_2024,No,No,No,No,COMP_NO,No
3475,539571468542,26_09_2024,No,Yes,No,Yes,COMP_NO,No
3476,539571483261,26_09_2024,No,Yes,No,Yes,COMP_NO,No
3477,539571484819,26_09_2024,No,No,No,No,COMP_NO,No
3478,539571503376,26_09_2024,No,No,No,No,COMP_NO,No
3479,539571505209,26_09_2024,No,No,No,No,COMP_NO,No
3480,539571518365,26_09_2024,No,Yes,No,Yes,COMP_NO,No
3481,539571526697,26_09_2024,No,No,No,Yes,COMP_NO,No
3482,539571529020,26_09_2024,No,No,No,No,COMP_NO,No
3483,539571561207,26_09_2024,No,No,No,No,COMP_NO,No
3484,539571591086,26_09_2024,No,No,No,No,COMP_NO,No
3485,539571613855,26_09_2024,No,No,No,No,COMP_NO,No
3486,539571617104,26_09_2024,No,No,No,No,COMP_NO,No
3487,539571623004,26_09_2024,No,No,No,No,COMP_NO,No
3488,539571646007,26_09_2024,No,No,No,No,COMP_NO,No
3489,539571806884,27_09_2024,No,No,No,No,COMP_NO,No
3490,539571812835,27_09_2024,No,No,No,No,COMP_NO,No
3491,539571817805,27_09_2024,No,No,No,No,COMP_NO,No
3492,539571818276,27_09_2024,No,No,No,No,COMP_NO,No
3493,539571822914,27_09_2024,No,No,No,No,COMP_NO,No
3494,539571827846,27_09_2024,No,No,No,No,COMP_NO,No
3495,539571890259,27_09_2024,No,Yes,No,Yes,COMP_SM,Yes
3496,539571890677,27_09_2024,No,No,No,No,COMP_NO,No
3497,539571891056,27_09_2024,No,No,No,Yes,COMP_NO,No
3498,539571898519,27_09_2024,No,No,No,No,COMP_NO,No
3499,539571898878,27_09_2024,No,No,No,No,COMP_NO,No
3500,539571900525,27_09_2024,No,No,No,No,COMP_NO,No
3501,539571911349,27_09_2024,No,No,No,No,COMP_NO,No
3502,539571917048,27_09_2024,No,Yes,No,Yes,COMP_CH,Yes
3503,539571918086,27_09_2024,Yes,No,No,No,COMP_NO,Yes
3504,539571938175,27_09_2024,No,No,No,No,COMP_NO,No
3505,539571948932,27_09_2024,No,No,No,No,COMP_NO,No
3506,539571953079,27_09_2024,No,No,No,No,COMP_NO,No
3507,539571964550,27_09_2024,No,No,No,No,COMP_NO,No
3508,539571968961,27_09_2024,No,No,No,No,COMP_NO,No
3509,539571969623,27_09_2024,No,No,No,No,COMP_NO,No
3510,539571973034,27_09_2024,No,No,No,No,COMP_NO,No
3511,539571980552,27_09_2024,No,No,No,No,COMP_NO,No
3512,539571992506,27_09_2024,No,No,No,No,COMP_NO,No
3513,539571994351,27_09_2024,No,No,No,No,COMP_NO,No
3514,539572008046,27_09_2024,No,No,No,No,COMP_NO,No
3515,539572010637,27_09_2024,No,No,No,No,COMP_NO,No
3516,539572023735,27_09_2024,No,No,No,No,COMP_NO,No
3517,539572024133,27_09_2024,No,No,No,No,COMP_NO,No
3518,539572024686,27_09_2024,No,No,No,No,COMP_NO,No
3519,539572026776,27_09_2024,No,No,No,No,COMP_NO,No
3520,539572029775,27_09_2024,No,No,No,No,COMP_NO,No
3521,539572034086,27_09_2024,No,No,No,No,COMP_NO,No
3522,539572034354,27_09_2024,No,No,No,No,COMP_NO,No
3523,539572036376,27_09_2024,No,No,No,No,COMP_NO,No
3524,539572040024,27_09_2024,No,No,No,No,COMP_NO,No
3525,539572046985,27_09_2024,No,No,No,No,COMP_NO,No
3526,539572060947,27_09_2024,No,No,No,No,COMP_NO,No
3527,539572069709,27_09_2024,No,No,No,No,COMP_NO,No
3528,539572071572,27_09_2024,No,No,No,No,COMP_NO,No
3529,539572087274,27_09_2024,No,No,No,No,COMP_NO,No
3530,539572106139,27_09_2024,No,Yes,No,Yes,COMP_NO,No
3531,539572113728,27_09_2024,No,No,No,No,COMP_NO,No
3532,539572127679,27_09_2024,No,No,No,No,COMP_NO,No
3533,539572130598,27_09_2024,No,No,No,No,COMP_NO,No
3534,539572130774,27_09_2024,No,Yes,No,Yes,COMP_NO,No
3535,539572130835,27_09_2024,No,No,No,No,COMP_NO,No
3536,539572136208,27_09_2024,No,No,No,No,COMP_NO,No
3537,539572144944,27_09_2024,No,No,No,No,COMP_NO,No
3538,539572165107,27_09_2024,No,No,No,No,COMP_NO,No
3539,539572201089,27_09_2024,No,No,No,No,COMP_NO,No
3540,539572217319,27_09_2024,No,No,No,No,COMP_NO,No
3541,539572226060,27_09_2024,No,No,No,No,COMP_NO,No
3542,539572240918,27_09_2024,No,No,No,No,COMP_NO,No
3543,539572287299,27_09_2024,No,No,No,No,COMP_NO,No
3544,539572319807,27_09_2024,No,No,No,No,COMP_NO,No
3545,539572364559,27_09_2024,No,No,No,No,COMP_NO,No
3546,564755741867,16_10_2024,No,No,No,No,COMP_NO,No
3547,564755751460,16_10_2024,No,Yes,No,No,COMP_PE,Yes
3548,564755786616,16_10_2024,No,No,No,No,COMP_NO,No
3549,564755786869,16_10_2024,No,No,No,No,COMP_NO,No
3550,564755807537,16_10_2024,No,No,No,No,COMP_NO,No
3551,564755807939,16_10_2024,No,No,No,No,COMP_NO,No
3552,564755828501,16_10_2024,No,No,No,No,COMP_NO,No
3553,564755830153,16_10_2024,No,No,No,No,COMP_NO,No
3554,564755846268,16_10_2024,No,Yes,No,Yes,COMP_NO,No
3555,564755846592,16_10_2024,No,No,No,No,COMP_NO,No
3556,564755885642,16_10_2024,No,No,No,No,COMP_NO,No
3557,564755900217,16_10_2024,No,No,No,No,COMP_NO,No
3558,564755905099,16_10_2024,No,No,No,No,COMP_NO,No
3559,564755909569,16_10_2024,No,No,No,No,COMP_NO,No
3560,564755909893,16_10_2024,No,No,No,No,COMP_NO,No
3561,564755911553,16_10_2024,No,No,No,No,COMP_NO,No
3562,564755917465,16_10_2024,No,No,No,No,COMP_NO,No
3563,564755940182,16_10_2024,No,No,No,No,COMP_NO,No
3564,564755942105,16_10_2024,No,No,No,No,COMP_NO,No
3565,564755974404,16_10_2024,No,No,No,No,COMP_NO,No
3566,564755978235,16_10_2024,No,No,No,No,COMP_NO,No
3567,564755993720,16_10_2024,No,No,No,No,COMP_NO,No
3568,564756017688,16_10_2024,No,No,No,No,COMP_NO,No
3569,564756020757,16_10_2024,No,No,No,No,COMP_NO,No
3570,564756030564,16_10_2024,No,No,No,No,COMP_NO,No
3571,564756059600,16_10_2024,No,No,No,No,COMP_NO,No
3572,564756096409,16_10_2024,No,No,No,No,COMP_NO,No
3573,564756107619,16_10_2024,Yes,No,No,No,COMP_NO,Yes
3574,564756116510,16_10_2024,No,No,No,No,COMP_NO,No
3575,564756129077,16_10_2024,No,No,No,No,COMP_NO,No
3576,564756129243,16_10_2024,No,No,No,No,COMP_NO,No
3577,564756130294,16_10_2024,No,No,No,No,COMP_NO,No
3578,564756156514,16_10_2024,No,No,No,No,COMP_NO,No
3579,564756156650,16_10_2024,No,No,No,No,COMP_NO,No
3580,564756201965,16_10_2024,No,No,No,No,COMP_NO,No
3581,564756205730,16_10_2024,No,Yes,No,Yes,COMP_NO,No
3582,564756284175,16_10_2024,No,No,No,No,COMP_NO,No
3583,564756312695,16_10_2024,No,Yes,No,Yes,COMP_CH,Yes
3584,564756341740,16_10_2024,No,No,No,Yes,COMP_CH,Yes
3585,564756342233,16_10_2024,No,No,No,No,COMP_NO,No
3586,564756346212,16_10_2024,No,No,No,No,COMP_NO,No
3587,564756354668,16_10_2024,No,No,No,No,COMP_NO,No
3588,564756358995,16_10_2024,No,No,No,No,COMP_NO,No
3589,564756630539,17_10_2024,No,No,No,No,COMP_NO,No
3590,564756630696,17_10_2024,No,No,No,No,COMP_NO,No
3591,564756652753,17_10_2024,No,No,No,No,COMP_NO,No
3592,564756683995,17_10_2024,No,No,No,No,COMP_NO,No
3593,564756703256,17_10_2024,Yes,No,No,No,COMP_NO,Yes
3594,564756709529,17_10_2024,No,No,No,No,COMP_NO,No
3595,564756731559,17_10_2024,Yes,Yes,No,No,COMP_NO,Yes
3596,564756745597,17_10_2024,No,No,No,No,COMP_NO,No
3597,564756753855,17_10_2024,No,No,No,No,COMP_NO,No
3598,564756772136,17_10_2024,No,Yes,No,Yes,COMP_NO,No
3599,564756786306,17_10_2024,No,No,No,No,COMP_NO,No
3600,564756789342,17_10_2024,No,No,No,No,COMP_NO,No
3601,564756812590,17_10_2024,No,No,No,No,COMP_NO,No
3602,564756820851,17_10_2024,No,No,No,No,COMP_NO,No
3603,564756829410,17_10_2024,No,No,No,No,COMP_NO,No
3604,564756839728,17_10_2024,No,No,No,No,COMP_NO,No
3605,564756845913,17_10_2024,No,No,No,No,COMP_NO,No
3606,564756854739,17_10_2024,No,Yes,No,No,COMP_NO,No
3607,564756854992,17_10_2024,No,No,No,No,COMP_NO,No
3608,564756862487,17_10_2024,No,No,No,No,COMP_NO,No
3609,564756862590,17_10_2024,No,No,No,No,COMP_NO,No
3610,564756877028,17_10_2024,No,No,No,No,COMP_NO,No
3611,564756889100,17_10_2024,No,No,No,No,COMP_NO,No
3612,564756897251,17_10_2024,No,No,No,No,COMP_NO,No
3613,564756921802,17_10_2024,No,No,No,No,COMP_NO,No
3614,564756922142,17_10_2024,No,No,No,No,COMP_NO,No
3615,564756923980,17_10_2024,No,No,No,No,COMP_NO,No
3616,564756932688,17_10_2024,No,No,No,No,COMP_NO,No
3617,564756932781,17_10_2024,No,Yes,No,Yes,COMP_NO,No
3618,564756957623,17_10_2024,No,No,No,No,COMP_NO,No
3619,564756982415,17_10_2024,No,No,No,No,COMP_NO,No
3620,564756990603,17_10_2024,No,No,No,No,COMP_NO,No
3621,564757000370,17_10_2024,No,No,No,No,COMP_NO,No
3622,564757032479,17_10_2024,No,Yes,No,No,COMP_NO,No
3623,564757033150,17_10_2024,No,No,No,No,COMP_NO,No
3624,564757050808,17_10_2024,No,No,No,No,COMP_NO,No
3625,564757053221,17_10_2024,No,No,No,No,COMP_NO,No
3626,564757054292,17_10_2024,No,No,No,No,COMP_NO,No
3627,564757090173,17_10_2024,Yes,Yes,No,Yes,COMP_CH,Yes
3628,564757092310,17_10_2024,No,No,No,No,COMP_NO,No
3629,564757098185,17_10_2024,No,No,No,No,COMP_NO,No
3630,564757140222,17_10_2024,No,No,No,No,COMP_NO,No
3631,564757141043,17_10_2024,No,No,No,No,COMP_NO,No
3632,564757144786,17_10_2024,No,No,No,No,COMP_NO,No
3633,564757154442,17_10_2024,No,No,No,No,COMP_NO,No
3634,564757184918,17_10_2024,No,No,No,No,COMP_NO,No
3635,564757187068,17_10_2024,No,No,No,No,COMP_NO,No
3636,564757200140,17_10_2024,No,Yes,No,No,COMP_NO,No
3637,564757200601,17_10_2024,No,No,No,No,COMP_NO,No
3638,564757225698,17_10_2024,No,Yes,No,Yes,COMP_CH,Yes
3639,539049144277,17_09_2024,Yes,Yes,No,Yes,COMP_CO,Yes
3640,539570695759,25_09_2024,No,Yes,No,Yes,COMP_NO,No
3641,539570697394,25_09_2024,No,No,No,No,COMP_NO,No
3642,539571179924,26_09_2024,No,No,No,No,COMP_NO,No
3643,539571180843,26_09_2024,No,No,No,No,COMP_NO,No
3644,539571252895,26_09_2024,No,No,No,No,COMP_NO,No
3645,539571253157,26_09_2024,No,No,No,No,COMP_NO,No
3646,539571285910,26_09_2024,No,Yes,No,Yes,COMP_CO,Yes
3647,539571287718,26_09_2024,No,No,No,No,COMP_NO,No
3648,539571288800,26_09_2024,No,No,No,No,COMP_NO,No
3649,539571299645,26_09_2024,No,No,No,No,COMP_NO,No
3650,539571300328,26_09_2024,No,No,No,No,COMP_NO,No
3651,539571366523,26_09_2024,No,No,No,No,COMP_NO,No
3652,539571469768,26_09_2024,No,No,No,No,COMP_NO,No
3653,539571470210,26_09_2024,Yes,No,No,No,COMP_NO,Yes
3654,539571473662,26_09_2024,No,No,No,No,COMP_NO,No
3655,539571491926,26_09_2024,No,No,No,No,COMP_NO,No
3656,539571493089,26_09_2024,No,No,No,No,COMP_NO,No
3657,539571512700,26_09_2024,No,No,No,No,COMP_NO,No
3658,539571513917,26_09_2024,No,No,No,No,COMP_NO,No
3659,539571529153,26_09_2024,No,No,No,No,COMP_NO,No
3660,539571570108,26_09_2024,No,No,No,No,COMP_NO,No
3661,539571617314,26_09_2024,No,Yes,No,No,COMP_NO,No
3662,539571625972,26_09_2024,No,Yes,No,Yes,COMP_NO,No
3663,539571632654,26_09_2024,No,No,No,No,COMP_NO,No
3664,539571795040,27_09_2024,No,No,No,No,COMP_NO,No
3665,539571807307,27_09_2024,No,No,No,No,COMP_NO,No
3666,539571807997,27_09_2024,No,No,No,No,COMP_NO,No
3667,539571819122,27_09_2024,No,No,No,No,COMP_NO,No
3668,539571828204,27_09_2024,No,No,No,No,COMP_NO,No
3669,539571832124,27_09_2024,No,No,No,No,COMP_NO,No
3670,539571895546,27_09_2024,No,No,No,No,COMP_NO,No
3671,539571919651,27_09_2024,No,No,No,No,COMP_NO,No
3672,539571920104,27_09_2024,No,No,No,No,COMP_NO,No
3673,539571939006,27_09_2024,No,No,No,No,COMP_NO,No
3674,539571940579,27_09_2024,No,No,No,No,COMP_NO,No
3675,539571945667,27_09_2024,No,Yes,No,Yes,COMP_NO,No
3676,539571949535,27_09_2024,No,Yes,No,Yes,COMP_NO,No
3677,539571951041,27_09_2024,No,No,No,No,COMP_NO,No
3678,539571981012,27_09_2024,No,Yes,No,No,COMP_NO,No
3679,539571998492,27_09_2024,No,Yes,No,Yes,COMP_NO,No
3680,539572000700,27_09_2024,No,No,No,No,COMP_NO,No
3681,539572011822,27_09_2024,No,No,No,No,COMP_NO,No
3682,539572015532,27_09_2024,No,No,No,No,COMP_NO,No
3683,539572049963,27_09_2024,No,No,No,No,COMP_NO,No
3684,539572050952,27_09_2024,No,No,No,No,COMP_NO,No
3685,539572065250,27_09_2024,No,No,No,No,COMP_NO,No
3686,539572067837,27_09_2024,No,No,No,No,COMP_NO,No
3687,539572073693,27_09_2024,No,No,No,No,COMP_NO,No
3688,539572075559,27_09_2024,No,No,No,No,COMP_NO,No
3689,539572087636,27_09_2024,No,No,No,No,COMP_NO,No
3690,539572111624,27_09_2024,No,No,No,No,COMP_NO,No
3691,539572112403,27_09_2024,No,No,No,No,COMP_NO,No
3692,539572120639,27_09_2024,No,No,No,No,COMP_NO,No
3693,539572123525,27_09_2024,No,No,No,No,COMP_NO,No
3694,539572124465,27_09_2024,No,No,No,No,COMP_NO,No
3695,539572136805,27_09_2024,No,Yes,No,No,COMP_SM,Yes
3696,539572178319,27_09_2024,No,Yes,No,No,COMP_NO,No
3697,539572183618,27_09_2024,No,No,No,No,COMP_NO,No
3698,539572206093,27_09_2024,No,No,No,No,COMP_NO,No
3699,539572218418,27_09_2024,No,No,No,No,COMP_NO,No
3700,539572224073,27_09_2024,No,No,No,No,COMP_NO,No
3701,539572261334,27_09_2024,No,No,No,No,COMP_NO,No
3702,539572264127,27_09_2024,No,No,No,No,COMP_NO,No
3703,539572288323,27_09_2024,No,No,No,No,COMP_NO,No
3704,539572293405,27_09_2024,No,No,No,No,COMP_NO,No
3705,539572309943,27_09_2024,No,No,No,No,COMP_NO,No
3706,539572320368,27_09_2024,No,No,No,No,COMP_NO,No
3707,539572324593,27_09_2024,No,No,No,No,COMP_NO,No
3708,539572336867,27_09_2024,No,No,No,No,COMP_NO,No
3709,539572341148,27_09_2024,No,Yes,No,Yes,COMP_NO,No
3710,539572357403,27_09_2024,No,No,No,No,COMP_NO,No
3711,539572365703,27_09_2024,No,No,No,No,COMP_NO,No
3712,539572401496,27_09_2024,No,No,No,No,COMP_NO,No
3713,539719124513,30_09_2024,No,No,No,No,COMP_NO,No
3714,539719160110,30_09_2024,No,No,No,No,COMP_NO,No
3715,539719165883,30_09_2024,No,No,No,No,COMP_NO,No
3716,539719234118,30_09_2024,No,No,No,No,COMP_NO,No
3717,539719236247,30_09_2024,No,No,No,No,COMP_NO,No
3718,539719240911,30_09_2024,No,No,No,No,COMP_NO,No
3719,539719280412,30_09_2024,No,No,No,No,COMP_NO,No
3720,539719282991,30_09_2024,No,No,No,No,COMP_NO,No
3721,539719293947,30_09_2024,No,No,No,No,COMP_NO,No
3722,539719295755,30_09_2024,No,No,No,No,COMP_NO,No
3723,539719300122,30_09_2024,No,No,No,No,COMP_NO,No
3724,539719377815,30_09_2024,No,No,No,No,COMP_NO,No
3725,539719504448,30_09_2024,No,No,No,No,COMP_NO,No
3726,539719504677,30_09_2024,No,No,No,No,COMP_NO,No
3727,539719507688,30_09_2024,No,No,No,No,COMP_NO,No
3728,539719512650,30_09_2024,No,No,No,No,COMP_NO,No
3729,539719513241,30_09_2024,No,No,No,No,COMP_NO,No
3730,539719514737,30_09_2024,No,No,No,No,COMP_NO,No
3731,539719518161,30_09_2024,No,Yes,No,Yes,COMP_NO,No
3732,539719550756,30_09_2024,No,No,No,No,COMP_NO,No
3733,539719570417,30_09_2024,No,No,No,No,COMP_NO,No
3734,539719576911,30_09_2024,No,No,No,No,COMP_NO,No
3735,539719599759,30_09_2024,No,No,No,No,COMP_NO,No
3736,539719631099,30_09_2024,No,No,No,No,COMP_NO,No
3737,539719663035,30_09_2024,No,No,No,No,COMP_NO,No
3738,564755757297,16_10_2024,No,No,No,No,COMP_NO,No
3739,564755781552,16_10_2024,No,No,No,No,COMP_NO,No
3740,564755786980,16_10_2024,No,No,No,No,COMP_NO,No
3741,564755814424,16_10_2024,No,No,No,No,COMP_NO,No
3742,564755816065,16_10_2024,No,No,No,No,COMP_NO,No
3743,564755831322,16_10_2024,No,Yes,No,Yes,COMP_NO,No
3744,564755834094,16_10_2024,No,No,No,No,COMP_NO,No
3745,564755857317,16_10_2024,No,No,No,No,COMP_NO,No
3746,564755857392,16_10_2024,No,No,No,No,COMP_NO,No
3747,564755858291,16_10_2024,No,Yes,No,No,COMP_NO,Yes
3748,564755886841,16_10_2024,No,No,No,No,COMP_NO,No
3749,564755887658,16_10_2024,No,No,No,No,COMP_NO,No
3750,564755895004,16_10_2024,No,No,No,No,COMP_NO,No
3751,564755918334,16_10_2024,No,No,No,No,COMP_NO,No
3752,564755924409,16_10_2024,No,No,No,No,COMP_NO,No
3753,564755952211,16_10_2024,No,No,No,No,COMP_NO,No
3754,564755964597,16_10_2024,No,No,No,No,COMP_NO,No
3755,564755969341,16_10_2024,No,No,No,No,COMP_NO,No
3756,564755980285,16_10_2024,No,No,No,No,COMP_NO,No
3757,564755980405,16_10_2024,No,No,No,No,COMP_NO,No
3758,564756002255,16_10_2024,No,No,No,No,COMP_NO,No
3759,564756005200,16_10_2024,No,No,No,No,COMP_NO,No
3760,564756005974,16_10_2024,No,No,No,No,COMP_NO,No
3761,564756027653,16_10_2024,No,No,No,No,COMP_NO,No
3762,564756028499,16_10_2024,No,No,No,No,COMP_NO,No
3763,564756036755,16_10_2024,No,No,No,No,COMP_NO,No
3764,564756037388,16_10_2024,No,No,No,No,COMP_NO,No
3765,564756043104,16_10_2024,No,No,No,No,COMP_NO,No
3766,564756044123,16_10_2024,No,No,No,No,COMP_NO,No
3767,564756052742,16_10_2024,No,No,No,No,COMP_NO,No
3768,564756061207,16_10_2024,No,No,No,No,COMP_NO,No
3769,564756061685,16_10_2024,No,No,No,No,COMP_NO,No
3770,564756113531,16_10_2024,No,No,No,No,COMP_NO,No
3771,564756120463,16_10_2024,No,No,No,No,COMP_NO,No
3772,564756120634,16_10_2024,No,No,No,No,COMP_NO,No
3773,564756137938,16_10_2024,No,No,No,No,COMP_NO,No
3774,564756138938,16_10_2024,No,No,No,No,COMP_NO,No
3775,564756158305,16_10_2024,Yes,Yes,No,Yes,COMP_CH,Yes
3776,564756161070,16_10_2024,No,No,No,No,COMP_NO,No
3777,564756161352,16_10_2024,No,No,No,No,COMP_NO,No
3778,564756162577,16_10_2024,No,No,No,No,COMP_NO,No
3779,564756171069,16_10_2024,No,No,No,No,COMP_NO,No
3780,564756179020,16_10_2024,No,No,No,No,COMP_NO,No
3781,564756182122,16_10_2024,No,No,No,No,COMP_NO,No
3782,564756183844,16_10_2024,No,No,No,No,COMP_NO,No
3783,564756206756,16_10_2024,No,No,No,No,COMP_NO,No
3784,564756210575,16_10_2024,No,No,No,No,COMP_NO,No
3785,564756216257,16_10_2024,Yes,No,No,No,COMP_NO,Yes
3786,564756235639,16_10_2024,No,No,No,No,COMP_NO,No
3787,564756239665,16_10_2024,No,No,No,No,COMP_NO,No
3788,564756244774,16_10_2024,No,Yes,No,Yes,COMP_CH,Yes
3789,564756315653,16_10_2024,No,No,No,No,COMP_NO,No
3790,564756317183,16_10_2024,No,No,No,No,COMP_NO,No
3791,564756361082,16_10_2024,No,No,No,No,COMP_NO,No
3792,564756361426,16_10_2024,Yes,Yes,Yes,Yes,COMP_PQ,Yes
3793,564756367863,16_10_2024,No,No,No,No,COMP_NO,No
3794,564756373047,16_10_2024,No,No,No,No,COMP_NO,No
3795,564756374617,16_10_2024,No,No,No,No,COMP_NO,No
3796,564756374650,16_10_2024,No,No,No,No,COMP_NO,No
3797,564756379367,16_10_2024,No,Yes,No,Yes,COMP_NO,No
3798,564756406538,16_10_2024,No,Yes,No,Yes,COMP_NO,No
3799,564756407660,16_10_2024,No,No,No,No,COMP_NO,No
3800,564756587004,17_10_2024,No,No,No,No,COMP_NO,No
3801,564756599642,17_10_2024,No,No,No,No,COMP_NO,No
3802,564756618462,17_10_2024,No,No,No,No,COMP_NO,No
3803,564756631171,17_10_2024,No,Yes,No,Yes,COMP_NO,No
3804,564756658939,17_10_2024,No,No,No,No,COMP_NO,No
3805,564756666754,17_10_2024,No,No,No,No,COMP_NO,No
3806,564756693302,17_10_2024,No,No,No,No,COMP_NO,No
3807,564756698275,17_10_2024,No,No,No,No,COMP_NO,No
3808,564756715115,17_10_2024,No,Yes,No,No,COMP_NO,No
3809,564756738358,17_10_2024,No,No,No,No,COMP_NO,No
3810,564756756239,17_10_2024,No,Yes,No,No,COMP_CH,Yes
3811,564756772869,17_10_2024,No,No,No,No,COMP_NO,No
3812,564756776180,17_10_2024,No,No,No,No,COMP_NO,No
3813,564756789541,17_10_2024,No,No,No,No,COMP_NO,No
3814,564756857823,17_10_2024,No,No,No,No,COMP_NO,No
3815,564756864850,17_10_2024,No,No,No,No,COMP_NO,No
3816,564756877528,17_10_2024,No,No,No,No,COMP_NO,No
3817,564756877779,17_10_2024,No,No,No,No,COMP_NO,No
3818,564756897516,17_10_2024,No,No,No,No,COMP_NO,No
3819,564756897617,17_10_2024,No,No,No,No,COMP_NO,No
3820,564756938041,17_10_2024,No,No,No,No,COMP_NO,No
3821,564756948031,17_10_2024,No,Yes,No,No,COMP_CH,Yes
3822,564756962397,17_10_2024,No,No,No,No,COMP_NO,No
3823,564756963264,17_10_2024,No,No,No,No,COMP_NO,No
3824,564756968194,17_10_2024,No,No,No,No,COMP_NO,No
3825,564756992737,17_10_2024,No,Yes,No,Yes,COMP_NO,No
3826,564757002309,17_10_2024,No,No,No,No,COMP_NO,No
3827,564757034276,17_10_2024,No,No,No,No,COMP_NO,No
3828,564757056827,17_10_2024,No,No,No,No,COMP_NO,No
3829,564757059490,17_10_2024,No,Yes,No,Yes,COMP_NO,No
3830,564757062856,17_10_2024,No,No,No,No,COMP_NO,No
3831,564757072892,17_10_2024,No,No,No,No,COMP_NO,No
3832,564757073014,17_10_2024,No,No,No,No,COMP_NO,No
3833,564757075503,17_10_2024,No,No,No,No,COMP_NO,No
3834,564757100559,17_10_2024,No,No,No,No,COMP_NO,No
3835,564757102835,17_10_2024,No,No,No,No,COMP_NO,No
3836,564757104712,17_10_2024,No,No,No,No,COMP_NO,No
3837,564757104724,17_10_2024,No,No,No,No,COMP_NO,No
3838,564757147073,17_10_2024,No,No,No,No,COMP_NO,No
3839,564757152456,17_10_2024,No,No,No,No,COMP_NO,No
3840,564757155865,17_10_2024,No,No,No,No,COMP_NO,No
3841,564757165109,17_10_2024,No,No,No,No,COMP_NO,No
3842,564757200679,17_10_2024,No,No,No,No,COMP_NO,No
3843,564757206415,17_10_2024,No,No,No,No,COMP_NO,No
3844,564757230978,17_10_2024,No,No,No,No,COMP_NO,No
3845,564757231832,17_10_2024,No,No,No,No,COMP_NO,Yes
3846,564757233026,17_10_2024,No,No,No,No,COMP_NO,No
3847,564757239420,17_10_2024,No,No,No,No,COMP_NO,No
3848,564757381125,18_10_2024,No,No,No,No,COMP_NO,No
3849,564757386260,18_10_2024,No,No,No,No,COMP_NO,No
3850,564757391605,18_10_2024,No,No,No,No,COMP_NO,No
3851,564757391970,18_10_2024,No,No,No,No,COMP_NO,No
3852,564757398989,18_10_2024,No,Yes,No,Yes,COMP_NO,No
3853,564757442573,18_10_2024,No,No,No,No,COMP_NO,No
3854,564757443534,18_10_2024,No,No,No,No,COMP_NO,No
3855,564757454789,18_10_2024,No,No,No,No,COMP_NO,No
3856,564757455760,18_10_2024,No,No,No,No,COMP_NO,No
3857,564757467366,18_10_2024,No,No,No,No,COMP_NO,No
3858,564757492718,18_10_2024,No,No,No,No,COMP_NO,No
3859,564757496756,18_10_2024,No,No,No,No,COMP_NO,No
3860,564757511177,18_10_2024,No,No,No,No,COMP_NO,No
3861,564893566234,18_10_2024,No,No,No,No,COMP_NO,No
3862,539049146983,17_09_2024,Yes,Yes,No,Yes,COMP_AC,Yes
3863,539570705313,25_09_2024,No,No,No,No,COMP_NO,No
3864,539571493365,26_09_2024,No,No,No,No,COMP_NO,No
3865,539571514463,26_09_2024,No,No,No,No,COMP_NO,No
3866,539571810228,27_09_2024,No,No,No,No,COMP_NO,No
3867,539571876772,27_09_2024,No,No,No,No,COMP_NO,No
3868,539571880652,27_09_2024,No,No,No,No,COMP_NO,No
3869,539571882323,27_09_2024,No,No,No,No,COMP_NO,No
3870,539571904101,27_09_2024,No,No,No,No,COMP_NO,No
3871,539571904693,27_09_2024,No,No,No,No,COMP_NO,No
3872,539571905124,27_09_2024,No,No,No,No,COMP_NO,No
3873,539571951793,27_09_2024,No,No,No,No,COMP_NO,No
3874,539571954982,27_09_2024,No,No,No,No,COMP_NO,No
3875,539571981546,27_09_2024,Yes,Yes,No,Yes,COMP_CH,Yes
3876,539571985531,27_09_2024,No,No,No,No,COMP_NO,No
3877,539571986038,27_09_2024,No,No,No,No,COMP_NO,No
3878,539571986493,27_09_2024,No,No,No,No,COMP_NO,No
3879,539572002072,27_09_2024,No,No,No,No,COMP_NO,No
3880,539572078777,27_09_2024,No,No,No,No,COMP_NO,No
3881,539572084294,27_09_2024,No,No,No,No,COMP_NO,No
3882,539572085050,27_09_2024,No,No,No,No,COMP_NO,No
3883,539572086669,27_09_2024,No,No,No,No,COMP_NO,No
3884,539572095198,27_09_2024,No,No,No,No,COMP_NO,No
3885,539572105168,27_09_2024,No,No,No,No,COMP_NO,No
3886,539572140082,27_09_2024,No,No,No,No,COMP_NO,No
3887,539572140480,27_09_2024,No,No,No,No,COMP_NO,No
3888,539572145060,27_09_2024,No,No,No,No,COMP_NO,No
3889,539572148593,27_09_2024,No,No,No,No,COMP_NO,No
3890,539572148644,27_09_2024,No,No,No,No,COMP_NO,No
3891,539572184458,27_09_2024,No,No,No,No,COMP_NO,No
3892,539572194183,27_09_2024,No,No,No,No,COMP_NO,No
3893,539572209147,27_09_2024,No,No,No,No,COMP_NO,No
3894,539572210222,27_09_2024,No,No,No,No,COMP_NO,No
3895,539572211911,27_09_2024,No,Yes,No,No,COMP_NO,No
3896,539572229569,27_09_2024,No,No,No,No,COMP_NO,No
3897,539572234787,27_09_2024,No,No,No,No,COMP_NO,No
3898,539572242884,27_09_2024,No,Yes,No,Yes,COMP_NO,No
3899,539572270220,27_09_2024,No,No,No,No,COMP_NO,No
3900,539572295717,27_09_2024,No,No,No,No,COMP_NO,No
3901,539572311644,27_09_2024,No,No,No,No,COMP_NO,No
3902,539572313650,27_09_2024,No,Yes,No,Yes,COMP_NO,No
3903,539572313953,27_09_2024,No,No,No,No,COMP_NO,No
3904,539572326352,27_09_2024,No,No,No,No,COMP_NO,No
3905,539572328141,27_09_2024,No,No,No,No,COMP_NO,No
3906,539572329112,27_09_2024,Yes,Yes,No,Yes,COMP_HS,Yes
3907,539572334095,27_09_2024,No,No,No,No,COMP_NO,No
3908,539572344690,27_09_2024,No,No,No,No,COMP_NO,No
3909,539572345569,27_09_2024,No,No,No,No,COMP_NO,No
3910,539572358145,27_09_2024,No,No,No,No,COMP_NO,No
3911,539572361796,27_09_2024,No,No,No,No,COMP_NO,No
3912,539719201798,30_09_2024,No,Yes,No,No,COMP_NO,No
3913,539719218896,30_09_2024,No,No,No,No,COMP_NO,No
3914,539719289820,30_09_2024,No,No,No,No,COMP_NO,No
3915,539719305808,30_09_2024,No,No,No,No,COMP_NO,No
3916,539719320131,30_09_2024,No,No,No,No,COMP_NO,No
3917,539719373790,30_09_2024,No,No,No,No,COMP_NO,No
3918,539719379018,30_09_2024,No,No,No,No,COMP_NO,No
3919,539719470268,30_09_2024,No,Yes,No,Yes,COMP_NO,No
3920,539719472592,30_09_2024,No,Yes,No,Yes,COMP_SA,Yes
3921,539719482541,30_09_2024,No,No,No,No,COMP_NO,No
3922,539719490165,30_09_2024,No,No,No,No,COMP_NO,No
3923,539719491621,30_09_2024,No,No,No,No,COMP_NO,No
3924,539719497395,30_09_2024,No,No,No,No,COMP_NO,No
3925,539719509302,30_09_2024,No,Yes,No,Yes,COMP_CH,Yes
3926,539719515761,30_09_2024,No,No,No,No,COMP_NO,No
3927,539719517114,30_09_2024,No,No,No,No,COMP_NO,No
3928,539719517174,30_09_2024,No,No,No,No,COMP_NO,No
3929,539719518318,30_09_2024,No,Yes,No,No,COMP_NO,No
3930,539719522850,30_09_2024,No,No,No,No,COMP_NO,No
3931,539719531489,30_09_2024,No,No,No,No,COMP_NO,No
3932,539719531867,30_09_2024,No,No,No,No,COMP_NO,No
3933,539719538273,30_09_2024,No,No,No,No,COMP_NO,No
3934,539719543568,30_09_2024,No,No,No,No,COMP_NO,No
3935,539719545713,30_09_2024,No,No,No,No,COMP_NO,No
3936,539719545715,30_09_2024,No,No,No,No,COMP_NO,No
3937,539719552402,30_09_2024,No,Yes,No,No,COMP_NO,No
3938,539719556864,30_09_2024,No,No,No,No,COMP_NO,No
3939,539719568228,30_09_2024,No,No,No,No,COMP_NO,No
3940,539719581176,30_09_2024,Yes,Yes,No,Yes,COMP_NO,Yes
3941,539719587222,30_09_2024,No,Yes,No,Yes,COMP_NO,No
3942,539719602451,30_09_2024,No,No,No,No,COMP_NO,No
3943,539719602677,30_09_2024,No,No,No,No,COMP_NO,No
3944,539719618459,30_09_2024,No,No,No,No,COMP_NO,No
3945,539719627052,30_09_2024,No,No,No,No,COMP_NO,No
3946,539719627464,30_09_2024,No,No,No,No,COMP_NO,No
3947,539719634523,30_09_2024,No,No,No,No,COMP_NO,Yes
3948,539719644901,30_09_2024,No,No,No,No,COMP_NO,No
3949,539719644909,30_09_2024,No,No,No,No,COMP_NO,No
3950,539719652387,30_09_2024,No,No,No,No,COMP_NO,No
3951,539719654051,30_09_2024,No,No,No,No,COMP_NO,No
3952,539719657191,30_09_2024,No,No,No,No,COMP_NO,No
3953,539719666863,30_09_2024,No,No,No,No,COMP_NO,No
3954,539719667894,30_09_2024,No,No,No,Yes,COMP_NO,No
3955,539719691291,30_09_2024,No,No,No,No,COMP_NO,No
3956,539719701284,30_09_2024,No,Yes,No,No,COMP_CO,Yes
3957,539719719139,30_09_2024,No,No,No,No,COMP_NO,No
3958,539719721831,30_09_2024,Yes,No,No,No,COMP_NO,Yes
3959,539719722496,30_09_2024,No,No,No,No,COMP_NO,No
3960,539719725531,30_09_2024,No,No,No,No,COMP_NO,No
3961,539719726394,30_09_2024,No,No,No,No,COMP_NO,No
3962,539719740243,30_09_2024,No,No,No,No,COMP_NO,No
3963,539719753034,30_09_2024,No,No,No,No,COMP_NO,No
3964,539719760107,30_09_2024,No,No,No,No,COMP_NO,No
3965,539719777057,30_09_2024,No,No,No,No,COMP_NO,No
3966,539719781675,30_09_2024,No,Yes,No,No,COMP_NO,Yes
3967,539719799666,30_09_2024,No,No,No,No,COMP_NO,No
3968,539719805753,30_09_2024,No,No,No,No,COMP_NO,No
3969,539719808818,30_09_2024,No,No,No,No,COMP_NO,No
3970,539719811193,30_09_2024,No,No,No,No,COMP_NO,No
3971,539719811408,30_09_2024,No,No,No,No,COMP_NO,No
3972,539719838833,30_09_2024,No,Yes,No,Yes,COMP_NO,No
3973,539719849738,30_09_2024,No,No,No,No,COMP_NO,No
3974,539719854550,30_09_2024,No,No,No,No,COMP_NO,No
3975,539719871641,30_09_2024,No,No,No,No,COMP_NO,No
3976,539720057033,01_10_2024,No,No,No,No,COMP_NO,No
3977,539720111907,01_10_2024,No,No,No,No,COMP_NO,No
3978,539720121953,01_10_2024,No,No,No,No,COMP_NO,No
3979,539720134900,01_10_2024,No,No,No,No,COMP_NO,No
3980,539720153168,01_10_2024,No,No,No,No,COMP_NO,No
3981,539720207002,01_10_2024,No,No,No,No,COMP_NO,No
3982,539720239039,01_10_2024,No,No,No,No,COMP_NO,No
3983,564755782584,16_10_2024,No,No,No,No,COMP_NO,No
3984,564755784254,16_10_2024,No,No,No,No,COMP_NO,No
3985,564755819626,16_10_2024,No,Yes,No,Yes,COMP_NO,No
3986,564755821078,16_10_2024,No,No,No,No,COMP_NO,No
3987,564755834552,16_10_2024,No,No,No,No,COMP_NO,No
3988,564755837268,16_10_2024,No,Yes,No,Yes,COMP_NO,No
3989,564755896102,16_10_2024,No,No,No,No,COMP_NO,No
3990,564755928486,16_10_2024,No,No,No,No,COMP_NO,No
3991,564755934230,16_10_2024,No,No,No,No,COMP_NO,No
3992,564755935567,16_10_2024,No,No,No,No,COMP_NO,No
3993,564755984065,16_10_2024,No,No,No,No,COMP_NO,No
3994,564756007315,16_10_2024,No,No,No,No,COMP_NO,No
3995,564756029054,16_10_2024,No,Yes,No,No,COMP_GU,Yes
3996,564756053149,16_10_2024,No,No,No,No,COMP_NO,No
3997,564756187136,16_10_2024,No,No,No,No,COMP_CH,Yes
3998,564756223176,16_10_2024,No,No,No,No,COMP_NO,No
3999,564756225239,16_10_2024,No,No,No,No,COMP_NO,No
4000,564756240058,16_10_2024,No,No,No,No,COMP_NO,No
4001,564756241818,16_10_2024,No,No,No,No,COMP_NO,No
4002,564756245922,16_10_2024,No,Yes,No,Yes,COMP_NO,No
4003,564756285416,16_10_2024,No,Yes,No,Yes,COMP_NO,No
4004,564756334099,16_10_2024,No,No,No,No,COMP_NO,No
4005,564756336579,16_10_2024,No,Yes,No,Yes,COMP_CH,Yes
4006,564756375792,16_10_2024,No,No,No,No,COMP_NO,No
4007,564756377603,16_10_2024,No,No,No,No,COMP_NO,No
4008,564756415471,16_10_2024,No,No,No,No,COMP_NO,No
4009,564756423600,16_10_2024,No,No,No,No,COMP_NO,No
4010,564756426482,16_10_2024,No,No,No,No,COMP_NO,No
4011,564756428129,16_10_2024,No,No,No,No,COMP_NO,No
4012,564756623015,17_10_2024,No,Yes,No,No,COMP_SM,Yes
4013,564756671114,17_10_2024,No,No,No,No,COMP_NO,No
4014,564756722800,17_10_2024,No,No,No,No,COMP_NO,No
4015,564756723122,17_10_2024,No,No,No,No,COMP_NO,No
4016,564756779813,17_10_2024,No,No,No,No,COMP_NO,No
4017,564756780773,17_10_2024,No,No,No,No,COMP_NO,No
4018,564756791839,17_10_2024,No,Yes,No,Yes,COMP_NO,No
4019,564756794443,17_10_2024,No,No,No,No,COMP_NO,No
4020,564756797964,17_10_2024,No,No,No,No,COMP_NO,No
4021,564756834942,17_10_2024,No,No,No,No,COMP_NO,No
4022,564756852320,17_10_2024,No,No,No,No,COMP_NO,No
4023,564756859112,17_10_2024,No,No,No,Yes,COMP_NO,No
4024,564756878871,17_10_2024,No,No,No,No,COMP_NO,No
4025,564756901699,17_10_2024,No,No,No,No,COMP_NO,No
4026,564756952449,17_10_2024,No,No,No,No,COMP_NO,No
4027,564756968480,17_10_2024,No,No,No,No,COMP_NO,No
4028,564756970901,17_10_2024,No,Yes,No,No,COMP_SA,Yes
4029,564757009224,17_10_2024,No,No,No,No,COMP_NO,No
4030,564757012089,17_10_2024,No,No,No,No,COMP_NO,No
4031,564757016678,17_10_2024,No,No,No,No,COMP_NO,No
4032,564757039508,17_10_2024,No,No,No,No,COMP_NO,No
4033,564757077789,17_10_2024,No,No,No,No,COMP_NO,No
4034,564757116165,17_10_2024,No,Yes,No,Yes,COMP_NO,No
4035,564757119849,17_10_2024,No,No,No,No,COMP_NO,No
4036,564757165737,17_10_2024,No,No,No,No,COMP_NO,No
4037,564757175734,17_10_2024,No,No,No,No,COMP_NO,No
4038,564757207819,17_10_2024,No,No,No,No,COMP_NO,No
4039,564757217706,17_10_2024,No,No,No,No,COMP_NO,No
4040,564757392829,18_10_2024,No,No,No,No,COMP_NO,No
4041,564757394870,18_10_2024,No,No,No,No,COMP_NO,No
4042,564757400962,18_10_2024,No,No,No,No,COMP_NO,No
4043,564757412206,18_10_2024,Yes,No,No,No,COMP_NO,Yes
4044,564757448027,18_10_2024,No,No,No,No,COMP_NO,No
4045,564757450106,18_10_2024,No,No,No,No,COMP_NO,No
4046,564757460017,18_10_2024,Yes,Yes,No,No,COMP_CO,Yes
4047,564757472415,18_10_2024,No,No,No,No,COMP_NO,No
4048,564757497947,18_10_2024,No,No,No,No,COMP_NO,No
4049,564757504214,18_10_2024,No,No,No,No,COMP_NO,No
4050,564757507319,18_10_2024,No,No,No,No,COMP_NO,No
4051,564757511179,18_10_2024,No,No,No,No,COMP_NO,No
4052,564757525193,18_10_2024,No,No,No,No,COMP_NO,No
4053,564893566436,18_10_2024,No,No,No,No,COMP_NO,No
4054,564893567786,18_10_2024,No,No,No,No,COMP_NO,No
4055,564893574578,18_10_2024,No,No,No,No,COMP_NO,No
4056,564893596355,18_10_2024,No,No,No,No,COMP_NO,No
4057,564893598845,18_10_2024,No,No,No,No,COMP_NO,No
4058,564893633897,18_10_2024,No,No,No,No,COMP_NO,No
4059,564893671026,18_10_2024,No,No,No,No,COMP_NO,No
4060,564893674705,18_10_2024,No,No,No,No,COMP_NO,No
4061,564893689318,18_10_2024,No,No,No,No,COMP_NO,No
4062,564893695679,18_10_2024,No,No,No,No,COMP_NO,No
4063,564893718626,18_10_2024,No,No,No,No,COMP_NO,No
4064,564893721746,18_10_2024,No,No,No,No,COMP_NO,No
4065,564893725946,18_10_2024,No,No,No,No,COMP_NO,No
4066,564893750232,18_10_2024,No,No,No,No,COMP_NO,No
4067,564893802165,18_10_2024,No,No,No,No,COMP_NO,No
4068,564893828508,18_10_2024,No,No,No,No,COMP_NO,No
4069,564893828897,18_10_2024,No,No,No,No,COMP_NO,No
4070,564893829288,18_10_2024,No,No,No,No,COMP_NO,No
4071,564893840520,18_10_2024,No,No,No,No,COMP_NO,No
4072,564893844668,18_10_2024,No,No,No,No,COMP_NO,No
4073,564893862083,18_10_2024,No,No,No,No,COMP_NO,No
4074,564893862864,18_10_2024,No,No,No,No,COMP_NO,No
4075,564893866207,18_10_2024,No,No,No,No,COMP_NO,No
4076,564893883338,18_10_2024,No,No,No,No,COMP_NO,No
4077,564893885904,18_10_2024,No,No,No,No,COMP_NO,No
4078,564893913010,18_10_2024,No,No,No,No,COMP_NO,No
4079,564893980443,18_10_2024,No,No,No,No,COMP_NO,No
4080,564894821586,21_10_2024,No,No,No,Yes,COMP_NO,No
4081,564894823036,21_10_2024,No,No,No,No,COMP_NO,No
4082,539571957505,27_09_2024,No,No,No,Yes,COMP_NO,No
4083,539571960963,27_09_2024,No,No,No,No,COMP_NO,No
4084,539571987290,27_09_2024,No,No,No,No,COMP_NO,No
4085,539572087116,27_09_2024,No,No,No,No,COMP_NO,No
4086,539572216292,27_09_2024,No,Yes,No,Yes,COMP_NO,No
4087,539572273028,27_09_2024,No,No,No,No,COMP_NO,No
4088,539572314928,27_09_2024,No,No,No,No,COMP_NO,No
4089,539572369308,27_09_2024,No,No,No,No,COMP_NO,No
4090,539572371129,27_09_2024,No,No,No,No,COMP_NO,No
4091,539719223869,30_09_2024,No,No,No,No,COMP_NO,No
4092,539719226711,30_09_2024,No,No,No,No,COMP_NO,No
4093,539719374211,30_09_2024,No,No,No,No,COMP_NO,No
4094,539719388865,30_09_2024,No,No,No,No,COMP_NO,No
4095,539719419897,30_09_2024,No,No,No,No,COMP_NO,No
4096,539719498833,30_09_2024,No,No,No,No,COMP_NO,No
4097,539719500512,30_09_2024,No,No,No,No,COMP_NO,No
4098,539719500965,30_09_2024,No,No,No,No,COMP_NO,No
4099,539719501401,30_09_2024,No,No,No,No,COMP_NO,No
4100,539719511760,30_09_2024,No,No,No,No,COMP_NO,No
4101,539719522953,30_09_2024,No,No,No,No,COMP_NO,No
4102,539719523067,30_09_2024,No,No,No,No,COMP_NO,No
4103,539719557412,30_09_2024,No,No,No,No,COMP_NO,No
4104,539719589168,30_09_2024,No,No,No,No,COMP_NO,No
4105,539719589587,30_09_2024,No,No,No,No,COMP_NO,No
4106,539719592561,30_09_2024,No,No,No,No,COMP_NO,No
4107,539719604799,30_09_2024,No,No,No,No,COMP_NO,No
4108,539719608850,30_09_2024,No,No,No,No,COMP_NO,No
4109,539719610473,30_09_2024,No,No,No,No,COMP_NO,No
4110,539719621249,30_09_2024,No,Yes,No,No,COMP_NO,No
4111,539719637541,30_09_2024,No,Yes,No,Yes,COMP_NO,No
4112,539719640508,30_09_2024,No,No,No,No,COMP_NO,No
4113,539719646386,30_09_2024,No,No,No,No,COMP_NO,No
4114,539719651390,30_09_2024,No,No,No,No,COMP_NO,No
4115,539719656310,30_09_2024,No,No,No,No,COMP_NO,No
4116,539719658111,30_09_2024,No,No,No,No,COMP_NO,No
4117,539719672769,30_09_2024,No,Yes,No,No,COMP_GO,Yes
4118,539719673557,30_09_2024,No,No,No,No,COMP_NO,No
4119,539719695717,30_09_2024,No,No,No,No,COMP_NO,No
4120,539719697062,30_09_2024,No,No,No,No,COMP_NO,No
4121,539719704985,30_09_2024,No,No,No,No,COMP_NO,No
4122,539719724354,30_09_2024,No,No,No,No,COMP_NO,No
4123,539719749948,30_09_2024,No,No,No,No,COMP_NO,No
4124,539719814907,30_09_2024,No,No,No,No,COMP_NO,No
4125,539719815770,30_09_2024,No,No,No,No,COMP_NO,No
4126,539719825919,30_09_2024,No,No,No,No,COMP_NO,No
4127,539719828693,30_09_2024,No,No,No,No,COMP_NO,No
4128,539719831282,30_09_2024,No,No,No,No,COMP_NO,No
4129,539719843404,30_09_2024,No,Yes,No,Yes,COMP_NO,No
4130,539719846124,30_09_2024,No,No,No,No,COMP_NO,No
4131,539719846606,30_09_2024,No,No,No,No,COMP_NO,Yes
4132,539719847043,30_09_2024,No,No,No,No,COMP_NO,No
4133,539719856396,30_09_2024,No,No,No,No,COMP_NO,No
4134,539719859906,30_09_2024,No,No,No,No,COMP_NO,No
4135,539719872229,30_09_2024,No,Yes,No,Yes,COMP_CI,Yes
4136,539719883019,30_09_2024,No,No,No,No,COMP_NO,No
4137,539720058110,01_10_2024,No,No,No,No,COMP_NO,Yes
4138,539720066619,01_10_2024,No,No,No,No,COMP_NO,No
4139,539720095580,01_10_2024,No,No,No,No,COMP_NO,No
4140,539720112518,01_10_2024,No,No,No,No,COMP_NO,No
4141,539720118106,01_10_2024,No,No,No,No,COMP_NO,No
4142,539720118393,01_10_2024,No,No,No,No,COMP_NO,No
4143,539720124718,01_10_2024,No,Yes,No,Yes,COMP_NO,No
4144,539720135406,01_10_2024,No,No,No,No,COMP_NO,No
4145,539720139334,01_10_2024,No,No,No,No,COMP_NO,No
4146,539720139841,01_10_2024,No,No,No,No,COMP_NO,No
4147,539720140421,01_10_2024,No,No,No,No,COMP_NO,No
4148,539720174820,01_10_2024,No,No,No,No,COMP_NO,No
4149,539720176940,01_10_2024,No,Yes,No,Yes,COMP_NO,No
4150,539720177535,01_10_2024,No,No,No,No,COMP_NO,No
4151,539720180564,01_10_2024,No,No,No,No,COMP_NO,No
4152,539720183099,01_10_2024,No,No,No,No,COMP_NO,No
4153,539720184669,01_10_2024,No,No,No,No,COMP_NO,No
4154,539720185017,01_10_2024,No,No,No,No,COMP_NO,No
4155,539720195389,01_10_2024,No,No,No,No,COMP_NO,No
4156,539720197549,01_10_2024,No,No,No,No,COMP_NO,No
4157,539720213179,01_10_2024,No,No,No,No,COMP_NO,No
4158,539720220485,01_10_2024,No,No,No,No,COMP_NO,No
4159,539720221289,01_10_2024,No,Yes,No,Yes,COMP_NO,No
4160,539720241169,01_10_2024,No,No,No,No,COMP_NO,No
4161,539720244458,01_10_2024,No,No,No,No,COMP_NO,No
4162,539720250529,01_10_2024,No,No,No,No,COMP_NO,No
4163,539720252711,01_10_2024,No,No,No,No,COMP_NO,No
4164,539720264981,01_10_2024,No,No,No,No,COMP_NO,No
4165,539720267722,01_10_2024,No,No,No,No,COMP_NO,No
4166,539720269028,01_10_2024,No,No,No,No,COMP_NO,No
4167,539720270429,01_10_2024,No,No,No,No,COMP_NO,No
4168,539720270802,01_10_2024,No,No,No,No,COMP_NO,No
4169,539720275116,01_10_2024,No,No,No,No,COMP_NO,No
4170,539720278775,01_10_2024,No,No,No,No,COMP_NO,No
4171,539720281689,01_10_2024,No,No,No,No,COMP_NO,No
4172,539720283787,01_10_2024,No,Yes,No,Yes,COMP_CO,Yes
4173,539720289314,01_10_2024,No,No,No,No,COMP_NO,No
4174,539720301961,01_10_2024,No,No,No,No,COMP_NO,No
4175,539720302901,01_10_2024,No,No,No,No,COMP_NO,No
4176,539720312121,01_10_2024,No,No,No,No,COMP_NO,No
4177,539720314222,01_10_2024,No,No,No,No,COMP_NO,No
4178,539720323684,01_10_2024,No,Yes,No,No,COMP_NO,No
4179,539720330633,01_10_2024,No,No,No,No,COMP_NO,No
4180,539720337376,01_10_2024,No,No,No,No,COMP_NO,No
4181,539720338600,01_10_2024,No,No,No,No,COMP_NO,No
4182,539720358949,01_10_2024,No,No,No,No,COMP_NO,No
4183,539720361758,01_10_2024,No,No,No,No,COMP_NO,No
4184,539720362327,01_10_2024,No,No,No,No,COMP_NO,No
4185,539720362871,01_10_2024,No,No,No,No,COMP_NO,No
4186,539720397457,01_10_2024,No,No,No,No,COMP_NO,No
4187,539720415427,01_10_2024,No,No,No,No,COMP_NO,No
4188,539720420286,01_10_2024,No,No,No,No,COMP_NO,No
4189,539720484221,01_10_2024,No,No,No,No,COMP_NO,No
4190,539720520506,01_10_2024,Yes,No,No,No,COMP_SA,Yes
4191,564755797567,16_10_2024,Yes,Yes,No,No,COMP_CO,Yes
4192,564755798672,16_10_2024,No,No,No,No,COMP_NO,No
4193,564755896584,16_10_2024,No,No,No,No,COMP_NO,No
4194,564755985136,16_10_2024,No,No,No,No,COMP_NO,No
4195,564755986349,16_10_2024,No,No,No,No,COMP_NO,No
4196,564756192061,16_10_2024,No,No,No,No,COMP_NO,No
4197,564756288359,16_10_2024,No,No,No,No,COMP_NO,No
4198,564756304488,16_10_2024,No,No,No,No,COMP_NO,No
4199,564756381648,16_10_2024,No,Yes,No,Yes,COMP_NO,No
4200,564756383997,16_10_2024,No,No,No,No,COMP_NO,No
4201,564756671676,17_10_2024,No,Yes,No,Yes,COMP_NO,No
4202,564756781116,17_10_2024,No,No,No,No,COMP_NO,No
4203,564757080508,17_10_2024,No,No,No,No,COMP_NO,No
4204,564757082829,17_10_2024,No,No,No,No,COMP_NO,No
4205,564757086464,17_10_2024,No,No,No,No,COMP_NO,No
4206,564757106689,17_10_2024,No,Yes,No,Yes,COMP_CH,Yes
4207,564757108914,17_10_2024,No,No,No,No,COMP_NO,No
4208,564757121336,17_10_2024,No,No,No,No,COMP_NO,No
4209,564757127990,17_10_2024,No,No,No,No,COMP_NO,No
4210,564757176256,17_10_2024,No,No,No,No,COMP_NO,No
4211,564757187286,17_10_2024,No,Yes,No,Yes,COMP_NO,No
4212,564757189243,17_10_2024,No,No,No,No,COMP_NO,No
4213,564757195342,17_10_2024,No,No,No,No,COMP_NO,No
4214,564757398281,18_10_2024,No,No,No,No,COMP_NO,No
4215,564757414148,18_10_2024,No,Yes,No,No,COMP_NO,No
4216,564757461121,18_10_2024,No,No,No,No,COMP_NO,No
4217,564757472921,18_10_2024,No,No,No,No,COMP_NO,No
4218,564757510152,18_10_2024,No,No,No,No,COMP_NO,No
4219,564757535760,18_10_2024,No,No,No,No,COMP_NO,No
4220,564757535935,18_10_2024,No,No,No,No,COMP_NO,No
4221,564893547889,18_10_2024,Yes,Yes,No,Yes,COMP_CO,Yes
4222,564893549844,18_10_2024,No,No,No,No,COMP_NO,No
4223,564893550360,18_10_2024,No,Yes,No,No,COMP_NO,No
4224,564893552969,18_10_2024,No,No,No,No,COMP_NO,No
4225,564893573304,18_10_2024,No,No,No,No,COMP_NO,No
4226,564893574020,18_10_2024,No,No,No,No,COMP_NO,No
4227,564893582988,18_10_2024,No,Yes,No,Yes,COMP_NO,No
4228,564893583448,18_10_2024,No,No,No,No,COMP_NO,No
4229,564893589392,18_10_2024,No,No,No,No,COMP_NO,No
4230,564893641637,18_10_2024,No,No,No,No,COMP_NO,No
4231,564893642846,18_10_2024,No,No,No,No,COMP_NO,No
4232,564893650915,18_10_2024,No,No,No,No,COMP_NO,No
4233,564893652482,18_10_2024,No,Yes,No,No,COMP_NO,No
4234,564893657474,18_10_2024,No,No,No,No,COMP_NO,No
4235,564893674798,18_10_2024,No,No,No,No,COMP_NO,No
4236,564893678127,18_10_2024,No,No,No,No,COMP_NO,No
4237,564893678312,18_10_2024,No,No,No,No,COMP_NO,No
4238,564893700855,18_10_2024,No,No,No,No,COMP_NO,No
4239,564893728449,18_10_2024,No,No,No,No,COMP_NO,No
4240,564893732939,18_10_2024,No,No,No,No,COMP_NO,No
4241,564893807042,18_10_2024,No,No,No,No,COMP_NO,No
4242,564893809251,18_10_2024,No,No,No,No,COMP_NO,No
4243,564893829454,18_10_2024,No,No,No,No,COMP_NO,No
4244,564893830454,18_10_2024,No,No,No,No,COMP_NO,No
4245,564893834550,18_10_2024,No,No,No,No,COMP_NO,No
4246,564893849549,18_10_2024,No,No,No,Yes,COMP_NO,No
4247,564893851565,18_10_2024,No,No,No,No,COMP_NO,No
4248,564893893100,18_10_2024,No,No,No,No,COMP_NO,No
4249,564893899164,18_10_2024,No,No,No,No,COMP_NO,No
4250,564893901252,18_10_2024,No,No,No,No,COMP_NO,No
4251,564893906854,18_10_2024,No,No,No,No,COMP_NO,No
4252,564893917270,18_10_2024,No,No,No,No,COMP_NO,No
4253,564893918628,18_10_2024,No,Yes,No,No,COMP_NO,No
4254,564893929424,18_10_2024,No,No,No,No,COMP_NO,No
4255,564893953682,18_10_2024,No,No,No,No,COMP_NO,No
4256,564893956932,18_10_2024,No,No,No,No,COMP_NO,No
4257,564893959695,18_10_2024,No,No,No,No,COMP_NO,No
4258,564893960794,18_10_2024,No,No,No,No,COMP_NO,No
4259,564894765471,21_10_2024,No,No,No,No,COMP_NO,No
4260,564894766645,21_10_2024,No,No,No,No,COMP_NO,No
4261,564894767969,21_10_2024,No,No,No,No,COMP_NO,No
4262,564894771065,21_10_2024,No,No,No,Yes,COMP_NO,No
4263,564894825665,21_10_2024,No,No,No,No,COMP_NO,No
4264,564894835232,21_10_2024,No,No,No,No,COMP_NO,No
4265,564894838595,21_10_2024,No,No,No,No,COMP_NO,No
4266,564894854279,21_10_2024,No,Yes,No,Yes,COMP_NO,No
4267,564894865463,21_10_2024,No,Yes,No,No,COMP_CH,Yes
4268,564894882355,21_10_2024,No,No,No,No,COMP_NO,No
4269,564894886908,21_10_2024,No,No,No,No,COMP_NO,No
4270,564894887589,21_10_2024,No,No,No,No,COMP_NO,No
4271,564894892188,21_10_2024,No,No,No,No,COMP_NO,No
4272,564894896439,21_10_2024,No,No,No,No,COMP_NO,No
4273,564894896922,21_10_2024,No,No,No,No,COMP_NO,No
4274,564894911496,21_10_2024,No,Yes,No,Yes,COMP_NO,No
4275,564894921874,21_10_2024,No,No,No,No,COMP_NO,No
4276,564894925866,21_10_2024,No,No,No,No,COMP_NO,No
4277,564894926500,21_10_2024,No,No,No,No,COMP_NO,No
4278,564894938283,21_10_2024,No,No,No,No,COMP_NO,No
4279,564894938711,21_10_2024,No,No,No,No,COMP_NO,No
4280,564894943654,21_10_2024,No,No,No,No,COMP_NO,No
4281,564894954585,21_10_2024,No,Yes,No,Yes,COMP_CO,Yes
4282,564894959331,21_10_2024,No,No,No,No,COMP_NO,No
4283,564894961924,21_10_2024,No,No,No,No,COMP_NO,No
4284,564894977138,21_10_2024,No,No,No,No,COMP_NO,No
4285,564895027291,21_10_2024,No,No,No,No,COMP_NO,No
4286,564895057392,21_10_2024,No,No,No,No,COMP_NO,No
4287,564895081217,21_10_2024,No,Yes,No,Yes,COMP_CH,Yes
4288,564895106268,21_10_2024,No,No,No,No,COMP_NO,No
4289,564895109511,21_10_2024,No,No,No,No,COMP_NO,No
4290,564895127566,21_10_2024,No,Yes,No,Yes,COMP_CO,Yes
4291,564895129531,21_10_2024,No,No,No,No,COMP_NO,No
4292,564895142167,21_10_2024,No,No,No,No,COMP_NO,No
4293,564895156691,21_10_2024,No,No,No,No,COMP_NO,No
4294,564895194224,21_10_2024,No,No,No,No,COMP_NO,No
4295,564895238096,21_10_2024,No,No,No,No,COMP_NO,No
4296,564895324144,21_10_2024,No,No,No,No,COMP_NO,No
4297,564895371480,21_10_2024,No,No,No,No,COMP_NO,No
4298,564895416719,21_10_2024,No,No,No,No,COMP_NO,No
4299,539571518685,26_09_2024,No,No,No,Yes,COMP_NO,No
4300,539571974866,27_09_2024,No,No,No,No,COMP_NO,No
4301,539571977375,27_09_2024,No,No,No,No,COMP_NO,No
4302,539719424127,30_09_2024,No,No,No,No,COMP_NO,No
4303,539719435520,30_09_2024,No,No,No,No,COMP_NO,No
4304,539719483273,30_09_2024,No,Yes,No,Yes,COMP_NO,No
4305,539719484348,30_09_2024,No,No,No,No,COMP_NO,No
4306,539719512096,30_09_2024,No,Yes,No,Yes,COMP_NO,No
4307,539719525933,30_09_2024,No,No,No,No,COMP_NO,No
4308,539719558747,30_09_2024,No,No,No,No,COMP_NO,No
4309,539719559140,30_09_2024,No,No,No,No,COMP_NO,No
4310,539719593764,30_09_2024,Yes,No,No,No,COMP_SA,Yes
4311,539719611171,30_09_2024,No,Yes,No,No,COMP_CO,Yes
4312,539719613014,30_09_2024,No,No,No,No,COMP_NO,No
4313,539719699572,30_09_2024,No,No,No,No,COMP_NO,No
4314,539719708590,30_09_2024,No,No,No,No,COMP_NO,No
4315,539719726522,30_09_2024,No,No,No,No,COMP_NO,No
4316,539719733454,30_09_2024,No,No,No,No,COMP_NO,No
4317,539719735321,30_09_2024,No,No,No,No,COMP_NO,No
4318,539720076433,01_10_2024,No,Yes,No,Yes,COMP_FE,Yes
4319,539720084619,01_10_2024,No,Yes,No,No,COMP_BE,Yes
4320,539720085711,01_10_2024,No,No,No,No,COMP_NO,No
4321,539720106905,01_10_2024,No,Yes,No,Yes,COMP_CO,Yes
4322,539720107920,01_10_2024,No,No,No,No,COMP_NO,No
4323,539720125887,01_10_2024,No,No,No,No,COMP_NO,No
4324,539720125914,01_10_2024,No,No,No,No,COMP_NO,No
4325,539720130908,01_10_2024,No,No,No,No,COMP_NO,No
4326,539720141154,01_10_2024,No,No,No,No,COMP_NO,No
4327,539720144607,01_10_2024,No,No,No,No,COMP_NO,No
4328,539720163113,01_10_2024,No,No,No,No,COMP_NO,No
4329,539720165554,01_10_2024,No,No,No,No,COMP_NO,No
4330,539720189833,01_10_2024,No,No,No,No,COMP_NO,No
4331,539720192201,01_10_2024,No,No,No,No,COMP_NO,No
4332,539720216426,01_10_2024,No,No,No,No,COMP_NO,No
4333,539720221646,01_10_2024,No,No,No,No,COMP_NO,No
4334,539720222056,01_10_2024,No,No,No,No,COMP_NO,No
4335,539720226099,01_10_2024,No,No,No,No,COMP_NO,No
4336,539720234704,01_10_2024,No,No,No,No,COMP_NO,No
4337,539720236077,01_10_2024,No,No,No,No,COMP_NO,No
4338,539720246939,01_10_2024,No,No,No,No,COMP_NO,No
4339,539720249632,01_10_2024,No,No,No,No,COMP_NO,No
4340,539720256188,01_10_2024,No,Yes,No,Yes,COMP_HS,Yes
4341,539720258021,01_10_2024,No,No,No,No,COMP_NO,No
4342,539720260890,01_10_2024,No,No,No,No,COMP_NO,No
4343,539720287731,01_10_2024,No,No,No,No,COMP_NO,No
4344,539720288872,01_10_2024,No,No,No,No,COMP_NO,No
4345,539720291010,01_10_2024,No,No,No,No,COMP_NO,No
4346,539720306294,01_10_2024,No,Yes,No,No,COMP_NO,No
4347,539720306987,01_10_2024,No,No,No,No,COMP_NO,No
4348,539720314637,01_10_2024,No,No,No,Yes,COMP_NO,No
4349,539720315982,01_10_2024,No,Yes,No,No,COMP_NO,No
4350,539720332626,01_10_2024,No,No,No,No,COMP_NO,No
4351,539720333224,01_10_2024,No,No,No,No,COMP_NO,No
4352,539720340181,01_10_2024,No,No,No,No,COMP_NO,No
4353,539720343411,01_10_2024,No,No,No,No,COMP_NO,No
4354,539720346893,01_10_2024,Yes,No,No,No,COMP_NO,Yes
4355,539720364690,01_10_2024,No,No,No,No,COMP_NO,No
4356,539720373249,01_10_2024,No,No,No,No,COMP_NO,No
4357,539720373899,01_10_2024,No,No,No,No,COMP_NO,No
4358,539720400289,01_10_2024,No,No,No,No,COMP_NO,No
4359,539720401976,01_10_2024,No,No,No,No,COMP_NO,No
4360,539720403920,01_10_2024,No,No,No,No,COMP_NO,No
4361,539720408841,01_10_2024,No,No,No,No,COMP_NO,No
4362,539720409896,01_10_2024,No,No,No,No,COMP_NO,No
4363,539720409997,01_10_2024,No,No,No,No,COMP_NO,No
4364,539720417232,01_10_2024,No,Yes,No,Yes,COMP_CH,Yes
4365,539720419469,01_10_2024,No,No,No,No,COMP_NO,No
4366,539720427590,01_10_2024,No,No,No,No,COMP_NO,No
4367,539720443246,01_10_2024,No,No,No,No,COMP_NO,No
4368,539720448122,01_10_2024,No,No,No,No,COMP_NO,No
4369,539720529093,01_10_2024,No,No,No,No,COMP_NO,No
4370,539720536514,01_10_2024,No,No,No,No,COMP_NO,No
4371,539893549587,01_10_2024,No,No,No,No,COMP_NO,No
4372,539893551686,01_10_2024,No,No,No,No,COMP_NO,No
4373,539893578542,01_10_2024,No,No,No,No,COMP_NO,No
4374,539893578800,01_10_2024,No,No,No,No,COMP_NO,No
4375,539893580242,01_10_2024,No,No,No,No,COMP_NO,No
4376,539893590451,01_10_2024,No,No,No,No,COMP_NO,No
4377,539893592358,01_10_2024,No,No,No,No,COMP_NO,No
4378,539893596870,01_10_2024,No,No,No,No,COMP_NO,No
4379,539893598427,01_10_2024,No,No,No,No,COMP_NO,No
4380,539893610745,01_10_2024,No,No,No,No,COMP_NO,No
4381,539893612370,01_10_2024,No,No,No,No,COMP_NO,No
4382,539893613823,01_10_2024,No,No,No,No,COMP_NO,No
4383,539893617249,01_10_2024,No,No,No,No,COMP_NO,No
4384,539893618391,01_10_2024,No,No,No,No,COMP_NO,No
4385,539893633366,01_10_2024,No,No,No,No,COMP_NO,No
4386,539893633458,01_10_2024,No,No,No,No,COMP_NO,No
4387,539893652458,01_10_2024,No,No,No,No,COMP_NO,No
4388,539893665057,01_10_2024,No,No,No,No,COMP_NO,No
4389,539893674856,01_10_2024,No,No,No,No,COMP_NO,No
4390,539893678560,01_10_2024,No,No,No,No,COMP_NO,No
4391,539893687639,01_10_2024,No,No,No,No,COMP_NO,No
4392,539893702302,01_10_2024,No,No,No,No,COMP_NO,No
4393,564755799120,16_10_2024,No,No,No,No,COMP_NO,No
4394,564755799204,16_10_2024,No,No,No,No,COMP_NO,No
4395,564756250204,16_10_2024,No,Yes,No,No,COMP_CH,Yes
4396,564756252165,16_10_2024,No,No,No,No,COMP_NO,No
4397,564756306889,16_10_2024,No,Yes,No,Yes,COMP_NO,No
4398,564756390964,16_10_2024,No,Yes,No,Yes,COMP_NO,No
4399,564756756967,17_10_2024,No,Yes,No,Yes,COMP_NO,No
4400,564756905126,17_10_2024,No,No,No,No,COMP_NO,No
4401,564756954088,17_10_2024,No,No,No,No,COMP_NO,No
4402,564756955935,17_10_2024,No,No,No,No,COMP_NO,No
4403,564757024020,17_10_2024,No,No,No,No,COMP_NO,No
4404,564757025125,17_10_2024,No,No,No,No,COMP_NO,No
4405,564757027869,17_10_2024,No,No,No,No,COMP_NO,No
4406,564757087868,17_10_2024,No,Yes,No,Yes,COMP_NO,No
4407,564757131614,17_10_2024,No,Yes,No,Yes,COMP_NO,No
4408,564757197384,17_10_2024,No,No,No,No,COMP_NO,No
4409,564757474324,18_10_2024,Yes,Yes,No,No,COMP_CH,Yes
4410,564757512939,18_10_2024,No,No,No,No,COMP_NO,No
4411,564757538827,18_10_2024,No,No,No,No,COMP_NO,No
4412,564757544474,18_10_2024,No,No,No,No,COMP_NO,No
4413,564893556945,18_10_2024,No,No,No,No,COMP_NO,No
4414,564893592097,18_10_2024,No,No,No,No,COMP_NO,No
4415,564893594820,18_10_2024,No,No,No,No,COMP_NO,No
4416,564893604515,18_10_2024,No,Yes,No,Yes,COMP_NO,No
4417,564893648420,18_10_2024,No,No,No,No,COMP_NO,No
4418,564893650088,18_10_2024,No,No,No,No,COMP_NO,No
4419,564893658440,18_10_2024,No,No,No,No,COMP_NO,No
4420,564893670350,18_10_2024,No,No,No,No,COMP_NO,No
4421,564893670636,18_10_2024,No,No,No,No,COMP_NO,No
4422,564893681735,18_10_2024,No,No,No,No,COMP_NO,No
4423,564893687796,18_10_2024,No,No,No,No,COMP_NO,No
4424,564893703759,18_10_2024,No,Yes,No,No,COMP_CH,Yes
4425,564893706534,18_10_2024,No,No,No,No,COMP_NO,No
4426,564893727326,18_10_2024,No,Yes,No,Yes,COMP_CH,Yes
4427,564893733384,18_10_2024,No,No,No,No,COMP_NO,No
4428,564893750255,18_10_2024,No,No,No,No,COMP_NO,No
4429,564893756313,18_10_2024,No,No,No,No,COMP_NO,No
4430,564893776955,18_10_2024,No,Yes,No,Yes,COMP_NO,No
4431,564893777198,18_10_2024,No,No,No,No,COMP_NO,No
4432,564893777367,18_10_2024,No,No,No,No,COMP_NO,No
4433,564893809436,18_10_2024,No,Yes,No,No,COMP_CO,Yes
4434,564893815889,18_10_2024,No,No,No,No,COMP_NO,No
4435,564893820971,18_10_2024,No,No,No,No,COMP_NO,No
4436,564893836344,18_10_2024,No,No,No,No,COMP_NO,No
4437,564893852592,18_10_2024,No,No,No,No,COMP_NO,No
4438,564893858213,18_10_2024,No,No,No,No,COMP_NO,No
4439,564893871727,18_10_2024,No,Yes,No,Yes,COMP_NO,No
4440,564893874681,18_10_2024,No,No,No,No,COMP_NO,No
4441,564893882147,18_10_2024,No,No,No,No,COMP_NO,No
4442,564893930080,18_10_2024,No,No,No,No,COMP_NO,No
4443,564893930153,18_10_2024,No,No,No,No,COMP_NO,No
4444,564893961485,18_10_2024,No,No,No,No,COMP_NO,No
4445,564893969835,18_10_2024,No,No,No,No,COMP_NO,No
4446,564894771033,21_10_2024,No,No,No,No,COMP_NO,No
4447,564894772699,21_10_2024,No,No,No,No,COMP_NO,No
4448,564894846470,21_10_2024,No,No,No,No,COMP_NO,No
4449,564894851195,21_10_2024,No,No,No,No,COMP_NO,No
4450,564894868677,21_10_2024,No,No,No,No,COMP_NO,No
4451,564894873510,21_10_2024,No,No,No,No,COMP_NO,No
4452,564894893742,21_10_2024,No,No,No,No,COMP_NO,No
4453,564894895206,21_10_2024,No,No,No,No,COMP_NO,No
4454,564894897322,21_10_2024,No,No,No,No,COMP_NO,No
4455,564894897877,21_10_2024,No,No,No,No,COMP_NO,No
4456,564894927392,21_10_2024,No,No,No,No,COMP_NO,No
4457,564894928713,21_10_2024,No,No,No,No,COMP_NO,No
4458,564894944973,21_10_2024,No,No,No,No,COMP_NO,No
4459,564894963058,21_10_2024,No,No,No,No,COMP_NO,No
4460,564894964269,21_10_2024,No,No,No,No,COMP_NO,No
4461,564894964619,21_10_2024,No,No,No,No,COMP_NO,No
4462,564894967348,21_10_2024,No,No,No,No,COMP_NO,No
4463,564894968673,21_10_2024,No,No,No,No,COMP_NO,No
4464,564894979282,21_10_2024,Yes,Yes,No,Yes,COMP_GR,Yes
4465,564894996702,21_10_2024,No,Yes,No,Yes,COMP_NO,No
4466,564894998933,21_10_2024,No,No,No,No,COMP_NO,No
4467,564895000628,21_10_2024,No,No,No,No,COMP_NO,No
4468,564895043627,21_10_2024,No,No,No,No,COMP_NO,No
4469,564895048089,21_10_2024,No,No,No,No,COMP_NO,No
4470,564895061495,21_10_2024,No,No,No,No,COMP_CH,Yes
4471,564895062767,21_10_2024,No,No,No,No,COMP_NO,Yes
4472,564895093248,21_10_2024,No,No,No,No,COMP_NO,No
4473,564895094378,21_10_2024,No,No,No,No,COMP_NO,No
4474,564895099481,21_10_2024,No,No,No,No,COMP_NO,No
4475,564895112552,21_10_2024,No,Yes,No,Yes,COMP_NO,No
4476,564895116081,21_10_2024,No,No,No,No,COMP_NO,No
4477,564895129926,21_10_2024,No,No,No,Yes,COMP_NO,No
4478,564895157402,21_10_2024,No,No,No,No,COMP_NO,No
4479,564895172455,21_10_2024,No,No,No,No,COMP_NO,No
4480,564895196221,21_10_2024,No,No,No,No,COMP_NO,No
4481,564895209855,21_10_2024,No,No,No,No,COMP_NO,No
4482,564895260416,21_10_2024,No,No,No,No,COMP_NO,No
4483,564895263648,21_10_2024,No,No,No,No,COMP_NO,No
4484,564895334739,21_10_2024,No,No,No,No,COMP_NO,No
4485,564895337764,21_10_2024,No,No,No,No,COMP_NO,No
4486,564895339990,21_10_2024,No,No,No,No,COMP_NO,No
4487,564895344435,21_10_2024,No,No,No,No,COMP_NO,No
4488,564895377140,21_10_2024,No,No,No,No,COMP_NO,No
4489,564895391610,21_10_2024,No,No,No,No,COMP_NO,No
4490,564895393453,21_10_2024,No,Yes,No,No,COMP_NO,No
4491,564895394223,21_10_2024,No,No,No,No,COMP_NO,No
4492,564895396534,21_10_2024,No,No,No,No,COMP_NO,No
4493,564895417162,21_10_2024,No,No,No,No,COMP_NO,No
4494,564895418940,21_10_2024,Yes,Yes,No,Yes,COMP_CI,Yes
4495,564895435059,21_10_2024,No,No,No,No,COMP_NO,No
4496,564895440082,21_10_2024,No,Yes,No,No,COMP_NO,No
4497,564895441356,21_10_2024,Yes,Yes,No,Yes,COMP_SA,Yes
4498,564895450553,21_10_2024,No,No,No,No,COMP_NO,No
4499,564895465349,21_10_2024,No,No,No,No,COMP_NO,No
4500,564895468957,21_10_2024,No,No,No,No,COMP_NO,No
4501,564895499701,21_10_2024,No,No,No,No,COMP_NO,No
4502,564895500627,21_10_2024,No,No,No,No,COMP_NO,No
4503,564895510983,21_10_2024,No,No,No,No,COMP_NO,No
4504,564895511556,21_10_2024,No,No,No,No,COMP_NO,No
4505,564895514018,21_10_2024,No,No,No,No,COMP_NO,No
4506,565089549131,21_10_2024,No,No,No,No,COMP_NO,No
4507,565089553110,21_10_2024,No,No,No,No,COMP_NO,No
4508,565089562982,21_10_2024,No,No,No,No,COMP_NO,No
4509,565089565209,21_10_2024,No,No,No,No,COMP_NO,No
4510,565089583581,21_10_2024,No,No,No,No,COMP_NO,No
4511,565089598034,21_10_2024,No,No,No,No,COMP_NO,No
4512,565089599292,21_10_2024,No,No,No,No,COMP_NO,No
4513,565089627590,21_10_2024,No,No,No,No,COMP_NO,No
4514,565089908288,22_10_2024,No,No,No,No,COMP_NO,No
4515,565089929434,22_10_2024,No,No,No,No,COMP_NO,No
4516,565089951925,22_10_2024,No,No,No,No,COMP_NO,No
4517,539571978620,27_09_2024,No,No,No,No,COMP_NO,No
4518,539571978659,27_09_2024,No,No,No,No,COMP_NO,No
4519,539571978960,27_09_2024,No,No,No,No,COMP_NO,No
4520,539719442206,30_09_2024,No,No,No,No,COMP_NO,No
4521,539719461955,30_09_2024,No,No,No,No,COMP_NO,No
4522,539719624633,30_09_2024,No,Yes,No,Yes,COMP_NO,No
4523,539719683151,30_09_2024,No,No,No,No,COMP_SM,Yes
4524,539719735445,30_09_2024,No,No,No,No,COMP_NO,No
4525,539719735464,30_09_2024,No,No,No,No,COMP_NO,No
4526,539719833631,30_09_2024,No,No,No,No,COMP_NO,No
4527,539719835173,30_09_2024,No,No,No,No,COMP_NO,No
4528,539719838291,30_09_2024,No,No,No,No,COMP_NO,No
4529,539719883253,30_09_2024,No,No,No,No,COMP_NO,No
4530,539719886413,30_09_2024,No,No,No,No,COMP_NO,No
4531,539719898436,30_09_2024,No,No,No,No,COMP_NO,No
4532,539720090577,01_10_2024,No,No,No,No,COMP_NO,No
4533,539720131094,01_10_2024,No,No,No,No,COMP_NO,No
4534,539720144947,01_10_2024,Yes,No,No,No,COMP_SA,Yes
4535,539720200241,01_10_2024,Yes,Yes,No,Yes,COMP_CO,Yes
4536,539720292411,01_10_2024,No,No,No,No,COMP_NO,No
4537,539720295354,01_10_2024,No,No,No,Yes,COMP_NO,No
4538,539720297462,01_10_2024,No,Yes,No,Yes,COMP_NO,No
4539,539720309510,01_10_2024,No,Yes,No,Yes,COMP_NO,No
4540,539720321774,01_10_2024,No,Yes,No,Yes,COMP_NO,No
4541,539720348982,01_10_2024,No,No,No,No,COMP_CH,Yes
4542,539720349441,01_10_2024,No,No,No,No,COMP_NO,No
4543,539720367862,01_10_2024,No,No,No,No,COMP_NO,No
4544,539720377887,01_10_2024,No,No,No,No,COMP_NO,No
4545,539720378466,01_10_2024,No,No,No,No,COMP_NO,No
4546,539720388996,01_10_2024,No,No,No,No,COMP_NO,No
4547,539720389049,01_10_2024,No,No,No,No,COMP_NO,No
4548,539720410466,01_10_2024,No,Yes,No,Yes,COMP_NO,No
4549,539720427991,01_10_2024,No,Yes,No,Yes,COMP_NO,No
4550,539720428252,01_10_2024,Yes,No,No,No,COMP_NO,Yes
4551,539720433363,01_10_2024,No,No,No,No,COMP_NO,No
4552,539720434907,01_10_2024,No,No,No,No,COMP_NO,No
4553,539720450464,01_10_2024,No,Yes,No,Yes,COMP_NO,No
4554,539720496665,01_10_2024,No,No,No,No,COMP_NO,No
4555,539720501995,01_10_2024,No,No,No,No,COMP_NO,No
4556,539720531215,01_10_2024,No,No,No,No,COMP_NO,No
4557,539893555641,01_10_2024,No,Yes,No,Yes,COMP_NO,No
4558,539893582931,01_10_2024,No,No,No,No,COMP_NO,No
4559,539893586643,01_10_2024,No,No,No,No,COMP_NO,No
4560,539893594166,01_10_2024,No,No,No,No,COMP_NO,No
4561,539893594577,01_10_2024,No,No,No,No,COMP_NO,Yes
4562,539893618662,01_10_2024,No,Yes,No,Yes,COMP_NO,No
4563,539893619259,01_10_2024,No,No,No,No,COMP_NO,No
4564,539893621739,01_10_2024,No,No,No,No,COMP_NO,No
4565,539893633506,01_10_2024,No,No,No,No,COMP_NO,No
4566,539893653904,01_10_2024,No,No,No,No,COMP_NO,No
4567,539893657572,01_10_2024,No,No,No,No,COMP_NO,No
4568,539893658337,01_10_2024,No,No,No,No,COMP_NO,No
4569,539893658493,01_10_2024,No,No,No,No,COMP_NO,No
4570,539893662275,01_10_2024,No,No,No,No,COMP_NO,No
4571,539893677335,01_10_2024,No,No,No,No,COMP_NO,No
4572,539893682037,01_10_2024,No,Yes,No,Yes,COMP_NO,No
4573,539893689235,01_10_2024,No,No,No,No,COMP_NO,No
4574,539893707036,01_10_2024,No,No,No,Yes,COMP_NO,No
4575,539893721105,01_10_2024,No,No,No,No,COMP_NO,No
4576,539893723628,01_10_2024,No,No,No,No,COMP_NO,No
4577,539893741489,01_10_2024,No,No,No,No,COMP_NO,No
4578,539893744984,01_10_2024,No,No,No,No,COMP_NO,No
4579,539893745124,01_10_2024,No,No,No,No,COMP_NO,No
4580,539893746289,01_10_2024,No,No,No,No,COMP_NO,No
4581,539893758174,01_10_2024,No,No,No,No,COMP_NO,No
4582,539893761880,01_10_2024,No,No,No,No,COMP_NO,No
4583,539893976475,02_10_2024,No,No,No,No,COMP_NO,No
4584,539893983164,02_10_2024,No,No,No,No,COMP_NO,No
4585,539893983276,02_10_2024,No,No,No,No,COMP_NO,No
4586,539893985095,02_10_2024,No,No,No,No,COMP_NO,No
4587,539894006075,02_10_2024,No,No,No,No,COMP_NO,No
4588,539894007491,02_10_2024,No,No,No,No,COMP_NO,No
4589,539894010066,02_10_2024,No,No,No,No,COMP_NO,No
4590,539894011323,02_10_2024,No,No,No,No,COMP_NO,No
4591,539894025560,02_10_2024,No,No,No,No,COMP_NO,No
4592,539894028771,02_10_2024,No,No,No,No,COMP_NO,No
4593,539894031723,02_10_2024,No,No,No,No,COMP_NO,No
4594,539894032551,02_10_2024,No,No,No,No,COMP_NO,No
4595,539894055932,02_10_2024,No,No,No,No,COMP_NO,No
4596,539894056424,02_10_2024,No,No,No,No,COMP_NO,No
4597,539894061542,02_10_2024,No,No,No,No,COMP_NO,No
4598,539894064078,02_10_2024,No,No,No,No,COMP_NO,No
4599,539894065104,02_10_2024,No,No,No,No,COMP_NO,No
4600,539894067019,02_10_2024,No,No,No,No,COMP_NO,No
4601,539894069780,02_10_2024,Yes,No,No,No,COMP_NO,Yes
4602,539894070144,02_10_2024,No,No,No,No,COMP_NO,No
4603,539894083860,02_10_2024,No,No,No,No,COMP_NO,No
4604,539894101565,02_10_2024,No,No,No,No,COMP_NO,No
4605,539894147551,02_10_2024,No,No,No,No,COMP_NO,No
4606,539894184077,02_10_2024,No,No,No,No,COMP_NO,No
4607,539894185138,02_10_2024,No,No,No,No,COMP_NO,No
4608,539894264572,02_10_2024,No,No,No,No,COMP_NO,No
4609,539894277271,02_10_2024,No,No,No,No,COMP_NO,No
4610,564755804026,16_10_2024,No,No,No,No,COMP_NO,No
4611,564755805676,16_10_2024,No,No,No,No,COMP_NO,No
4612,564756263956,16_10_2024,No,No,No,No,COMP_NO,No
4613,564756265666,16_10_2024,No,No,No,Yes,COMP_NO,No
4614,564756395105,16_10_2024,Yes,Yes,No,Yes,COMP_PQ,Yes
4615,564756398638,16_10_2024,No,No,No,No,COMP_NO,No
4616,564757523169,18_10_2024,No,Yes,No,Yes,COMP_NO,Yes
4617,564893607977,18_10_2024,No,Yes,No,Yes,COMP_TR,Yes
4618,564893609127,18_10_2024,No,No,No,No,COMP_NO,No
4619,564893738514,18_10_2024,No,No,No,No,COMP_NO,No
4620,564893745784,18_10_2024,No,No,No,No,COMP_NO,No
4621,564893747383,18_10_2024,No,No,No,No,COMP_NO,No
4622,564893749281,18_10_2024,No,No,No,No,COMP_NO,No
4623,564893757242,18_10_2024,No,No,No,No,COMP_NO,No
4624,564893758768,18_10_2024,No,No,No,No,COMP_NO,No
4625,564893778526,18_10_2024,No,No,No,No,COMP_NO,No
4626,564893821967,18_10_2024,No,No,No,No,COMP_NO,No
4627,564893936872,18_10_2024,No,No,No,No,COMP_NO,No
4628,564893938706,18_10_2024,No,No,No,No,COMP_NO,No
4629,564894782983,21_10_2024,No,Yes,No,Yes,COMP_PQ,Yes
4630,564894876111,21_10_2024,No,No,No,No,COMP_NO,No
4631,564894878367,21_10_2024,No,No,No,No,COMP_NO,No
4632,564894878615,21_10_2024,No,No,No,No,COMP_NO,No
4633,564894900774,21_10_2024,No,No,No,No,COMP_NO,No
4634,564894910286,21_10_2024,No,No,No,No,COMP_NO,No
4635,564894950722,21_10_2024,No,Yes,No,Yes,COMP_NO,No
4636,564894972843,21_10_2024,No,No,No,No,COMP_NO,No
4637,564894975182,21_10_2024,No,No,No,No,COMP_NO,No
4638,564894980378,21_10_2024,No,No,No,No,COMP_NO,No
4639,564894989152,21_10_2024,No,Yes,No,Yes,COMP_NO,No
4640,564894990581,21_10_2024,No,No,No,No,COMP_NO,No
4641,564894993132,21_10_2024,No,No,No,No,COMP_NO,No
4642,564895002106,21_10_2024,No,No,No,No,COMP_NO,No
4643,564895005458,21_10_2024,No,No,No,No,COMP_NO,No
4644,564895048880,21_10_2024,No,No,No,No,COMP_NO,No
4645,564895074253,21_10_2024,No,No,No,No,COMP_NO,No
4646,564895077031,21_10_2024,No,Yes,No,No,COMP_NO,No
4647,564895078385,21_10_2024,No,No,No,No,COMP_NO,No
4648,564895187657,21_10_2024,No,No,No,No,COMP_NO,No
4649,564895190872,21_10_2024,No,No,No,No,COMP_NO,No
4650,564895216021,21_10_2024,No,Yes,No,No,COMP_CO,Yes
4651,564895231337,21_10_2024,No,No,No,No,COMP_NO,No
4652,564895235247,21_10_2024,No,No,No,No,COMP_NO,No
4653,564895279874,21_10_2024,No,No,No,No,COMP_NO,No
4654,564895291267,21_10_2024,No,No,No,No,COMP_NO,No
4655,564895294277,21_10_2024,No,No,No,No,COMP_NO,No
4656,564895309308,21_10_2024,No,No,No,No,COMP_NO,No
4657,564895340810,21_10_2024,No,No,No,No,COMP_NO,No
4658,564895355575,21_10_2024,No,No,No,No,COMP_NO,No
4659,564895361003,21_10_2024,No,No,No,No,COMP_NO,Yes
4660,564895362570,21_10_2024,No,No,No,No,COMP_NO,No
4661,564895363881,21_10_2024,No,No,No,No,COMP_NO,No
4662,564895380299,21_10_2024,No,No,No,No,COMP_NO,No
4663,564895380914,21_10_2024,No,No,No,No,COMP_NO,No
4664,564895419454,21_10_2024,No,No,No,No,COMP_NO,No
4665,564895464504,21_10_2024,No,No,No,No,COMP_NO,No
4666,564895475832,21_10_2024,No,No,No,No,COMP_NO,No
4667,564895479621,21_10_2024,No,No,No,No,COMP_NO,No
4668,564895484609,21_10_2024,No,No,No,No,COMP_NO,No
4669,564895500928,21_10_2024,No,No,No,No,COMP_NO,No
4670,564895508052,21_10_2024,No,No,No,No,COMP_NO,No
4671,564895509301,21_10_2024,No,No,No,No,COMP_NO,No
4672,564895509862,21_10_2024,No,No,No,No,COMP_NO,No
4673,564895515185,21_10_2024,No,No,No,No,COMP_NO,No
4674,564895516463,21_10_2024,Yes,No,No,No,COMP_NO,Yes
4675,564895516966,21_10_2024,No,No,No,No,COMP_NO,No
4676,564895519829,21_10_2024,No,No,No,No,COMP_NO,No
4677,564895523307,21_10_2024,No,No,No,No,COMP_NO,No
4678,564895528688,21_10_2024,No,No,No,No,COMP_NO,No
4679,564895536065,21_10_2024,No,No,No,No,COMP_NO,No
4680,564895537444,21_10_2024,No,No,No,No,COMP_NO,No
4681,565089557003,21_10_2024,No,No,No,No,COMP_NO,No
4682,565089569827,21_10_2024,No,Yes,No,Yes,COMP_NO,No
4683,565089587227,21_10_2024,No,No,No,No,COMP_NO,No
4684,565089591861,21_10_2024,No,No,No,No,COMP_NO,No
4685,565089596748,21_10_2024,No,No,No,No,COMP_NO,No
4686,565089600943,21_10_2024,No,No,No,No,COMP_NO,No
4687,565089601934,21_10_2024,No,No,No,No,COMP_NO,No
4688,565089633174,21_10_2024,No,No,No,No,COMP_NO,No
4689,565089633458,21_10_2024,No,No,No,No,COMP_NO,No
4690,565089911243,22_10_2024,No,No,No,No,COMP_NO,No
4691,565089920213,22_10_2024,No,No,No,No,COMP_NO,No
4692,565089925780,22_10_2024,Yes,No,No,No,COMP_SA,Yes
4693,565089942888,22_10_2024,No,No,No,No,COMP_NO,No
4694,565089953305,22_10_2024,No,No,No,No,COMP_NO,No
4695,565089954559,22_10_2024,No,No,No,No,COMP_NO,No
4696,565089955596,22_10_2024,No,No,No,No,COMP_NO,No
4697,565089956009,22_10_2024,No,No,No,No,COMP_NO,No
4698,565089962093,22_10_2024,No,No,No,No,COMP_NO,No
4699,565089966329,22_10_2024,No,No,No,No,COMP_NO,No
4700,565089973530,22_10_2024,No,No,No,No,COMP_NO,No
4701,565089977677,22_10_2024,No,Yes,No,Yes,COMP_NO,No
4702,565089983405,22_10_2024,No,No,No,No,COMP_NO,No
4703,565090010950,22_10_2024,No,No,No,No,COMP_NO,No
4704,565090011819,22_10_2024,No,No,No,No,COMP_NO,No
4705,565090012833,22_10_2024,No,No,No,No,COMP_NO,No
4706,565090034304,22_10_2024,No,No,No,No,COMP_NO,No
4707,565090035425,22_10_2024,No,No,No,No,COMP_NO,No
4708,565090035693,22_10_2024,No,No,No,No,COMP_NO,No
4709,565090046768,22_10_2024,No,No,No,No,COMP_NO,No
4710,565090053929,22_10_2024,No,No,No,No,COMP_NO,No
4711,565090055602,22_10_2024,No,No,No,No,COMP_NO,No
4712,565090064820,22_10_2024,Yes,No,No,No,COMP_NO,Yes
4713,565090067445,22_10_2024,No,Yes,No,No,COMP_PE,Yes
4714,565090068079,22_10_2024,No,No,No,No,COMP_NO,No
4715,565090068586,22_10_2024,No,No,No,No,COMP_NO,No
4716,565090082720,22_10_2024,No,No,No,No,COMP_NO,No
4717,565090083317,22_10_2024,No,No,No,No,COMP_NO,No
4718,565090096810,22_10_2024,No,Yes,No,No,COMP_CO,Yes
4719,565090105379,22_10_2024,No,No,No,No,COMP_NO,No
4720,565090106716,22_10_2024,No,No,No,No,COMP_NO,No
4721,565090109510,22_10_2024,No,No,No,No,COMP_NO,No
4722,565090118901,22_10_2024,No,No,No,No,COMP_NO,No
4723,565090120021,22_10_2024,No,No,No,No,COMP_NO,No
4724,565090121738,22_10_2024,Yes,Yes,No,Yes,COMP_CO,Yes
4725,565090121781,22_10_2024,No,No,No,No,COMP_NO,No
4726,565090134447,22_10_2024,No,No,No,No,COMP_NO,No
4727,565090137582,22_10_2024,No,No,No,No,COMP_NO,No
4728,565090138376,22_10_2024,Yes,No,No,No,COMP_SA,Yes
4729,565090146920,22_10_2024,No,No,No,No,COMP_NO,No
4730,565090148826,22_10_2024,No,No,No,No,COMP_NO,No
4731,565090150467,22_10_2024,No,No,No,No,COMP_NO,No
4732,565090187168,22_10_2024,Yes,Yes,No,No,COMP_NO,Yes
4733,565090200505,22_10_2024,No,No,No,No,COMP_NO,No
4734,565090209534,22_10_2024,No,No,No,No,COMP_NO,No
4735,565090209702,22_10_2024,No,No,No,No,COMP_CH,Yes
4736,565090209827,22_10_2024,No,No,No,No,COMP_NO,No
4737,565090220098,22_10_2024,No,Yes,No,Yes,COMP_NO,No
4738,565090227126,22_10_2024,No,No,No,No,COMP_NO,No
4739,565090251737,22_10_2024,No,No,No,No,COMP_NO,No
4740,565090294976,22_10_2024,No,No,No,No,COMP_NO,No
4741,565090323025,22_10_2024,Yes,No,No,No,COMP_SA,Yes
4742,565090340846,22_10_2024,No,No,No,No,COMP_NO,No
4743,539571980004,27_09_2024,No,No,No,No,COMP_NO,No
4744,539719484988,30_09_2024,No,Yes,No,Yes,COMP_NO,No
4745,539719688111,30_09_2024,No,No,No,No,COMP_NO,No
4746,539719847131,30_09_2024,Yes,Yes,No,Yes,COMP_SM,Yes
4747,539720204181,01_10_2024,No,No,No,Yes,COMP_NO,No
4748,539720298143,01_10_2024,No,No,No,No,COMP_NO,No
4749,539720351182,01_10_2024,No,No,No,No,COMP_NO,No
4750,539720351638,01_10_2024,No,No,No,No,COMP_NO,No
4751,539720357018,01_10_2024,No,No,No,No,COMP_NO,No
4752,539720378797,01_10_2024,No,No,No,No,COMP_NO,No
4753,539720379552,01_10_2024,No,Yes,No,Yes,COMP_SM,Yes
4754,539720436020,01_10_2024,No,No,No,No,COMP_NO,No
4755,539720441964,01_10_2024,Yes,No,No,No,COMP_NO,Yes
4756,539720502469,01_10_2024,Yes,Yes,Yes,Yes,COMP_CH,Yes
4757,539893558360,01_10_2024,No,No,No,No,COMP_NO,No
4758,539893601394,01_10_2024,No,No,No,No,COMP_NO,No
4759,539893606412,01_10_2024,No,No,No,No,COMP_NO,No
4760,539893623536,01_10_2024,No,Yes,No,Yes,COMP_CO,Yes
4761,539893624536,01_10_2024,No,No,No,No,COMP_NO,No
4762,539893635785,01_10_2024,No,Yes,No,No,COMP_NO,No
4763,539893665102,01_10_2024,No,Yes,No,Yes,COMP_CH,Yes
4764,539893668228,01_10_2024,No,No,No,No,COMP_NO,No
4765,539893668355,01_10_2024,No,No,No,No,COMP_NO,No
4766,539893677859,01_10_2024,No,Yes,No,Yes,COMP_AC,Yes
4767,539893682794,01_10_2024,No,No,No,No,COMP_NO,No
4768,539893683205,01_10_2024,No,No,No,No,COMP_NO,No
4769,539893713740,01_10_2024,No,No,No,No,COMP_NO,No
4770,539893716971,01_10_2024,No,No,No,No,COMP_NO,No
4771,539893723886,01_10_2024,No,No,No,No,COMP_NO,No
4772,539893762540,01_10_2024,No,No,No,No,COMP_NO,No
4773,539893987167,02_10_2024,No,No,No,No,COMP_NO,No
4774,539893987625,02_10_2024,No,Yes,No,Yes,COMP_NO,No
4775,539894025494,02_10_2024,No,No,No,No,COMP_NO,No
4776,539894042532,02_10_2024,No,No,No,No,COMP_NO,No
4777,539894043301,02_10_2024,No,No,No,No,COMP_NO,No
4778,539894068243,02_10_2024,No,No,No,No,COMP_NO,No
4779,539894073732,02_10_2024,No,No,No,No,COMP_NO,No
4780,539894075328,02_10_2024,No,No,No,No,COMP_NO,No
4781,539894085088,02_10_2024,No,No,No,No,COMP_NO,No
4782,539894102197,02_10_2024,No,No,No,No,COMP_NO,No
4783,539894106105,02_10_2024,No,No,No,No,COMP_NO,No
4784,539894117116,02_10_2024,No,No,No,No,COMP_NO,No
4785,539894149388,02_10_2024,No,No,No,No,COMP_NO,No
4786,539894158162,02_10_2024,No,No,No,No,COMP_NO,No
4787,539894165671,02_10_2024,No,Yes,No,Yes,COMP_HS,Yes
4788,539894166058,02_10_2024,No,No,No,No,COMP_NO,No
4789,539894171124,02_10_2024,No,No,No,No,COMP_NO,No
4790,539894190354,02_10_2024,No,No,No,No,COMP_NO,No
4791,539894192722,02_10_2024,No,No,No,No,COMP_NO,No
4792,539894193516,02_10_2024,No,No,No,No,COMP_NO,No
4793,539894201541,02_10_2024,No,Yes,No,Yes,COMP_VE,Yes
4794,539894204403,02_10_2024,No,No,No,No,COMP_NO,No
4795,539894208986,02_10_2024,No,No,No,No,COMP_NO,No
4796,539894211155,02_10_2024,No,No,No,No,COMP_NO,No
4797,539894219347,02_10_2024,No,No,No,No,COMP_NO,No
4798,539894245532,02_10_2024,No,Yes,No,No,COMP_CO,Yes
4799,539894266016,02_10_2024,No,No,No,No,COMP_NO,No
4800,539894268241,02_10_2024,No,No,No,No,COMP_NO,No
4801,539894269235,02_10_2024,No,No,No,No,COMP_NO,No
4802,539894280919,02_10_2024,No,No,No,No,COMP_NO,No
4803,539894281925,02_10_2024,No,Yes,No,Yes,COMP_NO,No
4804,539894282462,02_10_2024,No,No,No,No,COMP_NO,No
4805,539894290778,02_10_2024,No,No,No,No,COMP_NO,No
4806,539894306165,02_10_2024,No,No,No,No,COMP_NO,No
4807,539894309336,02_10_2024,No,No,No,No,COMP_NO,No
4808,539894310873,02_10_2024,No,No,No,No,COMP_NO,No
4809,539894315381,02_10_2024,No,No,No,No,COMP_NO,No
4810,539894326187,02_10_2024,No,No,No,No,COMP_NO,No
4811,539894326847,02_10_2024,No,No,No,No,COMP_NO,No
4812,539894384236,02_10_2024,No,No,No,No,COMP_NO,No
4813,539894385499,02_10_2024,No,No,No,No,COMP_NO,No
4814,539894412848,02_10_2024,No,No,No,No,COMP_NO,No
4815,539894415610,02_10_2024,No,No,No,No,COMP_NO,No
4816,539894429131,02_10_2024,No,Yes,No,No,COMP_AC,Yes
4817,539894430188,02_10_2024,No,No,No,No,COMP_NO,No
4818,539894430635,02_10_2024,No,No,No,No,COMP_NO,No
4819,539894466496,02_10_2024,No,No,No,No,COMP_NO,No
4820,539894468931,02_10_2024,No,No,No,No,COMP_NO,No
4821,539894470085,02_10_2024,Yes,No,No,No,COMP_SA,Yes
4822,539894478888,02_10_2024,No,No,No,No,COMP_NO,No
4823,539894496212,02_10_2024,No,No,No,No,COMP_NO,No
4824,539894564612,02_10_2024,No,No,No,No,COMP_NO,No
4825,539894571279,02_10_2024,No,No,No,No,COMP_NO,Yes
4826,539894584003,02_10_2024,No,No,No,No,COMP_NO,No
4827,539894584250,02_10_2024,No,No,No,No,COMP_NO,No
4828,539894606741,02_10_2024,No,No,No,No,COMP_NO,No
4829,539894808403,03_10_2024,No,Yes,No,Yes,COMP_NO,No
4830,539894809470,03_10_2024,No,No,No,No,COMP_NO,No
4831,539894822431,03_10_2024,No,No,No,No,COMP_NO,No
4832,539894823425,03_10_2024,No,Yes,No,Yes,COMP_NO,No
4833,539894844035,03_10_2024,No,No,No,No,COMP_NO,No
4834,539894844360,03_10_2024,No,No,No,No,COMP_NO,No
4835,539894845393,03_10_2024,No,No,No,No,COMP_NO,No
4836,539894892911,03_10_2024,No,No,No,No,COMP_NO,No
4837,539894940276,03_10_2024,No,Yes,No,No,COMP_NO,No
4838,564757477309,18_10_2024,No,Yes,No,Yes,COMP_NO,No
4839,564757480525,18_10_2024,No,No,No,No,COMP_NO,No
4840,564893595463,18_10_2024,No,Yes,No,Yes,COMP_CO,Yes
4841,564893614911,18_10_2024,No,Yes,No,Yes,COMP_WE,Yes
4842,564893619805,18_10_2024,No,No,No,No,COMP_NO,No
4843,564893767455,18_10_2024,No,No,No,No,COMP_NO,No
4844,564893767604,18_10_2024,No,No,No,No,COMP_NO,No
4845,564893787786,18_10_2024,No,No,No,No,COMP_NO,No
4846,564893789353,18_10_2024,No,No,No,No,COMP_NO,No
4847,564893789584,18_10_2024,No,No,No,No,COMP_NO,No
4848,564893795755,18_10_2024,No,No,No,No,COMP_NO,No
4849,564894783366,21_10_2024,No,No,No,No,COMP_NO,No
4850,564894786159,21_10_2024,No,No,No,No,COMP_NO,No
4851,564894788505,21_10_2024,No,No,No,No,COMP_NO,No
4852,564894790056,21_10_2024,No,No,No,No,COMP_NO,No
4853,564894954240,21_10_2024,No,No,No,No,COMP_NO,No
4854,564894993800,21_10_2024,No,No,No,No,COMP_NO,No
4855,564894995175,21_10_2024,No,No,No,No,COMP_NO,No
4856,564895006685,21_10_2024,No,No,No,No,COMP_NO,No
4857,564895015951,21_10_2024,No,No,No,No,COMP_NO,No
4858,564895343916,21_10_2024,No,Yes,No,No,COMP_NO,No
4859,564895364727,21_10_2024,No,No,No,No,COMP_NO,No
4860,564895366849,21_10_2024,No,No,No,No,COMP_NO,No
4861,564895367098,21_10_2024,No,No,No,No,COMP_NO,No
4862,564895427484,21_10_2024,No,No,No,No,COMP_NO,No
4863,564895428487,21_10_2024,No,No,No,No,COMP_NO,No
4864,564895430538,21_10_2024,No,No,No,No,COMP_NO,No
4865,564895433783,21_10_2024,No,No,No,No,COMP_NO,No
4866,564895488065,21_10_2024,No,No,No,No,COMP_NO,No
4867,564895537963,21_10_2024,No,Yes,No,Yes,COMP_AL,Yes
4868,565089558140,21_10_2024,No,Yes,No,Yes,COMP_NO,No
4869,565089560683,21_10_2024,No,No,No,No,COMP_NO,No
4870,565089569963,21_10_2024,No,Yes,No,Yes,COMP_NO,No
4871,565089577249,21_10_2024,No,No,No,No,COMP_NO,No
4872,565089577295,21_10_2024,No,No,No,No,COMP_NO,No
4873,565089577377,21_10_2024,Yes,Yes,No,No,COMP_SA,Yes
4874,565089603003,21_10_2024,No,No,No,No,COMP_NO,No
4875,565089605735,21_10_2024,No,No,No,No,COMP_NO,No
4876,565089635334,21_10_2024,No,No,No,No,COMP_NO,No
4877,565089862086,22_10_2024,No,No,No,No,COMP_NO,No
4878,565089895257,22_10_2024,No,No,No,No,COMP_NO,No
4879,565089946793,22_10_2024,No,No,No,No,COMP_NO,No
4880,565089971905,22_10_2024,No,No,No,No,COMP_NO,No
4881,565089987351,22_10_2024,No,No,No,No,COMP_NO,No
4882,565089988080,22_10_2024,No,No,No,No,COMP_NO,No
4883,565090004104,22_10_2024,No,Yes,No,No,COMP_CH,Yes
4884,565090018509,22_10_2024,No,No,No,No,COMP_NO,No
4885,565090020040,22_10_2024,No,No,No,No,COMP_NO,No
4886,565090021754,22_10_2024,No,No,No,No,COMP_NO,No
4887,565090036373,22_10_2024,No,Yes,No,Yes,COMP_NO,No
4888,565090037912,22_10_2024,No,No,No,No,COMP_NO,No
4889,565090041524,22_10_2024,No,No,No,No,COMP_NO,No
4890,565090048535,22_10_2024,No,Yes,No,No,COMP_NO,No
4891,565090049761,22_10_2024,No,No,No,No,COMP_NO,No
4892,565090050492,22_10_2024,No,Yes,No,Yes,COMP_NO,No
4893,565090052073,22_10_2024,No,No,No,No,COMP_NO,No
4894,565090069276,22_10_2024,No,No,No,No,COMP_NO,No
4895,565090070883,22_10_2024,No,Yes,No,No,COMP_NO,No
4896,565090084096,22_10_2024,No,No,No,No,COMP_NO,No
4897,565090087832,22_10_2024,No,No,No,No,COMP_NO,No
4898,565090093485,22_10_2024,No,No,No,No,COMP_NO,No
4899,565090102051,22_10_2024,No,Yes,No,No,COMP_SM,Yes
4900,565090102410,22_10_2024,No,No,No,No,COMP_NO,No
4901,565090112079,22_10_2024,No,No,No,No,COMP_NO,No
4902,565090117954,22_10_2024,No,No,No,No,COMP_NO,No
4903,565090126270,22_10_2024,No,No,No,No,COMP_NO,No
4904,565090126985,22_10_2024,No,No,No,No,COMP_NO,No
4905,565090129089,22_10_2024,Yes,Yes,No,Yes,COMP_SA,Yes
4906,565090140651,22_10_2024,No,No,No,No,COMP_NO,No
4907,565090144176,22_10_2024,No,Yes,No,Yes,COMP_NO,No
4908,565090155786,22_10_2024,No,No,No,No,COMP_NO,No
4909,565090187661,22_10_2024,No,Yes,No,Yes,COMP_NO,No
4910,565090203033,22_10_2024,Yes,No,No,No,COMP_NO,Yes
4911,565090204523,22_10_2024,No,No,No,No,COMP_NO,No
4912,565090212162,22_10_2024,No,No,No,No,COMP_NO,No
4913,565090212718,22_10_2024,No,No,No,No,COMP_NO,No
4914,565090220439,22_10_2024,No,No,No,No,COMP_NO,No
4915,565090220609,22_10_2024,No,No,No,No,COMP_NO,No
4916,565090222643,22_10_2024,No,No,No,No,COMP_NO,No
4917,565090226737,22_10_2024,No,No,No,No,COMP_NO,No
4918,565090227981,22_10_2024,No,No,No,No,COMP_NO,No
4919,565090229754,22_10_2024,No,No,No,No,COMP_NO,No
4920,565090237543,22_10_2024,No,No,No,No,COMP_NO,No
4921,565090237637,22_10_2024,No,No,No,No,COMP_NO,No
4922,565090271078,22_10_2024,No,No,No,No,COMP_NO,No
4923,565090272027,22_10_2024,No,No,No,No,COMP_NO,No
4924,565090288291,22_10_2024,No,No,No,No,COMP_NO,No
4925,565090295158,22_10_2024,No,No,No,No,COMP_NO,No
4926,565090338037,22_10_2024,No,Yes,No,Yes,COMP_NO,No
4927,565090345977,22_10_2024,No,No,No,No,COMP_NO,No
4928,565090371763,22_10_2024,No,No,No,No,COMP_NO,No
4929,565090385071,22_10_2024,No,No,No,No,COMP_NO,No
4930,565090388552,22_10_2024,No,No,No,No,COMP_NO,No
4931,565090391070,22_10_2024,No,No,No,No,COMP_NO,No
4932,565090393779,22_10_2024,No,No,No,No,COMP_NO,No
4933,565090411182,22_10_2024,No,No,No,No,COMP_NO,No
4934,565090441913,22_10_2024,No,No,No,No,COMP_NO,No
4935,565090442727,22_10_2024,No,No,No,No,COMP_NO,No
4936,565090443397,22_10_2024,No,No,No,No,COMP_NO,No
4937,565090446265,22_10_2024,No,No,No,No,COMP_NO,No
4938,565090459097,22_10_2024,No,No,No,No,COMP_NO,No
4939,565090469889,22_10_2024,No,No,No,No,COMP_NO,No
4940,565090473401,22_10_2024,No,No,No,No,COMP_NO,No
4941,565090475189,22_10_2024,No,No,No,No,COMP_NO,No
4942,565090488528,22_10_2024,No,No,No,No,COMP_NO,No
4943,565090507207,22_10_2024,No,No,No,No,COMP_NO,No
4944,565090507250,22_10_2024,No,No,No,No,COMP_NO,No
4945,565090507795,22_10_2024,No,No,No,No,COMP_NO,No
4946,565090525011,22_10_2024,No,Yes,No,Yes,COMP_CH,Yes
4947,565090726602,23_10_2024,No,No,No,No,COMP_NO,No
4948,565090774161,23_10_2024,No,No,No,No,COMP_NO,No
4949,565090777424,23_10_2024,No,No,No,No,COMP_NO,No
4950,565090778453,23_10_2024,No,No,No,No,COMP_NO,No
4951,565090796214,23_10_2024,No,No,No,No,COMP_NO,No
4952,565090796853,23_10_2024,No,No,No,No,COMP_NO,No
4953,565090806226,23_10_2024,No,No,No,No,COMP_NO,No
4954,565090809455,23_10_2024,No,No,No,No,COMP_NO,No
4955,565090811177,23_10_2024,No,No,No,No,COMP_NO,No
4956,565090817177,23_10_2024,No,No,No,No,COMP_NO,No
4957,565090817629,23_10_2024,No,No,No,No,COMP_NO,No
4958,565090817696,23_10_2024,No,No,No,No,COMP_NO,No
4959,565090823687,23_10_2024,No,No,No,No,COMP_NO,No
4960,565090827750,23_10_2024,No,No,No,No,COMP_NO,No
4961,565090868579,23_10_2024,No,No,No,No,COMP_NO,No
4962,565090873535,23_10_2024,No,No,No,No,COMP_NO,No
4963,565090908935,23_10_2024,No,No,No,No,COMP_NO,No
4964,565090910811,23_10_2024,No,No,No,No,COMP_NO,No
4965,565090932709,23_10_2024,No,No,No,Yes,COMP_NO,No
4966,565090965068,23_10_2024,No,No,No,No,COMP_NO,No
4967,539719486788,30_09_2024,No,No,No,No,COMP_NO,No
4968,539719487258,30_09_2024,No,No,No,No,COMP_NO,No
4969,539719785909,30_09_2024,No,No,No,No,COMP_NO,No
4970,539720249855,01_10_2024,No,Yes,No,Yes,COMP_NO,No
4971,539720382488,01_10_2024,No,No,No,No,COMP_NO,No
4972,539720420421,01_10_2024,No,Yes,No,No,COMP_NO,No
4973,539720450598,01_10_2024,No,Yes,No,Yes,COMP_NO,No
4974,539720463212,01_10_2024,No,No,No,No,COMP_NO,No
4975,539893573573,01_10_2024,No,Yes,No,Yes,COMP_NO,No
4976,539893626958,01_10_2024,No,No,No,No,COMP_NO,No
4977,539893627153,01_10_2024,No,No,No,No,COMP_NO,No
4978,539893628364,01_10_2024,No,No,No,No,COMP_NO,No
4979,539893687185,01_10_2024,No,No,No,No,COMP_NO,No
4980,539893687307,01_10_2024,No,No,No,No,COMP_NO,No
4981,539894001255,02_10_2024,No,No,No,No,COMP_NO,No
4982,539894047410,02_10_2024,No,No,No,No,COMP_NO,No
4983,539894047563,02_10_2024,No,No,No,No,COMP_NO,No
4984,539894076025,02_10_2024,No,No,No,No,COMP_NO,No
4985,539894109503,02_10_2024,No,No,No,No,COMP_NO,No
4986,539894110942,02_10_2024,No,No,No,No,COMP_NO,No
4987,539894120032,02_10_2024,No,No,No,No,COMP_NO,No
4988,539894123056,02_10_2024,No,No,No,Yes,COMP_NO,No
4989,539894160339,02_10_2024,No,Yes,No,Yes,COMP_NO,No
4990,539894163808,02_10_2024,No,No,No,No,COMP_NO,No
4991,539894171927,02_10_2024,No,Yes,No,No,COMP_CO,Yes
4992,539894171931,02_10_2024,No,No,No,No,COMP_NO,No
4993,539894173092,02_10_2024,No,No,No,No,COMP_NO,No
4994,539894174398,02_10_2024,No,No,No,No,COMP_NO,No
4995,539894225491,02_10_2024,No,No,No,No,COMP_NO,No
4996,539894230477,02_10_2024,No,No,No,No,COMP_NO,No
4997,539894231391,02_10_2024,Yes,No,No,No,COMP_NO,Yes
4998,539894235737,02_10_2024,No,No,No,No,COMP_NO,No
4999,539894248455,02_10_2024,No,Yes,No,Yes,COMP_NO,No
5000,539894251213,02_10_2024,No,No,No,No,COMP_NO,No
5001,539894273509,02_10_2024,No,No,No,No,COMP_NO,No
5002,539894319707,02_10_2024,No,No,No,No,COMP_NO,No
5003,539894320785,02_10_2024,No,No,No,No,COMP_NO,No
5004,539894328568,02_10_2024,No,No,No,No,COMP_NO,No
5005,539894352152,02_10_2024,No,Yes,No,No,COMP_SM,Yes
5006,539894352376,02_10_2024,No,No,No,No,COMP_NO,No
5007,539894373817,02_10_2024,No,No,No,No,COMP_NO,No
5008,539894386572,02_10_2024,No,Yes,No,No,COMP_CO,Yes
5009,539894388143,02_10_2024,No,No,No,No,COMP_NO,No
5010,539894416162,02_10_2024,No,No,No,No,COMP_NO,No
5011,539894417845,02_10_2024,No,Yes,No,Yes,COMP_NO,No
5012,539894436049,02_10_2024,No,No,No,No,COMP_NO,No
5013,539894436100,02_10_2024,No,Yes,No,Yes,COMP_NO,No
5014,539894447080,02_10_2024,No,Yes,No,Yes,COMP_CH,Yes
5015,539894447334,02_10_2024,No,No,No,No,COMP_NO,No
5016,539894451660,02_10_2024,No,No,No,No,COMP_NO,No
5017,539894479375,02_10_2024,No,Yes,No,Yes,COMP_CO,Yes
5018,539894482230,02_10_2024,Yes,Yes,No,Yes,COMP_CH,Yes
5019,539894487922,02_10_2024,No,No,No,No,COMP_NO,No
5020,539894498616,02_10_2024,No,No,No,No,COMP_NO,No
5021,539894503643,02_10_2024,No,No,No,No,COMP_NO,No
5022,539894508005,02_10_2024,No,No,No,No,COMP_NO,No
5023,539894529267,02_10_2024,No,No,No,Yes,COMP_NO,No
5024,539894587263,02_10_2024,No,No,No,No,COMP_NO,No
5025,539894590307,02_10_2024,No,Yes,No,No,COMP_NO,No
5026,539894590611,02_10_2024,No,No,No,No,COMP_NO,No
5027,539894608057,02_10_2024,No,No,No,Yes,COMP_NO,No
5028,539894610279,02_10_2024,No,No,No,No,COMP_NO,No
5029,539894613143,02_10_2024,No,No,No,No,COMP_NO,No
5030,539894798504,03_10_2024,No,No,No,No,COMP_NO,No
5031,539894807022,03_10_2024,No,No,No,No,COMP_NO,No
5032,539894816606,03_10_2024,No,No,No,No,COMP_NO,No
5033,539894817398,03_10_2024,No,No,No,No,COMP_NO,No
5034,539894819284,03_10_2024,No,No,No,No,COMP_NO,No
5035,539894826117,03_10_2024,Yes,No,No,No,COMP_SA,Yes
5036,539894829688,03_10_2024,No,No,No,No,COMP_NO,No
5037,539894842928,03_10_2024,No,No,No,No,COMP_NO,No
5038,539894852355,03_10_2024,No,No,No,No,COMP_NO,No
5039,539894853207,03_10_2024,No,No,No,No,COMP_NO,No
5040,539894863555,03_10_2024,No,No,No,Yes,COMP_NO,No
5041,539894867449,03_10_2024,No,No,No,No,COMP_NO,No
5042,539894869004,03_10_2024,No,No,No,No,COMP_NO,No
5043,539894895757,03_10_2024,No,No,No,No,COMP_NO,No
5044,539894899768,03_10_2024,No,No,No,No,COMP_NO,No
5045,539894905496,03_10_2024,No,No,No,No,COMP_NO,No
5046,539894908924,03_10_2024,No,No,No,No,COMP_NO,No
5047,539894926769,03_10_2024,No,No,No,No,COMP_NO,No
5048,539894930187,03_10_2024,No,No,No,No,COMP_NO,No
5049,539894941509,03_10_2024,No,Yes,No,No,COMP_CH,Yes
5050,539894959716,03_10_2024,No,No,No,No,COMP_NO,No
5051,539894968882,03_10_2024,No,No,No,No,COMP_NO,No
5052,539894974817,03_10_2024,No,No,No,No,COMP_NO,No
5053,539894976955,03_10_2024,No,No,No,No,COMP_NO,No
5054,539894986300,03_10_2024,No,Yes,No,Yes,COMP_NO,No
5055,539894993583,03_10_2024,No,No,No,No,COMP_NO,No
5056,539895014017,03_10_2024,No,No,No,No,COMP_NO,No
5057,539895024311,03_10_2024,No,No,No,No,COMP_NO,No
5058,539895029885,03_10_2024,No,No,No,No,COMP_NO,No
5059,539895033357,03_10_2024,No,No,No,No,COMP_NO,No
5060,539895035410,03_10_2024,No,No,No,No,COMP_NO,No
5061,539895037327,03_10_2024,No,No,No,No,COMP_NO,No
5062,539895069815,03_10_2024,No,No,No,No,COMP_NO,No
5063,539895122372,03_10_2024,No,No,No,No,COMP_NO,No
5064,539895127039,03_10_2024,No,No,No,No,COMP_NO,No
5065,539895170544,03_10_2024,No,No,No,No,COMP_NO,No
5066,539895181930,03_10_2024,No,No,No,No,COMP_NO,No
5067,539895183892,03_10_2024,No,No,No,No,COMP_NO,No
5068,564893629697,18_10_2024,No,Yes,No,Yes,COMP_NO,No
5069,564893769103,18_10_2024,No,No,No,No,COMP_NO,No
5070,564893776796,18_10_2024,No,No,No,No,COMP_NO,No
5071,564893942390,18_10_2024,No,No,No,No,COMP_CO,Yes
5072,564894793717,21_10_2024,No,No,No,No,COMP_NO,No
5073,564894801609,21_10_2024,No,Yes,No,Yes,COMP_NO,No
5074,564895017149,21_10_2024,No,Yes,No,No,COMP_NO,No
5075,564895017421,21_10_2024,No,No,No,No,COMP_NO,No
5076,565089547683,21_10_2024,No,No,No,No,COMP_NO,No
5077,565089548391,21_10_2024,No,No,No,No,COMP_NO,No
5078,565089548586,21_10_2024,No,No,No,No,COMP_NO,No
5079,565089560850,21_10_2024,No,No,No,No,COMP_NO,No
5080,565089578408,21_10_2024,No,No,No,No,COMP_NO,No
5081,565089611587,21_10_2024,No,Yes,No,No,COMP_CO,Yes
5082,565089612168,21_10_2024,No,Yes,No,Yes,COMP_NO,No
5083,565089617809,21_10_2024,No,Yes,No,Yes,COMP_NO,No
5084,565089896594,22_10_2024,No,No,No,No,COMP_NO,No
5085,565089901432,22_10_2024,No,Yes,No,No,COMP_CH,Yes
5086,565089903111,22_10_2024,No,No,No,No,COMP_NO,No
5087,565089911590,22_10_2024,No,No,No,No,COMP_NO,No
5088,565089950357,22_10_2024,No,Yes,No,Yes,COMP_NO,No
5089,565089958239,22_10_2024,No,Yes,No,Yes,COMP_NO,No
5090,565090006457,22_10_2024,No,No,No,No,COMP_NO,No
5091,565090008950,22_10_2024,No,No,No,No,COMP_NO,No
5092,565090041594,22_10_2024,No,No,No,No,COMP_NO,No
5093,565090041852,22_10_2024,No,No,No,No,COMP_NO,No
5094,565090053581,22_10_2024,No,No,No,No,COMP_NO,No
5095,565090071377,22_10_2024,No,No,No,No,COMP_NO,No
5096,565090078239,22_10_2024,No,No,No,No,COMP_NO,No
5097,565090078459,22_10_2024,No,No,No,No,COMP_NO,No
5098,565090132711,22_10_2024,No,No,No,No,COMP_NO,No
5099,565090157166,22_10_2024,Yes,Yes,No,Yes,COMP_CH,Yes
5100,565090158186,22_10_2024,No,No,No,No,COMP_NO,No
5101,565090160764,22_10_2024,No,Yes,No,Yes,COMP_NO,No
5102,565090164523,22_10_2024,No,No,No,No,COMP_NO,No
5103,565090191574,22_10_2024,No,No,No,No,COMP_NO,No
5104,565090205852,22_10_2024,No,No,No,No,COMP_NO,No
5105,565090213173,22_10_2024,No,No,No,No,COMP_NO,No
5106,565090214584,22_10_2024,No,No,No,No,COMP_NO,No
5107,565090215747,22_10_2024,No,Yes,No,No,COMP_NO,No
5108,565090247046,22_10_2024,No,Yes,No,No,COMP_HS,Yes
5109,565090248624,22_10_2024,No,No,No,No,COMP_NO,No
5110,565090299684,22_10_2024,No,No,No,No,COMP_NO,No
5111,565090352882,22_10_2024,No,No,No,No,COMP_NO,No
5112,565090355328,22_10_2024,No,No,No,No,COMP_NO,No
5113,565090376026,22_10_2024,No,No,No,No,COMP_NO,No
5114,565090378444,22_10_2024,No,No,No,No,COMP_NO,No
5115,565090380986,22_10_2024,No,No,No,No,COMP_NO,No
5116,565090397464,22_10_2024,No,No,No,No,COMP_NO,No
5117,565090417628,22_10_2024,No,No,No,No,COMP_NO,No
5118,565090417918,22_10_2024,No,No,No,No,COMP_NO,No
5119,565090420566,22_10_2024,No,No,No,No,COMP_NO,No
5120,565090428100,22_10_2024,No,No,No,No,COMP_NO,No
5121,565090447221,22_10_2024,No,No,No,No,COMP_NO,No
5122,565090491977,22_10_2024,No,No,No,No,COMP_NO,No
5123,565090492512,22_10_2024,No,No,No,No,COMP_NO,No
5124,565090492637,22_10_2024,No,No,No,No,COMP_NO,No
5125,565090512818,22_10_2024,No,No,No,No,COMP_NO,No
5126,565090523140,22_10_2024,No,No,No,No,COMP_NO,No
5127,565090526618,22_10_2024,No,No,No,No,COMP_NO,No
5128,565090529449,22_10_2024,No,No,No,No,COMP_NO,No
5129,565090736466,23_10_2024,No,No,No,No,COMP_NO,No
5130,565090739451,23_10_2024,No,No,No,No,COMP_NO,No
5131,565090739494,23_10_2024,No,No,No,No,COMP_NO,No
5132,565090779639,23_10_2024,Yes,Yes,No,No,COMP_SA,Yes
5133,565090812218,23_10_2024,No,No,No,No,COMP_NO,No
5134,565090812691,23_10_2024,No,No,No,No,COMP_NO,No
5135,565090813556,23_10_2024,No,No,No,No,COMP_NO,No
5136,565090819003,23_10_2024,No,No,No,No,COMP_NO,No
5137,565090820995,23_10_2024,No,No,No,No,COMP_NO,No
5138,565090822492,23_10_2024,No,No,No,No,COMP_NO,No
5139,565090823305,23_10_2024,No,No,No,No,COMP_NO,No
5140,565090829467,23_10_2024,No,No,No,No,COMP_NO,No
5141,565090837234,23_10_2024,No,No,No,No,COMP_NO,No
5142,565090873897,23_10_2024,No,No,No,No,COMP_NO,No
5143,565090877614,23_10_2024,No,No,No,No,COMP_NO,No
5144,565090878621,23_10_2024,Yes,No,No,No,COMP_NO,Yes
5145,565090879782,23_10_2024,No,No,No,No,COMP_NO,No
5146,565090881398,23_10_2024,No,No,No,No,COMP_NO,No
5147,565090893129,23_10_2024,No,No,No,No,COMP_NO,No
5148,565090893609,23_10_2024,No,No,No,No,COMP_NO,No
5149,565090894763,23_10_2024,Yes,No,No,No,COMP_NO,Yes
5150,565090911965,23_10_2024,No,No,No,No,COMP_NO,No
5151,565090912496,23_10_2024,No,No,No,No,COMP_NO,No
5152,565090940044,23_10_2024,No,No,No,No,COMP_NO,No
5153,565090954342,23_10_2024,No,No,No,No,COMP_NO,No
5154,565090954933,23_10_2024,No,No,No,No,COMP_NO,No
5155,565090967958,23_10_2024,No,No,No,No,COMP_NO,No
5156,565090982183,23_10_2024,No,No,No,No,COMP_NO,No
5157,565090997648,23_10_2024,No,No,No,No,COMP_NO,No
5158,565090998203,23_10_2024,No,No,No,No,COMP_NO,No
5159,565091013159,23_10_2024,No,No,No,No,COMP_NO,No
5160,565091013642,23_10_2024,No,No,No,No,COMP_NO,No
5161,565091014659,23_10_2024,No,No,No,No,COMP_NO,No
5162,565091020437,23_10_2024,No,No,No,No,COMP_NO,No
5163,565091028911,23_10_2024,No,Yes,No,Yes,COMP_NO,No
5164,565091069367,23_10_2024,No,Yes,No,Yes,COMP_PR,Yes
5165,565091074079,23_10_2024,No,No,No,No,COMP_NO,No
5166,565091078889,23_10_2024,No,No,No,No,COMP_NO,No
5167,565091110094,23_10_2024,No,No,No,No,COMP_NO,No
5168,565091110178,23_10_2024,No,No,No,No,COMP_NO,No
5169,565091130121,23_10_2024,No,Yes,No,Yes,COMP_NO,No
5170,565091157464,23_10_2024,No,Yes,No,Yes,COMP_SM,Yes
5171,565091158722,23_10_2024,No,No,No,No,COMP_NO,No
5172,565091169812,23_10_2024,Yes,Yes,No,Yes,COMP_SA,Yes
5173,565091190207,23_10_2024,No,No,No,No,COMP_NO,No
5174,565091190916,23_10_2024,No,No,No,No,COMP_NO,No
5175,565091191132,23_10_2024,No,No,No,No,COMP_NO,No
5176,565091208446,23_10_2024,No,No,No,Yes,COMP_NO,No
5177,565091235268,23_10_2024,No,No,No,No,COMP_NO,No
5178,565091241201,23_10_2024,No,No,No,No,COMP_NO,No
5179,565091259251,23_10_2024,No,No,No,No,COMP_NO,No
5180,565091264820,23_10_2024,No,No,No,No,COMP_NO,No
5181,565091267262,23_10_2024,No,No,No,No,COMP_NO,No
5182,565091280894,23_10_2024,No,No,No,No,COMP_NO,No
5183,565091302216,23_10_2024,Yes,Yes,No,Yes,COMP_CO,Yes
5184,565091317169,23_10_2024,No,No,No,No,COMP_NO,No
5185,565091347472,23_10_2024,No,Yes,No,No,COMP_TO,Yes
5186,565091353462,23_10_2024,No,No,No,No,COMP_NO,No
5187,565227647249,24_10_2024,No,No,No,No,COMP_NO,Yes
5188,565227708264,24_10_2024,No,No,No,No,COMP_NO,No
5189,539719795895,30_09_2024,No,No,No,No,COMP_NO,No
5190,539720421691,01_10_2024,No,Yes,No,Yes,COMP_NO,No
5191,539720423922,01_10_2024,No,No,No,No,COMP_NO,No
5192,539720465379,01_10_2024,No,No,No,No,COMP_NO,No
5193,539893575171,01_10_2024,No,Yes,No,Yes,COMP_NO,No
5194,539893576788,01_10_2024,No,No,No,No,COMP_NO,No
5195,539893631882,01_10_2024,No,No,No,No,COMP_NO,No
5196,539893694915,01_10_2024,No,Yes,No,No,COMP_CO,Yes
5197,539893699604,01_10_2024,No,No,No,No,COMP_NO,No
5198,539893700293,01_10_2024,No,No,No,No,COMP_NO,No
5199,539894049136,02_10_2024,No,No,No,No,COMP_CH,Yes
5200,539894050844,02_10_2024,No,No,No,No,COMP_NO,No
5201,539894085500,02_10_2024,No,Yes,No,Yes,COMP_NO,No
5202,539894141268,02_10_2024,No,No,No,No,COMP_NO,No
5203,539894142743,02_10_2024,No,No,No,No,COMP_NO,No
5204,539894224156,02_10_2024,Yes,Yes,No,Yes,COMP_CO,Yes
5205,539894224553,02_10_2024,No,No,No,No,COMP_NO,No
5206,539894242624,02_10_2024,No,No,No,No,COMP_NO,No
5207,539894282663,02_10_2024,No,Yes,No,Yes,COMP_CO,Yes
5208,539894283488,02_10_2024,No,No,No,No,COMP_NO,No
5209,539894362392,02_10_2024,No,No,No,No,COMP_NO,No
5210,539894382538,02_10_2024,No,No,No,No,COMP_NO,No
5211,539894390575,02_10_2024,No,Yes,No,Yes,COMP_NO,No
5212,539894422356,02_10_2024,No,No,No,No,COMP_NO,No
5213,539894424781,02_10_2024,No,No,No,No,COMP_CH,Yes
5214,539894436169,02_10_2024,No,Yes,No,Yes,COMP_NO,No
5215,539894453729,02_10_2024,No,Yes,No,Yes,COMP_NO,No
5216,539894456638,02_10_2024,No,No,No,No,COMP_NO,No
5217,539894471884,02_10_2024,No,No,No,No,COMP_NO,No
5218,539894492068,02_10_2024,No,No,No,No,COMP_NO,No
5219,539894511791,02_10_2024,Yes,Yes,No,Yes,COMP_PR,Yes
5220,539894513002,02_10_2024,No,No,No,No,COMP_NO,No
5221,539894572989,02_10_2024,No,Yes,No,Yes,COMP_CH,Yes
5222,539894593900,02_10_2024,No,No,No,No,COMP_NO,No
5223,539894621690,02_10_2024,No,No,No,No,COMP_NO,No
5224,539894853383,03_10_2024,No,Yes,No,No,COMP_NO,No
5225,539894854364,03_10_2024,No,No,No,No,COMP_NO,No
5226,539894855196,03_10_2024,Yes,No,No,No,COMP_SA,Yes
5227,539894869613,03_10_2024,No,No,No,No,COMP_NO,No
5228,539894869722,03_10_2024,No,No,No,No,COMP_NO,No
5229,539894879178,03_10_2024,No,No,No,No,COMP_NO,No
5230,539894917881,03_10_2024,No,Yes,No,Yes,COMP_BS,Yes
5231,539894921903,03_10_2024,No,No,No,No,COMP_NO,No
5232,539894923817,03_10_2024,No,Yes,No,No,COMP_NO,Yes
5233,539894931765,03_10_2024,No,No,No,No,COMP_NO,No
5234,539894939544,03_10_2024,No,No,No,No,COMP_NO,No
5235,539894943420,03_10_2024,No,No,No,No,COMP_NO,No
5236,539894950926,03_10_2024,No,No,No,No,COMP_NO,No
5237,539894952112,03_10_2024,No,No,No,No,COMP_NO,No
5238,539894958408,03_10_2024,No,No,No,No,COMP_NO,No
5239,539894998928,03_10_2024,No,No,No,No,COMP_NO,No
5240,539895001297,03_10_2024,No,No,No,No,COMP_NO,No
5241,539895008346,03_10_2024,No,No,No,No,COMP_NO,No
5242,539895014653,03_10_2024,No,No,No,No,COMP_NO,No
5243,539895038857,03_10_2024,No,Yes,No,Yes,COMP_NO,No
5244,539895040270,03_10_2024,No,Yes,No,No,COMP_CK,Yes
5245,539895074739,03_10_2024,No,No,No,No,COMP_NO,No
5246,539895076963,03_10_2024,No,No,No,No,COMP_NO,No
5247,539895087292,03_10_2024,No,No,No,No,COMP_NO,No
5248,539895090696,03_10_2024,No,No,No,No,COMP_NO,No
5249,539895092549,03_10_2024,No,No,No,No,COMP_NO,No
5250,539895108064,03_10_2024,No,Yes,No,Yes,COMP_NO,No
5251,539895108860,03_10_2024,No,No,No,No,COMP_NO,No
5252,539895108943,03_10_2024,No,No,No,No,COMP_NO,No
5253,539895112812,03_10_2024,No,No,No,No,COMP_NO,No
5254,539895128269,03_10_2024,No,No,No,No,COMP_NO,No
5255,539895158669,03_10_2024,No,No,No,No,COMP_NO,No
5256,539895162003,03_10_2024,No,No,No,No,COMP_NO,No
5257,539895189592,03_10_2024,No,No,No,No,COMP_NO,No
5258,539895192298,03_10_2024,No,Yes,No,No,COMP_NO,No
5259,539895193440,03_10_2024,No,No,No,No,COMP_NO,No
5260,539895199855,03_10_2024,No,No,No,No,COMP_NO,No
5261,539895203101,03_10_2024,No,No,No,No,COMP_NO,No
5262,539895211007,03_10_2024,No,No,No,No,COMP_NO,No
5263,539895216625,03_10_2024,No,No,No,No,COMP_NO,No
5264,539895216993,03_10_2024,No,No,No,No,COMP_NO,No
5265,539895220409,03_10_2024,No,No,No,No,COMP_NO,No
5266,539895222447,03_10_2024,Yes,Yes,No,No,COMP_SA,Yes
5267,539895227397,03_10_2024,No,No,No,No,COMP_NO,No
5268,539895229492,03_10_2024,No,No,No,No,COMP_NO,No
5269,539895247179,03_10_2024,Yes,No,No,No,COMP_AL,Yes
5270,539895268436,03_10_2024,No,No,No,No,COMP_NO,No
5271,539895271385,03_10_2024,No,No,No,No,COMP_NO,No
5272,539895271420,03_10_2024,No,No,No,No,COMP_NO,No
5273,539895284584,03_10_2024,No,No,No,No,COMP_NO,No
5274,539895300940,03_10_2024,No,No,No,No,COMP_NO,No
5275,539895301807,03_10_2024,No,No,No,No,COMP_NO,No
5276,539895314113,03_10_2024,No,No,No,No,COMP_NO,No
5277,539895319329,03_10_2024,Yes,No,No,No,COMP_SA,Yes
5278,539895321729,03_10_2024,No,No,No,No,COMP_NO,No
5279,539895357306,03_10_2024,No,No,No,No,COMP_NO,No
5280,539895357598,03_10_2024,No,No,No,No,COMP_NO,No
5281,539895358313,03_10_2024,No,No,No,No,COMP_NO,No
5282,539895368174,03_10_2024,No,No,No,No,COMP_NO,No
5283,539895390458,03_10_2024,No,No,No,No,COMP_NO,No
5284,539895395185,03_10_2024,No,No,No,No,COMP_NO,No
5285,539895406256,03_10_2024,No,No,No,No,COMP_NO,No
5286,539895436939,03_10_2024,No,No,No,No,COMP_NO,No
5287,539895438010,03_10_2024,No,No,No,No,COMP_NO,No
5288,539895454204,03_10_2024,No,No,No,No,COMP_NO,No
5289,564069656396,04_10_2024,No,No,No,No,COMP_NO,No
5290,564069662856,04_10_2024,No,No,No,No,COMP_NO,No
5291,564069676606,04_10_2024,No,No,No,No,COMP_NO,No
5292,564069712291,04_10_2024,No,No,No,No,COMP_NO,No
5293,564069735225,04_10_2024,No,No,No,No,COMP_NO,No
5294,564069738334,04_10_2024,No,No,No,No,COMP_NO,No
5295,564069757399,04_10_2024,No,No,No,No,COMP_NO,No
5296,564069757995,04_10_2024,No,No,No,No,COMP_NO,No
5297,564069774481,04_10_2024,No,No,No,No,COMP_NO,No
5298,564069775344,04_10_2024,No,No,No,No,COMP_NO,No
5299,564069777342,04_10_2024,No,No,No,No,COMP_NO,No
5300,564069788771,04_10_2024,No,No,No,No,COMP_NO,No
5301,564069839033,04_10_2024,No,No,No,No,COMP_NO,No
5302,564757485446,18_10_2024,No,Yes,No,Yes,COMP_CO,Yes
5303,565089988339,22_10_2024,No,No,No,No,COMP_NO,No
5304,565089990359,22_10_2024,No,No,No,No,COMP_NO,No
5305,565090009070,22_10_2024,No,No,No,No,COMP_NO,No
5306,565090009418,22_10_2024,No,No,No,No,COMP_NO,No
5307,565090042320,22_10_2024,No,No,No,No,COMP_NO,No
5308,565090169298,22_10_2024,No,Yes,No,Yes,COMP_NO,No
5309,565090179547,22_10_2024,No,No,No,No,COMP_NO,No
5310,565090181319,22_10_2024,No,No,No,No,COMP_NO,No
5311,565090191782,22_10_2024,No,No,No,No,COMP_NO,No
5312,565090205990,22_10_2024,No,No,No,No,COMP_NO,No
5313,565090208305,22_10_2024,No,Yes,No,Yes,COMP_NO,Yes
5314,565090208629,22_10_2024,No,No,No,No,COMP_NO,No
5315,565090304817,22_10_2024,No,No,No,No,COMP_NO,No
5316,565090306211,22_10_2024,No,No,No,No,COMP_NO,No
5317,565090310545,22_10_2024,No,No,No,No,COMP_NO,No
5318,565090310797,22_10_2024,No,No,No,No,COMP_NO,No
5319,565090398349,22_10_2024,No,No,No,No,COMP_NO,No
5320,565090407682,22_10_2024,No,No,No,Yes,COMP_NO,No
5321,565090408065,22_10_2024,No,No,No,No,COMP_NO,No
5322,565090439259,22_10_2024,No,No,No,No,COMP_NO,No
5323,565090447385,22_10_2024,No,No,No,No,COMP_NO,No
5324,565090740719,23_10_2024,No,No,No,No,COMP_NO,No
5325,565090743692,23_10_2024,No,No,No,No,COMP_NO,No
5326,565090746749,23_10_2024,No,Yes,No,Yes,COMP_NO,No
5327,565090780749,23_10_2024,No,Yes,Yes,Yes,COMP_BS,Yes
5328,565090784379,23_10_2024,No,No,No,No,COMP_NO,No
5329,565090823540,23_10_2024,No,No,No,No,COMP_NO,No
5330,565090842293,23_10_2024,No,No,No,No,COMP_NO,No
5331,565090844236,23_10_2024,No,Yes,No,Yes,COMP_SM,Yes
5332,565090844547,23_10_2024,No,No,No,No,COMP_NO,No
5333,565090844846,23_10_2024,No,No,No,No,COMP_NO,No
5334,565090896705,23_10_2024,No,No,No,No,COMP_NO,No
5335,565090900153,23_10_2024,No,No,No,No,COMP_NO,No
5336,565090955788,23_10_2024,No,No,No,No,COMP_NO,No
5337,565090990134,23_10_2024,No,Yes,No,Yes,COMP_NO,No
5338,565090994311,23_10_2024,No,No,No,No,COMP_NO,No
5339,565090997330,23_10_2024,No,No,No,No,COMP_NO,No
5340,565090999980,23_10_2024,No,No,No,No,COMP_NO,No
5341,565091002044,23_10_2024,No,No,No,No,COMP_NO,No
5342,565091005706,23_10_2024,No,No,No,No,COMP_NO,No
5343,565091027464,23_10_2024,No,No,No,No,COMP_NO,No
5344,565091027583,23_10_2024,No,No,No,No,COMP_NO,No
5345,565091059502,23_10_2024,No,Yes,No,Yes,COMP_NO,No
5346,565091084366,23_10_2024,No,No,No,No,COMP_NO,No
5347,565091085613,23_10_2024,No,No,No,No,COMP_NO,No
5348,565091086816,23_10_2024,No,No,No,No,COMP_NO,No
5349,565091111855,23_10_2024,No,Yes,No,Yes,COMP_NO,No
5350,565091131384,23_10_2024,No,No,No,No,COMP_NO,No
5351,565091159846,23_10_2024,Yes,Yes,No,Yes,COMP_CH,Yes
5352,565091194323,23_10_2024,No,No,No,No,COMP_NO,No
5353,565091198537,23_10_2024,No,No,No,No,COMP_NO,No
5354,565091198809,23_10_2024,No,No,No,No,COMP_NO,No
5355,565091199953,23_10_2024,No,No,No,No,COMP_NO,No
5356,565091212256,23_10_2024,No,No,No,No,COMP_NO,No
5357,565091212302,23_10_2024,No,No,No,No,COMP_NO,No
5358,565091213674,23_10_2024,No,No,No,No,COMP_NO,No
5359,565091243790,23_10_2024,No,No,No,No,COMP_NO,No
5360,565091249089,23_10_2024,No,No,No,No,COMP_NO,No
5361,565091268034,23_10_2024,No,No,No,No,COMP_NO,No
5362,565091270329,23_10_2024,No,No,No,No,COMP_NO,No
5363,565091271065,23_10_2024,No,Yes,No,No,COMP_NO,No
5364,565091303900,23_10_2024,No,No,No,No,COMP_NO,No
5365,565091305030,23_10_2024,No,No,No,No,COMP_NO,No
5366,565091305617,23_10_2024,No,No,No,No,COMP_NO,No
5367,565091306122,23_10_2024,No,No,No,No,COMP_NO,No
5368,565091306315,23_10_2024,No,No,No,No,COMP_NO,No
5369,565091317581,23_10_2024,No,No,No,No,COMP_NO,No
5370,565091340171,23_10_2024,No,No,No,No,COMP_NO,No
5371,565091358490,23_10_2024,No,No,No,No,COMP_NO,No
5372,565091377671,23_10_2024,No,No,No,No,COMP_CO,Yes
5373,565227608043,24_10_2024,No,No,No,No,COMP_NO,No
5374,565227632918,24_10_2024,No,No,No,No,COMP_NO,No
5375,565227633328,24_10_2024,No,No,No,No,COMP_NO,No
5376,565227650828,24_10_2024,No,No,No,No,COMP_NO,No
5377,565227666617,24_10_2024,No,No,No,No,COMP_NO,No
5378,565227686046,24_10_2024,No,No,No,No,COMP_NO,No
5379,565227688076,24_10_2024,No,No,No,No,COMP_NO,No
5380,565227727322,24_10_2024,No,No,No,No,COMP_NO,No
5381,565227730644,24_10_2024,No,Yes,No,Yes,COMP_SM,Yes
5382,565227768213,24_10_2024,No,No,No,No,COMP_NO,No
5383,565227778403,24_10_2024,No,No,No,No,COMP_NO,No
5384,565227791289,24_10_2024,No,No,No,No,COMP_NO,No
5385,565227817234,24_10_2024,No,No,No,No,COMP_NO,No
5386,565227818570,24_10_2024,No,No,No,No,COMP_NO,No
5387,565227833693,24_10_2024,No,No,No,No,COMP_NO,No
5388,565227857463,24_10_2024,No,Yes,No,No,COMP_AL,Yes
5389,565227860614,24_10_2024,No,No,No,No,COMP_NO,No
5390,565227862076,24_10_2024,No,No,No,No,COMP_NO,No
5391,565227881609,24_10_2024,No,No,No,No,COMP_NO,No
5392,565227881818,24_10_2024,No,Yes,No,Yes,COMP_NO,No
5393,565227957909,24_10_2024,No,No,No,No,COMP_NO,No
5394,565227959157,24_10_2024,No,Yes,No,Yes,COMP_NO,No
5395,565227984814,24_10_2024,No,No,No,No,COMP_NO,No
5396,565227986147,24_10_2024,No,No,No,No,COMP_NO,No
5397,565227988652,24_10_2024,No,No,No,No,COMP_NO,No
5398,565227989300,24_10_2024,No,No,No,No,COMP_NO,No
5399,565228020491,24_10_2024,No,No,No,No,COMP_NO,No
5400,565228021851,24_10_2024,No,No,No,No,COMP_NO,No
5401,565228048412,24_10_2024,No,No,No,No,COMP_NO,No
5402,565228054070,24_10_2024,No,No,No,No,COMP_NO,No
5403,565228069679,24_10_2024,No,No,No,No,COMP_NO,No
5404,565228090391,24_10_2024,No,No,No,No,COMP_NO,No
5405,539720427102,01_10_2024,No,No,No,No,COMP_NO,No
5406,539720460970,01_10_2024,No,No,No,No,COMP_WO,Yes
5407,539894096068,02_10_2024,No,No,No,No,COMP_NO,No
5408,539894143829,02_10_2024,No,No,No,No,COMP_NO,No
5409,539894145956,02_10_2024,No,No,No,No,COMP_NO,No
5410,539894321696,02_10_2024,No,Yes,No,No,COMP_CO,Yes
5411,539894340018,02_10_2024,No,Yes,No,Yes,COMP_CO,Yes
5412,539894345324,02_10_2024,No,No,No,No,COMP_NO,No
5413,539894349833,02_10_2024,No,No,No,No,COMP_NO,No
5414,539894364471,02_10_2024,No,No,No,No,COMP_NO,No
5415,539894472279,02_10_2024,No,No,No,No,COMP_NO,No
5416,539894518646,02_10_2024,No,No,No,No,COMP_NO,No
5417,539894521084,02_10_2024,No,No,No,Yes,COMP_NO,No
5418,539894533451,02_10_2024,Yes,Yes,No,Yes,COMP_CH,Yes
5419,539894546090,02_10_2024,No,No,No,No,COMP_NO,No
5420,539894574328,02_10_2024,No,No,No,No,COMP_NO,No
5421,539894575220,02_10_2024,No,No,No,No,COMP_NO,No
5422,539894576191,02_10_2024,No,No,No,No,COMP_NO,No
5423,539894576620,02_10_2024,No,No,No,No,COMP_NO,No
5424,539894960608,03_10_2024,No,No,No,No,COMP_NO,No
5425,539894960847,03_10_2024,No,Yes,No,No,COMP_SM,Yes
5426,539895022239,03_10_2024,No,No,No,No,COMP_NO,No
5427,539895022781,03_10_2024,No,No,No,No,COMP_NO,No
5428,539895047397,03_10_2024,No,No,No,No,COMP_NO,No
5429,539895050693,03_10_2024,No,No,No,No,COMP_NO,No
5430,539895068585,03_10_2024,No,No,No,No,COMP_NO,No
5431,539895137427,03_10_2024,No,Yes,No,No,COMP_NO,No
5432,539895165336,03_10_2024,No,No,No,No,COMP_NO,No
5433,539895166628,03_10_2024,No,No,No,No,COMP_NO,No
5434,539895200639,03_10_2024,No,No,No,No,COMP_NO,No
5435,539895212062,03_10_2024,No,No,No,No,COMP_NO,No
5436,539895217246,03_10_2024,No,No,No,No,COMP_NO,No
5437,539895217322,03_10_2024,No,No,No,No,COMP_NO,No
5438,539895222576,03_10_2024,No,Yes,No,Yes,COMP_NO,No
5439,539895226497,03_10_2024,No,No,No,No,COMP_NO,No
5440,539895226585,03_10_2024,No,No,No,No,COMP_NO,No
5441,539895232767,03_10_2024,No,No,No,No,COMP_NO,No
5442,539895251852,03_10_2024,No,No,No,No,COMP_NO,No
5443,539895254302,03_10_2024,No,No,No,No,COMP_NO,No
5444,539895259725,03_10_2024,No,No,No,No,COMP_NO,No
5445,539895274797,03_10_2024,No,No,No,No,COMP_NO,No
5446,539895280861,03_10_2024,No,No,No,No,COMP_NO,No
5447,539895284599,03_10_2024,No,Yes,No,No,COMP_CH,Yes
5448,539895287853,03_10_2024,No,No,No,No,COMP_NO,No
5449,539895303199,03_10_2024,No,Yes,No,Yes,COMP_NO,No
5450,539895307777,03_10_2024,No,No,No,No,COMP_NO,No
5451,539895308382,03_10_2024,No,No,No,No,COMP_NO,No
5452,539895309481,03_10_2024,No,No,No,No,COMP_NO,No
5453,539895321887,03_10_2024,No,No,No,No,COMP_NO,No
5454,539895328257,03_10_2024,No,No,No,No,COMP_NO,No
5455,539895338483,03_10_2024,No,No,No,No,COMP_NO,No
5456,539895347512,03_10_2024,No,No,No,No,COMP_NO,No
5457,539895348142,03_10_2024,No,No,No,No,COMP_NO,No
5458,539895348165,03_10_2024,No,No,No,No,COMP_NO,No
5459,539895360383,03_10_2024,No,Yes,No,Yes,COMP_NO,Yes
5460,539895362520,03_10_2024,No,No,No,No,COMP_NO,No
5461,539895363716,03_10_2024,No,No,No,No,COMP_NO,No
5462,539895370917,03_10_2024,No,No,No,No,COMP_NO,No
5463,539895414963,03_10_2024,No,No,No,No,COMP_NO,No
5464,539895421106,03_10_2024,No,No,No,No,COMP_NO,No
5465,539895446431,03_10_2024,No,No,No,No,COMP_NO,No
5466,539895448643,03_10_2024,No,No,No,No,COMP_NO,No
5467,539895449323,03_10_2024,No,No,No,No,COMP_NO,No
5468,539895454433,03_10_2024,No,No,No,No,COMP_NO,No
5469,539895457305,03_10_2024,No,No,No,No,COMP_NO,No
5470,539895458024,03_10_2024,No,No,No,No,COMP_NO,No
5471,539895466462,03_10_2024,No,No,No,No,COMP_NO,No
5472,539895478460,03_10_2024,No,No,No,No,COMP_NO,No
5473,539895479739,03_10_2024,No,No,No,No,COMP_NO,No
5474,564069664556,04_10_2024,No,No,No,No,COMP_NO,No
5475,564069678074,04_10_2024,No,No,No,No,COMP_NO,No
5476,564069678215,04_10_2024,No,No,No,No,COMP_NO,No
5477,564069712404,04_10_2024,No,No,No,No,COMP_NO,No
5478,564069714493,04_10_2024,No,No,No,No,COMP_NO,No
5479,564069742233,04_10_2024,No,Yes,No,Yes,COMP_NO,No
5480,564069746220,04_10_2024,No,Yes,No,Yes,COMP_CO,Yes
5481,564069747935,04_10_2024,Yes,No,No,No,COMP_NO,Yes
5482,564069760107,04_10_2024,No,No,No,No,COMP_NO,No
5483,564069762670,04_10_2024,No,No,No,No,COMP_NO,No
5484,564069783819,04_10_2024,No,No,No,No,COMP_NO,No
5485,564069790137,04_10_2024,No,No,No,No,COMP_NO,No
5486,564069790698,04_10_2024,No,No,No,No,COMP_NO,No
5487,564069806299,04_10_2024,No,Yes,No,Yes,COMP_NO,No
5488,564069811248,04_10_2024,No,No,No,No,COMP_NO,No
5489,564069816785,04_10_2024,No,No,No,No,COMP_NO,No
5490,564069844023,04_10_2024,No,No,No,No,COMP_NO,No
5491,564069844979,04_10_2024,No,No,No,No,COMP_NO,No
5492,564069852859,04_10_2024,No,No,No,No,COMP_NO,No
5493,564069852880,04_10_2024,No,No,No,No,COMP_NO,No
5494,564069862761,04_10_2024,No,No,No,No,COMP_NO,No
5495,564069863690,04_10_2024,No,No,No,No,COMP_NO,No
5496,564069866225,04_10_2024,No,No,No,No,COMP_NO,No
5497,564069873494,04_10_2024,No,Yes,No,Yes,COMP_NO,No
5498,564069888398,04_10_2024,No,No,No,No,COMP_NO,No
5499,564069908936,04_10_2024,No,No,No,No,COMP_NO,No
5500,564069929311,04_10_2024,No,No,No,No,COMP_NO,No
5501,564069948517,04_10_2024,No,No,No,No,COMP_NO,No
5502,564069985102,04_10_2024,No,No,No,No,COMP_NO,Yes
5503,564069990947,04_10_2024,No,No,No,No,COMP_NO,No
5504,564070001010,04_10_2024,No,No,No,No,COMP_NO,No
5505,564070013119,04_10_2024,No,Yes,No,No,COMP_NO,No
5506,564070026272,04_10_2024,No,No,No,No,COMP_NO,No
5507,564070027372,04_10_2024,No,No,No,No,COMP_NO,No
5508,564070036150,04_10_2024,No,No,No,No,COMP_NO,No
5509,564070037466,04_10_2024,No,No,No,No,COMP_NO,No
5510,564070037514,04_10_2024,No,No,No,No,COMP_NO,No
5511,564070039167,04_10_2024,No,No,No,No,COMP_NO,No
5512,564070053967,04_10_2024,No,No,No,No,COMP_NO,No
5513,564070080732,04_10_2024,No,No,No,Yes,COMP_NO,No
5514,564070086137,04_10_2024,No,No,No,Yes,COMP_NO,No
5515,564070095165,04_10_2024,No,No,No,No,COMP_NO,No
5516,564070154007,04_10_2024,No,No,No,No,COMP_NO,No
5517,564070186159,04_10_2024,No,No,No,No,COMP_NO,No
5518,565090042494,22_10_2024,No,No,No,No,COMP_NO,No
5519,565090181562,22_10_2024,No,Yes,No,Yes,COMP_NO,No
5520,565090316000,22_10_2024,No,No,No,No,COMP_NO,No
5521,565090408920,22_10_2024,No,No,No,No,COMP_NO,No
5522,565090503725,22_10_2024,No,Yes,No,No,COMP_CH,Yes
5523,565090845366,23_10_2024,No,No,No,No,COMP_NO,No
5524,565090902120,23_10_2024,No,Yes,No,No,COMP_NO,No
5525,565090915929,23_10_2024,No,No,No,Yes,COMP_NO,No
5526,565090918777,23_10_2024,No,No,No,Yes,COMP_NO,No
5527,565090919589,23_10_2024,No,No,No,No,COMP_NO,No
5528,565091031740,23_10_2024,No,Yes,No,Yes,COMP_NO,Yes
5529,565091063980,23_10_2024,No,No,No,No,COMP_NO,No
5530,565091064877,23_10_2024,No,No,No,No,COMP_NO,No
5531,565091087697,23_10_2024,No,No,No,No,COMP_NO,No
5532,565091090361,23_10_2024,No,No,No,No,COMP_NO,No
5533,565091101601,23_10_2024,No,No,No,No,COMP_NO,No
5534,565091113319,23_10_2024,No,Yes,No,Yes,COMP_CH,Yes
5535,565091116033,23_10_2024,No,No,No,No,COMP_NO,No
5536,565091133965,23_10_2024,No,Yes,No,Yes,COMP_AL,Yes
5537,565091162920,23_10_2024,No,No,No,No,COMP_NO,No
5538,565091165325,23_10_2024,No,No,No,No,COMP_NO,No
5539,565091166449,23_10_2024,No,No,No,No,COMP_NO,No
5540,565091166712,23_10_2024,No,No,No,No,COMP_NO,No
5541,565091174678,23_10_2024,No,Yes,No,No,COMP_CH,Yes
5542,565091188335,23_10_2024,No,No,No,No,COMP_NO,No
5543,565091206832,23_10_2024,No,No,No,No,COMP_NO,No
5544,565091219030,23_10_2024,No,No,No,No,COMP_NO,No
5545,565091229773,23_10_2024,No,No,No,No,COMP_NO,No
5546,565091231209,23_10_2024,No,No,No,No,COMP_NO,No
5547,565091234652,23_10_2024,No,No,No,No,COMP_NO,No
5548,565091254435,23_10_2024,No,No,No,No,COMP_NO,No
5549,565091286312,23_10_2024,No,Yes,No,No,COMP_NO,No
5550,565091287068,23_10_2024,Yes,Yes,No,Yes,COMP_SS,Yes
5551,565091341155,23_10_2024,No,Yes,No,Yes,COMP_BR,Yes
5552,565091360204,23_10_2024,No,Yes,No,Yes,COMP_NO,No
5553,565091368866,23_10_2024,No,No,No,No,COMP_NO,No
5554,565091371050,23_10_2024,No,No,No,No,COMP_NO,No
5555,565091384896,23_10_2024,No,No,No,No,COMP_NO,No
5556,565227617524,24_10_2024,No,No,No,No,COMP_NO,No
5557,565227622660,24_10_2024,No,No,No,No,COMP_NO,No
5558,565227658286,24_10_2024,Yes,No,No,No,COMP_NO,Yes
5559,565227660212,24_10_2024,No,No,No,No,COMP_NO,No
5560,565227660286,24_10_2024,No,No,No,No,COMP_NO,No
5561,565227693951,24_10_2024,No,Yes,No,Yes,COMP_NO,No
5562,565227694694,24_10_2024,No,No,No,No,COMP_NO,No
5563,565227702326,24_10_2024,No,No,No,No,COMP_NO,No
5564,565227715862,24_10_2024,No,Yes,No,No,COMP_NO,No
5565,565227716069,24_10_2024,No,No,No,No,COMP_NO,No
5566,565227731686,24_10_2024,No,No,No,No,COMP_NO,No
5567,565227735406,24_10_2024,No,No,No,No,COMP_NO,No
5568,565227736358,24_10_2024,No,No,No,No,COMP_NO,No
5569,565227745639,24_10_2024,No,Yes,No,Yes,COMP_NO,No
5570,565227778621,24_10_2024,No,No,No,Yes,COMP_NO,No
5571,565227781451,24_10_2024,No,No,No,Yes,COMP_NO,No
5572,565227797888,24_10_2024,No,Yes,No,Yes,COMP_NO,Yes
5573,565227799229,24_10_2024,Yes,No,No,No,COMP_SA,Yes
5574,565227819093,24_10_2024,No,No,No,No,COMP_AC,Yes
5575,565227826221,24_10_2024,No,No,No,No,COMP_NO,No
5576,565227828552,24_10_2024,No,No,No,No,COMP_NO,No
5577,565227833806,24_10_2024,No,Yes,No,No,COMP_CO,Yes
5578,565227834528,24_10_2024,No,Yes,No,No,COMP_NO,No
5579,565227864227,24_10_2024,No,Yes,No,No,COMP_NO,No
5580,565227866378,24_10_2024,No,No,No,No,COMP_NO,No
5581,565227882884,24_10_2024,No,No,No,No,COMP_NO,No
5582,565227937197,24_10_2024,No,No,No,No,COMP_NO,No
5583,565227972226,24_10_2024,No,Yes,No,Yes,COMP_NO,No
5584,565227992167,24_10_2024,No,No,No,No,COMP_NO,No
5585,565227993271,24_10_2024,No,No,No,No,COMP_NO,No
5586,565227994939,24_10_2024,No,No,No,No,COMP_NO,No
5587,565227995718,24_10_2024,No,No,No,Yes,COMP_NO,No
5588,565228001088,24_10_2024,No,No,No,No,COMP_NO,No
5589,565228002308,24_10_2024,No,No,No,No,COMP_NO,No
5590,565228003387,24_10_2024,No,No,No,No,COMP_NO,No
5591,565228023448,24_10_2024,No,No,No,No,COMP_NO,No
5592,565228029313,24_10_2024,No,No,No,No,COMP_NO,No
5593,565228060796,24_10_2024,No,Yes,No,Yes,COMP_CQ,Yes
5594,565228060873,24_10_2024,No,No,No,No,COMP_NO,No
5595,565228071032,24_10_2024,No,No,No,No,COMP_NO,No
5596,565228077483,24_10_2024,No,No,No,No,COMP_NO,No
5597,565228094444,24_10_2024,No,Yes,No,Yes,COMP_NO,No
5598,565228102072,24_10_2024,No,No,No,No,COMP_NO,No
5599,565228104763,24_10_2024,No,No,No,No,COMP_NO,No
5600,565228118371,24_10_2024,No,No,No,No,COMP_NO,No
5601,565228121140,24_10_2024,No,No,No,No,COMP_NO,No
5602,565228139128,24_10_2024,No,No,No,No,COMP_NO,No
5603,565228139312,24_10_2024,No,No,No,No,COMP_NO,No
5604,565228147695,24_10_2024,No,Yes,No,No,COMP_NO,No
5605,565228148207,24_10_2024,No,No,No,No,COMP_NO,No
5606,565228148550,24_10_2024,Yes,No,No,No,COMP_NO,Yes
5607,565228161321,24_10_2024,No,No,No,No,COMP_NO,No
5608,565228162255,24_10_2024,No,No,No,No,COMP_NO,No
5609,565228166411,24_10_2024,No,No,No,No,COMP_NO,No
5610,565228179048,24_10_2024,No,No,No,No,COMP_NO,No
5611,565228214751,24_10_2024,No,No,No,No,COMP_NO,No
5612,565228260051,24_10_2024,No,Yes,No,Yes,COMP_NO,No
5613,565228412281,25_10_2024,No,No,No,No,COMP_NO,Yes
5614,565228413714,25_10_2024,No,No,No,No,COMP_NO,No
5615,565228416464,25_10_2024,No,No,No,No,COMP_NO,No
5616,565228422310,25_10_2024,No,No,No,No,COMP_NO,No
5617,565228496747,25_10_2024,No,No,No,No,COMP_NO,No
5618,565228512316,25_10_2024,No,No,No,No,COMP_NO,No
5619,565228523654,25_10_2024,No,No,No,No,COMP_NO,No
5620,565228550161,25_10_2024,No,No,No,No,COMP_NO,No
5621,565228550547,25_10_2024,No,No,No,No,COMP_NO,No
5622,565228566983,25_10_2024,No,No,No,No,COMP_NO,No
5623,565228569347,25_10_2024,No,No,No,No,COMP_NO,No
5624,539720466408,01_10_2024,No,No,No,No,COMP_NO,No
5625,539720470188,01_10_2024,No,No,No,No,COMP_NO,No
5626,539894243017,02_10_2024,No,No,No,No,COMP_NO,No
5627,539894474464,02_10_2024,No,No,No,No,COMP_NO,No
5628,539894521877,02_10_2024,No,Yes,No,No,COMP_CO,Yes
5629,539894548968,02_10_2024,No,No,No,No,COMP_NO,No
5630,539894578568,02_10_2024,No,No,No,No,COMP_NO,No
5631,539894603492,02_10_2024,Yes,Yes,No,No,COMP_CH,Yes
5632,539894962159,03_10_2024,No,No,No,No,COMP_NO,No
5633,539894967831,03_10_2024,No,No,No,No,COMP_NO,No
5634,539895167476,03_10_2024,No,No,No,No,COMP_NO,No
5635,539895219106,03_10_2024,No,Yes,No,Yes,COMP_CH,Yes
5636,539895240019,03_10_2024,No,No,No,No,COMP_NO,No
5637,539895240877,03_10_2024,No,No,No,No,COMP_NO,No
5638,539895242822,03_10_2024,No,No,No,No,COMP_NO,No
5639,539895262186,03_10_2024,No,No,No,No,COMP_NO,No
5640,539895291792,03_10_2024,No,No,No,No,COMP_NO,No
5641,539895378380,03_10_2024,No,No,No,No,COMP_NO,No
5642,539895398905,03_10_2024,No,Yes,No,Yes,COMP_BS,Yes
5643,539895399174,03_10_2024,No,No,No,No,COMP_NO,No
5644,539895422128,03_10_2024,No,No,No,No,COMP_NO,No
5645,539895423374,03_10_2024,No,No,No,No,COMP_NO,No
5646,539895450384,03_10_2024,No,No,No,No,COMP_NO,No
5647,539895472401,03_10_2024,No,No,No,No,COMP_NO,No
5648,539895476112,03_10_2024,No,No,No,No,COMP_NO,No
5649,539895482690,03_10_2024,No,Yes,No,Yes,COMP_CH,Yes
5650,539895489513,03_10_2024,No,No,No,No,COMP_NO,No
5651,564069647952,04_10_2024,No,No,No,No,COMP_NO,No
5652,564069696145,04_10_2024,No,No,No,No,COMP_NO,No
5653,564069748703,04_10_2024,No,No,No,No,COMP_NO,No
5654,564069766345,04_10_2024,No,No,No,No,COMP_NO,No
5655,564069767342,04_10_2024,No,Yes,No,No,COMP_NO,No
5656,564069793511,04_10_2024,No,No,No,No,COMP_NO,No
5657,564069798295,04_10_2024,No,No,No,No,COMP_NO,No
5658,564069822000,04_10_2024,No,No,No,No,COMP_NO,No
5659,564069851246,04_10_2024,No,No,No,No,COMP_NO,No
5660,564069859461,04_10_2024,No,No,No,No,COMP_NO,No
5661,564069866794,04_10_2024,No,No,No,No,COMP_NO,No
5662,564069872180,04_10_2024,No,No,No,No,COMP_NO,No
5663,564069872321,04_10_2024,No,No,No,No,COMP_NO,No
5664,564069891645,04_10_2024,No,Yes,No,Yes,COMP_NO,No
5665,564069909472,04_10_2024,No,No,No,No,COMP_NO,No
5666,564069915002,04_10_2024,No,No,No,No,COMP_NO,No
5667,564069915829,04_10_2024,No,No,No,No,COMP_NO,No
5668,564069951456,04_10_2024,No,No,No,No,COMP_NO,No
5669,564069970817,04_10_2024,No,Yes,No,No,COMP_NO,No
5670,564069972008,04_10_2024,No,No,No,No,COMP_NO,No
5671,564069995885,04_10_2024,No,Yes,No,Yes,COMP_NO,No
5672,564070003798,04_10_2024,No,No,No,No,COMP_NO,No
5673,564070005222,04_10_2024,No,No,No,No,COMP_NO,No
5674,564070007802,04_10_2024,No,No,No,No,COMP_NO,No
5675,564070013458,04_10_2024,No,No,No,No,COMP_NO,No
5676,564070029186,04_10_2024,No,No,No,No,COMP_NO,No
5677,564070032005,04_10_2024,No,No,No,No,COMP_NO,No
5678,564070032612,04_10_2024,No,No,No,No,COMP_NO,No
5679,564070045389,04_10_2024,No,No,No,No,COMP_NO,No
5680,564070053360,04_10_2024,No,Yes,No,Yes,COMP_NO,No
5681,564070059042,04_10_2024,No,No,No,No,COMP_NO,No
5682,564070065167,04_10_2024,No,No,No,No,COMP_NO,No
5683,564070081267,04_10_2024,No,Yes,No,Yes,COMP_NO,No
5684,564070086835,04_10_2024,No,No,No,No,COMP_NO,No
5685,564070118500,04_10_2024,No,Yes,No,No,COMP_NO,No
5686,564070122614,04_10_2024,No,No,No,No,COMP_NO,No
5687,564070140410,04_10_2024,Yes,No,No,No,COMP_SA,Yes
5688,564070142748,04_10_2024,No,Yes,No,Yes,COMP_NO,No
5689,564070143968,04_10_2024,No,No,No,No,COMP_NO,No
5690,564070160146,04_10_2024,No,No,No,No,COMP_NO,No
5691,564070173482,04_10_2024,No,No,No,No,COMP_NO,No
5692,564070183987,04_10_2024,No,No,No,No,COMP_NO,No
5693,564070191319,04_10_2024,No,No,No,No,COMP_NO,No
5694,564070194548,04_10_2024,No,No,No,No,COMP_NO,No
5695,564070211895,04_10_2024,Yes,No,No,No,COMP_NO,Yes
5696,564070218894,04_10_2024,Yes,No,No,No,COMP_NO,Yes
5697,564070224333,04_10_2024,No,Yes,No,Yes,COMP_NO,No
5698,564070236586,04_10_2024,No,No,No,No,COMP_NO,No
5699,564070239859,04_10_2024,No,No,No,No,COMP_NO,No
5700,564071122267,07_10_2024,No,No,No,No,COMP_NO,No
5701,564071130482,07_10_2024,No,No,No,No,COMP_NO,No
5702,564071147223,07_10_2024,No,Yes,No,Yes,COMP_NO,No
5703,564071147268,07_10_2024,No,No,No,No,COMP_NO,No
5704,564071162574,07_10_2024,No,No,No,No,COMP_NO,No
5705,564071177582,07_10_2024,No,No,No,No,COMP_NO,No
5706,564071205331,07_10_2024,No,No,No,No,COMP_NO,No
5707,564071215190,07_10_2024,No,No,No,No,COMP_NO,No
5708,564071235160,07_10_2024,No,No,No,No,COMP_NO,No
5709,564071241377,07_10_2024,No,No,No,No,COMP_NO,No
5710,564071275237,07_10_2024,No,No,No,No,COMP_NO,No
5711,564071307775,07_10_2024,No,No,No,No,COMP_NO,No
5712,564071331373,07_10_2024,No,No,No,No,COMP_NO,No
5713,564071351032,07_10_2024,No,No,No,No,COMP_NO,No
5714,564071355339,07_10_2024,No,Yes,No,No,COMP_NO,No
5715,564071367610,07_10_2024,No,No,No,No,COMP_NO,No
5716,564071384779,07_10_2024,No,No,No,No,COMP_NO,No
5717,564071409218,07_10_2024,Yes,No,No,No,COMP_NO,Yes
5718,564071409639,07_10_2024,No,No,No,No,COMP_NO,No
5719,564071427714,07_10_2024,No,No,No,No,COMP_NO,No
5720,565090193066,22_10_2024,No,Yes,No,Yes,COMP_NO,No
5721,565090532288,22_10_2024,No,Yes,No,Yes,COMP_NO,No
5722,565090852149,23_10_2024,No,Yes,No,Yes,COMP_NO,No
5723,565090920917,23_10_2024,No,Yes,No,No,COMP_NO,No
5724,565090924747,23_10_2024,No,Yes,No,No,COMP_NO,No
5725,565090959732,23_10_2024,No,Yes,No,Yes,COMP_CO,Yes
5726,565090973100,23_10_2024,No,Yes,No,Yes,COMP_PE,Yes
5727,565090974696,23_10_2024,No,No,No,No,COMP_NO,No
5728,565091041091,23_10_2024,No,No,No,No,COMP_IS,Yes
5729,565091066749,23_10_2024,No,No,No,No,COMP_NO,No
5730,565091101657,23_10_2024,No,Yes,No,Yes,COMP_NO,No
5731,565091103246,23_10_2024,No,No,No,No,COMP_NO,No
5732,565091103530,23_10_2024,No,No,No,No,COMP_NO,No
5733,565091103961,23_10_2024,No,No,No,No,COMP_NO,No
5734,565091117549,23_10_2024,No,No,No,No,COMP_NO,No
5735,565091136025,23_10_2024,No,Yes,No,No,COMP_CO,Yes
5736,565091167444,23_10_2024,Yes,Yes,No,Yes,COMP_NO,Yes
5737,565091189331,23_10_2024,No,Yes,No,Yes,COMP_NO,No
5738,565091290017,23_10_2024,No,No,No,No,COMP_NO,No
5739,565091300844,23_10_2024,No,No,No,No,COMP_NO,No
5740,565091342632,23_10_2024,No,No,No,No,COMP_NO,No
5741,565091375381,23_10_2024,No,No,No,No,COMP_NO,No
5742,565091394905,23_10_2024,No,No,No,No,COMP_NO,No
5743,565091400887,23_10_2024,No,No,No,No,COMP_NO,No
5744,565227587732,24_10_2024,No,No,No,No,COMP_NO,No
5745,565227637148,24_10_2024,No,Yes,No,Yes,COMP_SM,Yes
5746,565227660313,24_10_2024,No,No,No,No,COMP_NO,No
5747,565227716385,24_10_2024,No,No,No,No,COMP_NO,No
5748,565227718202,24_10_2024,No,No,No,No,COMP_NO,No
5749,565227719266,24_10_2024,No,Yes,No,Yes,COMP_NO,Yes
5750,565227737507,24_10_2024,No,No,No,No,COMP_NO,No
5751,565227738491,24_10_2024,No,No,No,No,COMP_NO,No
5752,565227753822,24_10_2024,No,No,No,No,COMP_NO,No
5753,565227754541,24_10_2024,No,No,No,No,COMP_NO,No
5754,565227756133,24_10_2024,No,No,No,No,COMP_NO,No
5755,565227784997,24_10_2024,No,No,No,No,COMP_NO,No
5756,565227789191,24_10_2024,No,No,No,No,COMP_NO,No
5757,565227799820,24_10_2024,No,No,No,Yes,COMP_NO,No
5758,565227831363,24_10_2024,No,No,No,No,COMP_NO,No
5759,565227831659,24_10_2024,No,No,No,No,COMP_NO,No
5760,565227835588,24_10_2024,No,No,No,No,COMP_NO,No
5761,565227867317,24_10_2024,No,No,No,No,COMP_NO,No
5762,565227944553,24_10_2024,No,Yes,No,No,COMP_NO,No
5763,565227948383,24_10_2024,No,No,No,No,COMP_NO,No
5764,565227955983,24_10_2024,No,No,No,No,COMP_NO,No
5765,565227997869,24_10_2024,No,No,No,No,COMP_NO,No
5766,565228009823,24_10_2024,No,Yes,No,No,COMP_CH,Yes
5767,565228011793,24_10_2024,No,No,No,No,COMP_NO,No
5768,565228011796,24_10_2024,No,No,No,No,COMP_NO,No
5769,565228034837,24_10_2024,No,Yes,No,No,COMP_CO,Yes
5770,565228061690,24_10_2024,No,Yes,No,Yes,COMP_NO,No
5771,565228086849,24_10_2024,No,No,No,No,COMP_NO,No
5772,565228087670,24_10_2024,No,No,No,No,COMP_NO,No
5773,565228111574,24_10_2024,No,No,No,No,COMP_NO,No
5774,565228114767,24_10_2024,No,No,No,No,COMP_NO,No
5775,565228114818,24_10_2024,Yes,No,No,No,COMP_NO,Yes
5776,565228124373,24_10_2024,No,No,No,No,COMP_NO,No
5777,565228125300,24_10_2024,No,No,No,No,COMP_NO,No
5778,565228153065,24_10_2024,Yes,No,No,No,COMP_NO,Yes
5779,565228168367,24_10_2024,No,Yes,No,Yes,COMP_NO,No
5780,565228170442,24_10_2024,No,Yes,No,No,COMP_CH,Yes
5781,565228170595,24_10_2024,No,No,No,No,COMP_NO,No
5782,565228181105,24_10_2024,No,No,No,No,COMP_NO,No
5783,565228186591,24_10_2024,No,No,No,No,COMP_NO,No
5784,565228201420,24_10_2024,No,No,No,No,COMP_NO,No
5785,565228201438,24_10_2024,No,No,No,No,COMP_NO,No
5786,565228216324,24_10_2024,No,No,No,No,COMP_NO,No
5787,565228260367,24_10_2024,No,No,No,No,COMP_NO,No
5788,565228264049,24_10_2024,No,No,No,No,COMP_NO,No
5789,565228425555,25_10_2024,No,No,No,No,COMP_NO,No
5790,565228462015,25_10_2024,No,Yes,No,Yes,COMP_NO,No
5791,565228463945,25_10_2024,No,No,No,No,COMP_NO,No
5792,565228478439,25_10_2024,No,Yes,No,Yes,COMP_NO,No
5793,565228479569,25_10_2024,No,No,No,No,COMP_NO,No
5794,565228480438,25_10_2024,No,No,No,No,COMP_NO,No
5795,565228500667,25_10_2024,No,No,No,No,COMP_NO,No
5796,565228519615,25_10_2024,No,No,No,Yes,COMP_NO,No
5797,565228520573,25_10_2024,No,No,No,No,COMP_NO,No
5798,565228521846,25_10_2024,No,No,No,No,COMP_NO,No
5799,565228524673,25_10_2024,No,No,No,No,COMP_NO,No
5800,565228536130,25_10_2024,No,No,No,No,COMP_NO,No
5801,565228537685,25_10_2024,No,No,No,No,COMP_NO,No
5802,565228537955,25_10_2024,No,No,No,No,COMP_NO,No
5803,565228554012,25_10_2024,No,No,No,No,COMP_NO,No
5804,565228569449,25_10_2024,No,No,No,No,COMP_NO,No
5805,565228570974,25_10_2024,No,No,No,No,COMP_NO,No
5806,565228571552,25_10_2024,No,No,No,No,COMP_NO,No
5807,565228579979,25_10_2024,No,No,No,No,COMP_NO,No
5808,565228581092,25_10_2024,No,No,No,No,COMP_NO,No
5809,565228581864,25_10_2024,No,No,No,No,COMP_NO,No
5810,565228582305,25_10_2024,No,No,No,No,COMP_NO,No
5811,565228621491,25_10_2024,No,No,No,No,COMP_NO,No
5812,565228624281,25_10_2024,No,No,No,No,COMP_NO,No
5813,565228626547,25_10_2024,No,No,No,No,COMP_NO,No
5814,565228648102,25_10_2024,No,No,No,No,COMP_NO,No
5815,565228648790,25_10_2024,No,No,No,No,COMP_NO,No
5816,565228652658,25_10_2024,Yes,Yes,No,No,COMP_CH,Yes
5817,565228653729,25_10_2024,No,No,No,No,COMP_NO,No
5818,565228669457,25_10_2024,No,No,No,No,COMP_NO,No
5819,565228672185,25_10_2024,No,No,No,No,COMP_NO,No
5820,565228689158,25_10_2024,No,Yes,No,Yes,COMP_NO,Yes
5821,565228690070,25_10_2024,No,No,No,No,COMP_NO,No
5822,565228709780,25_10_2024,No,Yes,No,Yes,COMP_NO,No
5823,565228715105,25_10_2024,No,No,No,No,COMP_NO,No
5824,565228737475,25_10_2024,Yes,No,No,No,COMP_SA,Yes
5825,565228758598,25_10_2024,No,No,No,No,COMP_NO,No
5826,565228774015,25_10_2024,No,No,No,No,COMP_NO,No
5827,565228776593,25_10_2024,No,No,No,No,COMP_NO,No
5828,565228797286,25_10_2024,No,No,No,No,COMP_NO,No
5829,565228822165,25_10_2024,No,No,No,No,COMP_NO,No
5830,565228834515,25_10_2024,No,No,No,No,COMP_NO,No
5831,565228901925,25_10_2024,No,No,No,No,COMP_NO,No
5832,565228956575,25_10_2024,No,No,No,No,COMP_NO,No
5833,539894550611,02_10_2024,No,No,No,No,COMP_NO,No
5834,539894554252,02_10_2024,No,No,No,No,COMP_NO,No
5835,539894558349,02_10_2024,No,No,No,No,COMP_NO,No
5836,539894559852,02_10_2024,No,No,No,No,COMP_NO,No
5837,539895220343,03_10_2024,No,No,No,No,COMP_NO,No
5838,539895243553,03_10_2024,No,No,No,No,COMP_NO,No
5839,539895295361,03_10_2024,No,No,No,No,COMP_NO,No
5840,539895387949,03_10_2024,No,No,No,No,COMP_NO,No
5841,539895399186,03_10_2024,No,No,No,No,COMP_NO,No
5842,539895404516,03_10_2024,No,No,No,No,COMP_NO,No
5843,539895430045,03_10_2024,No,No,No,No,COMP_NO,No
5844,539895434716,03_10_2024,No,No,No,No,COMP_NO,No
5845,539895436210,03_10_2024,No,No,No,No,COMP_NO,No
5846,539895436933,03_10_2024,No,No,No,No,COMP_NO,No
5847,564069651650,04_10_2024,No,No,No,No,COMP_NO,No
5848,564069652378,04_10_2024,No,No,No,No,COMP_NO,No
5849,564069653934,04_10_2024,No,No,No,No,COMP_NO,No
5850,564069656170,04_10_2024,No,No,No,No,COMP_NO,No
5851,564069667626,04_10_2024,No,Yes,No,Yes,COMP_NO,No
5852,564069668413,04_10_2024,No,No,No,No,COMP_NO,No
5853,564069714901,04_10_2024,No,No,No,Yes,COMP_NO,No
5854,564069752202,04_10_2024,No,No,No,Yes,COMP_NO,No
5855,564069771286,04_10_2024,Yes,Yes,No,Yes,COMP_CH,Yes
5856,564069771494,04_10_2024,No,No,No,No,COMP_NO,No
5857,564069773653,04_10_2024,No,No,No,No,COMP_NO,No
5858,564069803431,04_10_2024,No,Yes,No,No,COMP_CO,Yes
5859,564069803988,04_10_2024,No,Yes,No,No,COMP_NO,No
5860,564069825623,04_10_2024,No,Yes,No,Yes,COMP_SO,Yes
5861,564069830724,04_10_2024,No,No,No,No,COMP_NO,No
5862,564069874043,04_10_2024,No,Yes,No,Yes,COMP_CH,Yes
5863,564069881369,04_10_2024,No,No,No,No,COMP_NO,No
5864,564069894581,04_10_2024,No,No,No,No,COMP_NO,No
5865,564069897448,04_10_2024,No,No,No,No,COMP_NO,No
5866,564069901237,04_10_2024,No,No,No,No,COMP_NO,No
5867,564069917293,04_10_2024,Yes,Yes,No,Yes,COMP_CO,Yes
5868,564069930997,04_10_2024,No,No,No,No,COMP_NO,No
5869,564069935644,04_10_2024,No,No,No,No,COMP_NO,No
5870,564069936116,04_10_2024,No,Yes,No,No,COMP_NO,No
5871,564069974414,04_10_2024,No,No,No,No,COMP_NO,No
5872,564070008131,04_10_2024,No,No,No,No,COMP_NO,No
5873,564070015745,04_10_2024,No,No,No,No,COMP_NO,No
5874,564070016017,04_10_2024,No,No,No,No,COMP_NO,No
5875,564070034382,04_10_2024,No,No,No,No,COMP_NO,No
5876,564070066380,04_10_2024,No,No,No,No,COMP_NO,No
5877,564070070579,04_10_2024,No,No,No,No,COMP_NO,No
5878,564070081498,04_10_2024,No,No,No,No,COMP_NO,No
5879,564070105395,04_10_2024,No,Yes,No,No,COMP_CH,Yes
5880,564070133678,04_10_2024,No,No,No,No,COMP_NO,No
5881,564070147942,04_10_2024,No,No,No,No,COMP_NO,No
5882,564070152231,04_10_2024,No,Yes,No,Yes,COMP_NO,Yes
5883,564070220442,04_10_2024,No,Yes,No,Yes,COMP_NO,No
5884,564070227300,04_10_2024,No,Yes,No,No,COMP_NO,No
5885,564071031750,07_10_2024,No,No,No,No,COMP_NO,No
5886,564071061162,07_10_2024,No,No,No,No,COMP_NO,No
5887,564071130505,07_10_2024,No,No,No,No,COMP_NO,No
5888,564071143537,07_10_2024,No,No,No,No,COMP_NO,No
5889,564071148960,07_10_2024,No,No,No,No,COMP_NO,No
5890,564071151755,07_10_2024,No,Yes,No,Yes,COMP_NO,No
5891,564071152461,07_10_2024,No,No,No,No,COMP_NO,No
5892,564071164595,07_10_2024,No,Yes,No,Yes,COMP_CH,Yes
5893,564071189113,07_10_2024,No,No,No,No,COMP_NO,No
5894,564071193052,07_10_2024,No,No,No,No,COMP_NO,No
5895,564071229743,07_10_2024,No,No,No,No,COMP_NO,No
5896,564071232455,07_10_2024,No,Yes,No,No,COMP_NO,Yes
5897,564071233645,07_10_2024,No,Yes,No,Yes,COMP_NO,No
5898,564071251265,07_10_2024,No,No,No,No,COMP_NO,No
5899,564071252061,07_10_2024,No,No,No,No,COMP_NO,No
5900,564071277584,07_10_2024,No,No,No,No,COMP_NO,No
5901,564071280710,07_10_2024,Yes,Yes,No,Yes,COMP_CI,Yes
5902,564071313306,07_10_2024,No,No,No,No,COMP_NO,No
5903,564071320295,07_10_2024,No,No,No,No,COMP_NO,No
5904,564071324091,07_10_2024,No,No,No,No,COMP_NO,No
5905,564071332108,07_10_2024,No,No,No,No,COMP_NO,No
5906,564071336940,07_10_2024,No,No,No,No,COMP_NO,No
5907,564071337448,07_10_2024,No,No,No,No,COMP_NO,No
5908,564071359738,07_10_2024,No,No,No,No,COMP_NO,No
5909,564071369301,07_10_2024,No,No,No,No,COMP_NO,No
5910,564071372778,07_10_2024,No,No,No,No,COMP_NO,No
5911,564071393287,07_10_2024,No,No,No,No,COMP_NO,No
5912,564071396876,07_10_2024,No,No,No,No,COMP_NO,No
5913,564071398682,07_10_2024,Yes,No,No,No,COMP_SA,Yes
5914,564071418359,07_10_2024,No,No,No,No,COMP_NO,No
5915,564071419532,07_10_2024,No,No,No,No,COMP_NO,No
5916,564071427999,07_10_2024,No,No,No,No,COMP_NO,No
5917,564071434557,07_10_2024,No,No,No,No,COMP_NO,No
5918,564071455448,07_10_2024,No,No,No,No,COMP_NO,No
5919,564071474541,07_10_2024,No,No,No,No,COMP_NO,No
5920,564071476402,07_10_2024,No,No,No,No,COMP_NO,No
5921,564071477218,07_10_2024,No,No,No,No,COMP_NO,No
5922,564071478641,07_10_2024,No,No,No,No,COMP_NO,No
5923,564071479792,07_10_2024,No,No,No,No,COMP_NO,No
5924,564071499622,07_10_2024,No,No,No,No,COMP_NO,No
5925,564071500029,07_10_2024,No,No,No,No,COMP_NO,No
5926,564071509986,07_10_2024,No,No,No,No,COMP_NO,No
5927,564071514396,07_10_2024,No,No,No,No,COMP_NO,No
5928,564071528360,07_10_2024,No,No,No,No,COMP_NO,No
5929,564232551063,07_10_2024,No,No,No,No,COMP_NO,No
5930,564232551669,07_10_2024,No,Yes,No,No,COMP_TH,Yes
5931,564232551769,07_10_2024,No,No,No,No,COMP_NO,No
5932,564232553987,07_10_2024,No,No,No,No,COMP_NO,No
5933,564232569262,07_10_2024,No,No,No,No,COMP_NO,No
5934,564232574390,07_10_2024,No,No,No,No,COMP_NO,No
5935,564232652865,07_10_2024,No,No,No,No,COMP_NO,No
5936,564232653941,07_10_2024,No,No,No,No,COMP_NO,No
5937,564232675694,07_10_2024,No,No,No,No,COMP_NO,No
5938,564232682525,07_10_2024,No,No,No,No,COMP_NO,No
5939,564232683724,07_10_2024,No,No,No,No,COMP_NO,No
5940,564232694857,07_10_2024,No,No,No,No,COMP_NO,No
5941,564232696707,07_10_2024,No,No,No,No,COMP_NO,No
5942,564232712910,07_10_2024,No,No,No,No,COMP_NO,No
5943,564232718639,07_10_2024,No,No,No,No,COMP_NO,No
5944,564232741687,07_10_2024,No,No,No,No,COMP_NO,No
5945,564232743740,07_10_2024,No,No,No,No,COMP_NO,No
5946,564232754239,07_10_2024,No,No,No,No,COMP_NO,No
5947,564232764881,07_10_2024,No,No,No,No,COMP_NO,No
5948,564232826182,07_10_2024,Yes,No,No,No,COMP_NO,Yes
5949,564232844570,07_10_2024,No,No,No,No,COMP_NO,No
5950,564233038106,08_10_2024,Yes,Yes,No,No,COMP_NO,Yes
5951,564233145652,08_10_2024,No,No,No,No,COMP_NO,No
5952,565090856226,23_10_2024,No,Yes,No,Yes,COMP_CO,Yes
5953,565090857238,23_10_2024,No,No,No,No,COMP_NO,No
5954,565090868246,23_10_2024,No,No,No,Yes,COMP_NO,No
5955,565090931551,23_10_2024,No,Yes,No,Yes,COMP_NO,No
5956,565090974915,23_10_2024,No,No,No,No,COMP_NO,Yes
5957,565090976220,23_10_2024,No,No,No,No,COMP_NO,No
5958,565090977827,23_10_2024,No,No,No,No,COMP_NO,No
5959,565091053209,23_10_2024,No,No,No,No,COMP_NO,No
5960,565091108595,23_10_2024,No,No,No,No,COMP_NO,No
5961,565091148705,23_10_2024,No,No,No,No,COMP_NO,No
5962,565091319373,23_10_2024,No,Yes,No,Yes,COMP_CH,Yes
5963,565091319729,23_10_2024,No,No,No,No,COMP_NO,No
5964,565227727113,24_10_2024,No,No,No,No,COMP_NO,No
5965,565227759400,24_10_2024,No,No,No,No,COMP_NO,No
5966,565227800366,24_10_2024,No,No,No,No,COMP_NO,No
5967,565227803961,24_10_2024,No,No,No,No,COMP_NO,No
5968,565227842932,24_10_2024,No,Yes,No,Yes,COMP_NO,No
5969,565227870944,24_10_2024,No,No,No,No,COMP_NO,No
5970,565227930388,24_10_2024,No,No,No,No,COMP_NO,No
5971,565227998432,24_10_2024,No,Yes,No,Yes,COMP_CH,Yes
5972,565228035437,24_10_2024,No,No,No,No,COMP_NO,No
5973,565228036206,24_10_2024,No,No,No,No,COMP_NO,No
5974,565228037903,24_10_2024,No,No,No,No,COMP_NO,No
5975,565228062860,24_10_2024,No,Yes,No,Yes,COMP_AR,Yes
5976,565228138138,24_10_2024,No,No,No,No,COMP_NO,No
5977,565228156829,24_10_2024,No,No,No,No,COMP_NO,No
5978,565228171222,24_10_2024,No,No,No,No,COMP_NO,No
5979,565228207934,24_10_2024,No,No,No,No,COMP_NO,No
5980,565228231905,24_10_2024,No,Yes,No,Yes,COMP_NO,No
5981,565228425947,25_10_2024,No,Yes,No,Yes,COMP_CH,Yes
5982,565228427907,25_10_2024,No,No,No,No,COMP_NO,No
5983,565228428213,25_10_2024,No,No,No,No,COMP_NO,No
5984,565228484915,25_10_2024,No,Yes,No,Yes,COMP_NO,No
5985,565228502149,25_10_2024,No,Yes,No,No,COMP_NO,No
5986,565228505973,25_10_2024,No,No,No,No,COMP_NO,No
5987,565228527294,25_10_2024,No,No,No,No,COMP_NO,No
5988,565228529537,25_10_2024,No,No,No,No,COMP_NO,No
5989,565228545265,25_10_2024,No,No,No,No,COMP_NO,No
5990,565228545964,25_10_2024,No,No,No,No,COMP_NO,No
5991,565228549691,25_10_2024,No,No,No,No,COMP_NO,No
5992,565228558427,25_10_2024,No,Yes,No,No,COMP_NO,No
5993,565228562752,25_10_2024,Yes,No,No,No,COMP_NO,Yes
5994,565228577166,25_10_2024,No,No,No,No,COMP_NO,No
5995,565228583707,25_10_2024,No,No,No,No,COMP_NO,No
5996,565228583880,25_10_2024,No,No,No,No,COMP_NO,No
5997,565228596720,25_10_2024,No,Yes,No,No,COMP_NO,No
5998,565228631064,25_10_2024,No,No,No,No,COMP_NO,No
5999,565228631543,25_10_2024,No,No,No,No,COMP_NO,No
6000,565228655442,25_10_2024,No,No,No,No,COMP_NO,No
6001,565228658077,25_10_2024,No,No,No,No,COMP_NO,No
6002,565228674518,25_10_2024,No,No,No,No,COMP_NO,No
6003,565228691064,25_10_2024,No,No,No,No,COMP_NO,No
6004,565228692102,25_10_2024,No,No,No,No,COMP_NO,No
6005,565228693426,25_10_2024,No,No,No,No,COMP_NO,No
6006,565228717138,25_10_2024,No,Yes,No,No,COMP_NO,No
6007,565228718553,25_10_2024,No,No,No,No,COMP_NO,No
6008,565228722069,25_10_2024,No,No,No,No,COMP_NO,No
6009,565228738597,25_10_2024,No,No,No,No,COMP_NO,No
6010,565228743311,25_10_2024,No,No,No,No,COMP_NO,No
6011,565228747084,25_10_2024,No,Yes,No,No,COMP_NO,No
6012,565228752564,25_10_2024,No,No,No,No,COMP_NO,No
6013,565228752669,25_10_2024,No,No,No,No,COMP_NO,No
6014,565228756212,25_10_2024,No,No,No,No,COMP_NO,No
6015,565228761455,25_10_2024,No,Yes,No,Yes,COMP_NO,No
6016,565228761903,25_10_2024,No,No,No,No,COMP_NO,No
6017,565228777715,25_10_2024,No,No,No,No,COMP_NO,No
6018,565228791561,25_10_2024,No,No,No,No,COMP_NO,No
6019,565228799501,25_10_2024,No,Yes,No,Yes,COMP_MI,Yes
6020,565228800852,25_10_2024,No,No,No,No,COMP_NO,No
6021,565228801804,25_10_2024,No,No,No,No,COMP_NO,No
6022,565228804420,25_10_2024,No,No,No,No,COMP_NO,No
6023,565228822954,25_10_2024,No,No,No,No,COMP_NO,No
6024,565228823996,25_10_2024,No,No,No,No,COMP_NO,No
6025,565228826470,25_10_2024,Yes,Yes,No,Yes,COMP_CH,Yes
6026,565228826868,25_10_2024,No,No,No,No,COMP_NO,No
6027,565228838419,25_10_2024,No,No,No,No,COMP_NO,No
6028,565228840353,25_10_2024,No,No,No,No,COMP_NO,No
6029,565228844801,25_10_2024,No,No,No,No,COMP_NO,No
6030,565228857924,25_10_2024,No,No,No,No,COMP_NO,No
6031,565228907676,25_10_2024,No,No,No,No,COMP_NO,No
6032,565228957397,25_10_2024,No,No,No,No,COMP_NO,No
6033,565228957859,25_10_2024,No,No,No,No,COMP_NO,No
6034,565228960447,25_10_2024,No,No,No,No,COMP_NO,No
6035,565228982527,25_10_2024,No,No,No,No,COMP_NO,No
6036,565228986662,25_10_2024,No,No,No,No,COMP_NO,No
6037,565229011079,25_10_2024,No,No,No,No,COMP_NO,No
6038,565229018389,25_10_2024,No,No,No,No,COMP_NO,No
6039,565432816361,28_10_2024,No,No,No,No,COMP_NO,No
6040,565432820518,28_10_2024,No,No,No,No,COMP_NO,No
6041,565432839889,28_10_2024,No,No,No,No,COMP_NO,No
6042,565432881515,28_10_2024,No,No,No,No,COMP_NO,No
6043,565432887902,28_10_2024,No,No,No,No,COMP_NO,No
6044,565432894402,28_10_2024,No,No,No,No,COMP_NO,No
6045,565432896670,28_10_2024,No,No,No,Yes,COMP_NO,No
6046,565432932428,28_10_2024,No,No,No,No,COMP_NO,No
6047,565432942711,28_10_2024,No,No,No,No,COMP_NO,No
6048,565432966722,28_10_2024,No,No,No,No,COMP_NO,No
6049,565432974667,28_10_2024,No,No,No,No,COMP_NO,No
6050,565432976482,28_10_2024,No,No,No,No,COMP_NO,No
6051,565432976729,28_10_2024,Yes,No,No,No,COMP_NO,Yes
6052,565432993231,28_10_2024,No,No,No,No,COMP_NO,No
6053,565433021374,28_10_2024,No,No,No,No,COMP_NO,No
6054,565433050708,28_10_2024,No,No,No,No,COMP_NO,No
6055,565433113632,28_10_2024,No,No,No,No,COMP_NO,No
6056,565433165912,28_10_2024,No,No,No,No,COMP_NO,No
6057,539720471869,01_10_2024,No,No,No,No,COMP_NO,No
6058,539894391644,02_10_2024,No,No,No,No,COMP_NO,No
6059,539894394492,02_10_2024,No,No,No,No,COMP_NO,No
6060,539894560432,02_10_2024,No,Yes,No,No,COMP_NO,No
6061,564069724086,04_10_2024,No,No,No,No,COMP_NO,No
6062,564069831262,04_10_2024,No,No,No,No,COMP_NO,No
6063,564069834354,04_10_2024,No,Yes,No,No,COMP_NO,No
6064,564069881399,04_10_2024,No,No,No,No,COMP_NO,No
6065,564069884311,04_10_2024,No,No,No,No,COMP_NO,No
6066,564069885829,04_10_2024,No,No,No,No,COMP_NO,No
6067,564069888095,04_10_2024,No,No,No,No,COMP_NO,No
6068,564069888378,04_10_2024,No,No,No,No,COMP_NO,No
6069,564069939039,04_10_2024,No,No,No,No,COMP_NO,No
6070,564069980953,04_10_2024,No,Yes,No,Yes,COMP_CH,Yes
6071,564069997542,04_10_2024,Yes,Yes,No,Yes,COMP_AC,Yes
6072,564069998432,04_10_2024,No,No,No,Yes,COMP_NO,No
6073,564069999986,04_10_2024,No,No,No,No,COMP_NO,No
6074,564070009471,04_10_2024,No,No,No,No,COMP_NO,No
6075,564070009928,04_10_2024,No,No,No,No,COMP_NO,No
6076,564070019511,04_10_2024,No,No,No,No,COMP_NO,No
6077,564070021916,04_10_2024,No,No,No,No,COMP_NO,No
6078,564070087206,04_10_2024,No,No,No,No,COMP_NO,No
6079,564070088365,04_10_2024,No,No,No,No,COMP_NO,No
6080,564070089391,04_10_2024,No,Yes,No,No,COMP_NO,No
6081,564070105714,04_10_2024,No,No,No,No,COMP_NO,No
6082,564070115094,04_10_2024,No,No,No,No,COMP_NO,No
6083,564070138293,04_10_2024,No,No,No,No,COMP_NO,No
6084,564071152483,07_10_2024,No,No,No,No,COMP_NO,No
6085,564071154828,07_10_2024,No,Yes,No,Yes,COMP_NO,No
6086,564071165902,07_10_2024,No,No,No,No,COMP_NO,No
6087,564071167438,07_10_2024,No,No,No,No,COMP_NO,No
6088,564071199536,07_10_2024,No,No,No,No,COMP_NO,No
6089,564071255844,07_10_2024,No,No,No,No,COMP_NO,No
6090,564071260165,07_10_2024,No,No,No,No,COMP_NO,No
6091,564071264113,07_10_2024,No,No,No,No,COMP_NO,No
6092,564071267114,07_10_2024,No,No,No,No,COMP_NO,No
6093,564071288268,07_10_2024,No,No,No,No,COMP_NO,No
6094,564071292062,07_10_2024,No,No,No,No,COMP_NO,No
6095,564071297694,07_10_2024,No,No,No,No,COMP_NO,No
6096,564071326993,07_10_2024,No,No,No,No,COMP_NO,No
6097,564071341602,07_10_2024,No,No,No,No,COMP_NO,No
6098,564071342432,07_10_2024,No,No,No,No,COMP_NO,No
6099,564071345598,07_10_2024,No,No,No,No,COMP_NO,No
6100,564071406390,07_10_2024,No,No,No,No,COMP_NO,No
6101,564071438083,07_10_2024,No,No,No,No,COMP_NO,No
6102,564071440686,07_10_2024,No,No,No,No,COMP_NO,No
6103,564071451952,07_10_2024,No,No,No,No,COMP_NO,No
6104,564071452803,07_10_2024,No,No,No,No,COMP_NO,No
6105,564071456985,07_10_2024,No,No,No,No,COMP_NO,No
6106,564071457056,07_10_2024,No,No,No,No,COMP_NO,No
6107,564071478095,07_10_2024,No,No,No,No,COMP_NO,No
6108,564071482116,07_10_2024,No,No,No,No,COMP_NO,No
6109,564071485375,07_10_2024,No,No,No,No,COMP_NO,No
6110,564071485407,07_10_2024,No,No,No,No,COMP_NO,No
6111,564071485563,07_10_2024,No,No,No,No,COMP_NO,No
6112,564071500573,07_10_2024,No,No,No,No,COMP_NO,No
6113,564071502566,07_10_2024,No,No,No,No,COMP_NO,No
6114,564071503603,07_10_2024,No,No,No,No,COMP_NO,No
6115,564071503641,07_10_2024,No,Yes,No,Yes,COMP_NO,No
6116,564071516257,07_10_2024,No,Yes,No,Yes,COMP_CH,Yes
6117,564071533031,07_10_2024,No,Yes,No,No,COMP_NO,Yes
6118,564071542247,07_10_2024,No,No,No,No,COMP_NO,No
6119,564232556181,07_10_2024,No,No,No,No,COMP_NO,No
6120,564232557291,07_10_2024,No,Yes,No,Yes,COMP_NO,No
6121,564232559228,07_10_2024,No,No,No,No,COMP_NO,No
6122,564232571307,07_10_2024,No,No,No,No,COMP_NO,No
6123,564232576781,07_10_2024,No,No,No,Yes,COMP_NO,No
6124,564232598988,07_10_2024,No,No,No,No,COMP_NO,No
6125,564232654778,07_10_2024,No,Yes,No,No,COMP_NO,No
6126,564232655507,07_10_2024,No,No,No,No,COMP_NO,No
6127,564232655817,07_10_2024,No,Yes,No,No,COMP_NO,Yes
6128,564232663507,07_10_2024,No,No,No,No,COMP_NO,No
6129,564232685741,07_10_2024,No,No,No,No,COMP_NO,No
6130,564232685931,07_10_2024,No,No,No,No,COMP_NO,No
6131,564232686134,07_10_2024,No,No,No,No,COMP_NO,No
6132,564232709453,07_10_2024,No,No,No,No,COMP_NO,No
6133,564232709700,07_10_2024,No,No,No,No,COMP_NO,No
6134,564232725885,07_10_2024,No,No,No,No,COMP_NO,No
6135,564232726433,07_10_2024,No,No,No,No,COMP_NO,No
6136,564232731239,07_10_2024,No,No,No,No,COMP_NO,No
6137,564232746989,07_10_2024,No,No,No,No,COMP_NO,No
6138,564232751081,07_10_2024,No,No,No,No,COMP_NO,No
6139,564232751198,07_10_2024,No,No,No,No,COMP_NO,No
6140,564232760156,07_10_2024,No,No,No,No,COMP_NO,No
6141,564232765823,07_10_2024,No,No,No,No,COMP_NO,No
6142,564232766925,07_10_2024,No,Yes,No,No,COMP_NO,Yes
6143,564232774132,07_10_2024,No,Yes,No,No,COMP_NO,No
6144,564232775856,07_10_2024,No,No,No,No,COMP_NO,No
6145,564232790947,07_10_2024,No,Yes,No,Yes,COMP_NO,No
6146,564232792771,07_10_2024,No,No,No,No,COMP_NO,No
6147,564232794855,07_10_2024,No,No,No,No,COMP_NO,No
6148,564232795070,07_10_2024,No,No,No,No,COMP_NO,No
6149,564232826318,07_10_2024,No,Yes,No,Yes,COMP_NO,No
6150,564232849831,07_10_2024,No,No,No,Yes,COMP_NO,No
6151,564233039420,08_10_2024,No,No,No,No,COMP_NO,No
6152,564233041930,08_10_2024,No,Yes,No,Yes,COMP_AV,Yes
6153,564233089061,08_10_2024,No,No,No,No,COMP_NO,No
6154,564233090627,08_10_2024,No,No,No,No,COMP_NO,No
6155,564233092308,08_10_2024,No,No,No,No,COMP_NO,No
6156,564233109844,08_10_2024,No,No,No,No,COMP_NO,No
6157,564233114519,08_10_2024,No,No,No,No,COMP_NO,No
6158,564233119370,08_10_2024,No,No,No,No,COMP_NO,No
6159,564233121065,08_10_2024,No,No,No,No,COMP_NO,No
6160,564233121640,08_10_2024,No,No,No,No,COMP_NO,No
6161,564233131385,08_10_2024,No,No,No,No,COMP_NO,No
6162,564233133241,08_10_2024,No,No,No,No,COMP_NO,No
6163,564233152218,08_10_2024,No,No,No,No,COMP_NO,No
6164,564233152550,08_10_2024,No,No,No,No,COMP_NO,No
6165,564233161516,08_10_2024,No,No,No,No,COMP_NO,No
6166,564233184796,08_10_2024,No,Yes,No,Yes,COMP_NO,No
6167,564233244223,08_10_2024,No,No,No,No,COMP_NO,No
6168,564233248832,08_10_2024,No,No,No,No,COMP_NO,No
6169,564233273815,08_10_2024,No,No,No,No,COMP_NO,No
6170,564233287487,08_10_2024,No,Yes,No,No,COMP_NO,No
6171,564233303571,08_10_2024,Yes,No,No,No,COMP_NO,Yes
6172,564233308171,08_10_2024,No,No,No,No,COMP_NO,No
6173,564233308390,08_10_2024,No,No,No,No,COMP_NO,No
6174,564233309154,08_10_2024,No,No,No,No,COMP_NO,No
6175,564233314008,08_10_2024,No,No,No,No,COMP_NO,No
6176,564233315476,08_10_2024,No,No,No,No,COMP_NO,No
6177,564233316251,08_10_2024,No,No,No,No,COMP_NO,No
6178,564233323812,08_10_2024,No,No,No,No,COMP_NO,No
6179,564233351768,08_10_2024,No,No,No,No,COMP_NO,No
6180,564233396848,08_10_2024,No,No,No,No,COMP_NO,No
6181,564233412188,08_10_2024,No,No,No,No,COMP_NO,No
6182,564233429770,08_10_2024,No,No,No,No,COMP_NO,No
6183,565090716110,23_10_2024,No,No,No,No,COMP_NO,No
6184,565091346049,23_10_2024,No,No,No,No,COMP_NO,No
6185,565227741558,24_10_2024,No,Yes,No,Yes,COMP_NO,No
6186,565227806396,24_10_2024,No,Yes,No,Yes,COMP_NO,No
6187,565227844770,24_10_2024,No,Yes,No,Yes,COMP_NO,Yes
6188,565227875486,24_10_2024,No,Yes,No,Yes,COMP_CO,Yes
6189,565228020140,24_10_2024,No,No,No,No,COMP_NO,No
6190,565228235071,24_10_2024,No,No,No,No,COMP_NO,No
6191,565228243046,24_10_2024,No,No,No,No,COMP_NO,No
6192,565228418149,25_10_2024,No,Yes,No,Yes,COMP_DA,Yes
6193,565228421190,25_10_2024,No,No,No,No,COMP_NO,No
6194,565228429267,25_10_2024,No,Yes,No,Yes,COMP_NO,No
6195,565228488554,25_10_2024,No,No,No,No,COMP_NO,No
6196,565228490552,25_10_2024,No,No,No,No,COMP_NO,No
6197,565228496589,25_10_2024,No,No,No,No,COMP_NO,No
6198,565228562776,25_10_2024,No,No,No,No,COMP_NO,No
6199,565228593927,25_10_2024,No,No,No,No,COMP_NO,No
6200,565228601870,25_10_2024,No,No,No,No,COMP_NO,No
6201,565228607307,25_10_2024,No,No,No,No,COMP_NO,No
6202,565228641558,25_10_2024,No,No,No,No,COMP_NO,No
6203,565228663885,25_10_2024,No,No,No,No,COMP_NO,No
6204,565228676746,25_10_2024,Yes,Yes,No,Yes,COMP_CH,Yes
6205,565228694349,25_10_2024,No,No,No,No,COMP_NO,No
6206,565228698805,25_10_2024,Yes,No,No,No,COMP_SA,Yes
6207,565228764925,25_10_2024,No,No,No,No,COMP_NO,No
6208,565228768300,25_10_2024,No,No,No,No,COMP_NO,No
6209,565228812475,25_10_2024,No,No,No,No,COMP_NO,No
6210,565228818695,25_10_2024,No,No,No,No,COMP_NO,No
6211,565228829981,25_10_2024,No,No,No,No,COMP_NO,No
6212,565228848662,25_10_2024,No,No,No,No,COMP_NO,No
6213,565228853972,25_10_2024,No,No,No,No,COMP_NO,No
6214,565228859215,25_10_2024,No,No,No,Yes,COMP_NO,No
6215,565228973364,25_10_2024,No,No,No,No,COMP_NO,No
6216,565229013519,25_10_2024,No,No,No,No,COMP_NO,No
6217,565229022388,25_10_2024,No,Yes,No,Yes,COMP_NO,No
6218,565432822068,28_10_2024,No,No,No,No,COMP_NO,No
6219,565432822290,28_10_2024,No,No,No,No,COMP_NO,No
6220,565432850146,28_10_2024,No,No,No,No,COMP_NO,No
6221,565432878741,28_10_2024,No,No,No,No,COMP_NO,No
6222,565432891360,28_10_2024,No,No,No,No,COMP_NO,No
6223,565432901571,28_10_2024,No,No,No,No,COMP_NO,No
6224,565432906476,28_10_2024,No,No,No,No,COMP_NO,No
6225,565432910703,28_10_2024,No,No,No,No,COMP_NO,No
6226,565432916496,28_10_2024,No,No,No,No,COMP_NO,No
6227,565432922527,28_10_2024,Yes,No,No,No,COMP_NO,Yes
6228,565432923369,28_10_2024,No,No,No,No,COMP_NO,No
6229,565432935284,28_10_2024,No,No,No,No,COMP_NO,No
6230,565432939831,28_10_2024,No,No,No,No,COMP_NO,No
6231,565432950064,28_10_2024,No,No,No,No,COMP_NO,No
6232,565432952672,28_10_2024,No,No,No,No,COMP_NO,No
6233,565432961754,28_10_2024,No,No,No,No,COMP_NO,No
6234,565432998346,28_10_2024,No,No,No,No,COMP_NO,No
6235,565432998678,28_10_2024,No,No,No,No,COMP_NO,No
6236,565433021483,28_10_2024,No,No,No,No,COMP_NO,No
6237,565433022054,28_10_2024,No,No,No,No,COMP_NO,No
6238,565433027972,28_10_2024,No,No,No,No,COMP_NO,No
6239,565433033190,28_10_2024,No,No,No,No,COMP_NO,No
6240,565433037829,28_10_2024,No,No,No,No,COMP_NO,No
6241,565433060189,28_10_2024,Yes,No,No,No,COMP_SA,Yes
6242,565433060415,28_10_2024,No,No,No,No,COMP_NO,No
6243,565433077907,28_10_2024,No,No,No,No,COMP_NO,No
6244,565433099669,28_10_2024,No,Yes,No,No,COMP_CH,Yes
6245,565433102748,28_10_2024,No,No,No,No,COMP_NO,No
6246,565433114015,28_10_2024,No,No,No,No,COMP_NO,No
6247,565433119637,28_10_2024,No,No,No,No,COMP_NO,No
6248,565433122716,28_10_2024,No,No,No,No,COMP_NO,No
6249,565433132906,28_10_2024,No,No,No,No,COMP_NO,No
6250,565433172662,28_10_2024,No,No,No,No,COMP_NO,No
6251,565433173684,28_10_2024,No,No,No,No,COMP_NO,No
6252,565433179362,28_10_2024,No,No,No,No,COMP_NO,No
6253,565433185546,28_10_2024,No,No,No,No,COMP_NO,No
6254,565433197305,28_10_2024,No,No,No,No,COMP_NO,No
6255,565433230351,28_10_2024,No,No,No,Yes,COMP_PE,Yes
6256,565433259985,28_10_2024,No,No,No,No,COMP_NO,No
6257,565433263674,28_10_2024,No,No,No,No,COMP_NO,No
6258,565433263810,28_10_2024,No,No,No,No,COMP_NO,No
6259,565433267079,28_10_2024,No,No,No,No,COMP_NO,No
6260,565433268636,28_10_2024,No,No,No,No,COMP_NO,No
6261,565433296297,28_10_2024,No,No,No,No,COMP_NO,No
6262,565433298696,28_10_2024,No,No,No,No,COMP_NO,No
6263,565433302432,28_10_2024,No,No,No,No,COMP_NO,No
6264,565433303997,28_10_2024,No,No,No,No,COMP_NO,No
6265,565433318927,28_10_2024,No,No,No,No,COMP_NO,No
6266,565433338980,28_10_2024,No,No,No,No,COMP_NO,No
6267,565433357342,28_10_2024,No,No,No,No,COMP_NO,No
6268,565433366033,28_10_2024,No,No,No,No,COMP_NO,No
6269,565433382103,28_10_2024,No,No,No,No,COMP_NO,No
6270,565433382290,28_10_2024,No,Yes,No,No,COMP_NO,No
6271,565433382338,28_10_2024,No,No,No,No,COMP_NO,No
6272,565433419920,28_10_2024,No,No,No,No,COMP_NO,No
6273,565433425363,28_10_2024,No,No,No,No,COMP_NO,No
6274,565433440639,28_10_2024,No,No,No,No,COMP_NO,No
6275,565433440704,28_10_2024,No,No,No,No,COMP_NO,No
6276,539720481651,01_10_2024,Yes,Yes,No,Yes,COMP_CH,Yes
6277,539894390834,02_10_2024,No,No,No,No,COMP_NO,No
6278,539894399667,02_10_2024,No,No,No,No,COMP_NO,No
6279,539894400645,02_10_2024,No,No,No,No,COMP_NO,No
6280,564069835621,04_10_2024,No,No,No,No,COMP_NO,No
6281,564069837155,04_10_2024,No,No,No,No,COMP_NO,No
6282,564069941264,04_10_2024,No,Yes,No,No,COMP_NO,No
6283,564070024960,04_10_2024,No,No,No,No,COMP_NO,No
6284,564070116014,04_10_2024,No,No,No,No,COMP_NO,No
6285,564071167442,07_10_2024,No,Yes,No,Yes,COMP_NO,No
6286,564071168953,07_10_2024,Yes,No,No,No,COMP_NO,Yes
6287,564071261298,07_10_2024,No,No,No,No,COMP_NO,No
6288,564071267493,07_10_2024,No,Yes,No,No,COMP_CH,Yes
6289,564071274092,07_10_2024,No,No,No,No,COMP_NO,No
6290,564071303949,07_10_2024,No,No,No,No,COMP_NO,No
6291,564071349562,07_10_2024,No,No,No,No,COMP_NO,No
6292,564071377091,07_10_2024,No,No,No,No,COMP_NO,No
6293,564071457316,07_10_2024,No,No,No,No,COMP_NO,No
6294,564071461403,07_10_2024,No,No,No,No,COMP_NO,No
6295,564071489717,07_10_2024,No,Yes,No,No,COMP_NO,No
6296,564071491751,07_10_2024,No,No,No,No,COMP_NO,No
6297,564071504775,07_10_2024,No,Yes,No,No,COMP_CH,Yes
6298,564071517260,07_10_2024,No,No,No,No,COMP_NO,No
6299,564071520012,07_10_2024,No,No,No,No,COMP_NO,No
6300,564071544801,07_10_2024,No,No,No,No,COMP_NO,No
6301,564232547999,07_10_2024,No,No,No,No,COMP_NO,No
6302,564232571388,07_10_2024,No,No,No,No,COMP_NO,No
6303,564232602275,07_10_2024,No,Yes,No,Yes,COMP_NO,No
6304,564232667180,07_10_2024,No,Yes,No,Yes,COMP_CH,Yes
6305,564232687577,07_10_2024,No,No,No,No,COMP_NO,No
6306,564232693189,07_10_2024,No,No,No,No,COMP_NO,No
6307,564232710770,07_10_2024,No,No,No,No,COMP_NO,No
6308,564232711189,07_10_2024,No,No,No,No,COMP_NO,No
6309,564232737354,07_10_2024,No,No,No,No,COMP_NO,No
6310,564232751673,07_10_2024,No,No,No,No,COMP_NO,No
6311,564232761618,07_10_2024,No,Yes,No,Yes,COMP_NO,No
6312,564232763667,07_10_2024,No,No,No,No,COMP_NO,No
6313,564232788274,07_10_2024,No,No,No,No,COMP_NO,No
6314,564232799505,07_10_2024,No,No,No,No,COMP_NO,No
6315,564232828242,07_10_2024,No,No,No,No,COMP_SA,Yes
6316,564232831548,07_10_2024,No,No,No,No,COMP_NO,No
6317,564232855707,07_10_2024,No,No,No,No,COMP_NO,No
6318,564233029562,08_10_2024,No,No,No,No,COMP_NO,No
6319,564233054192,08_10_2024,No,No,No,No,COMP_NO,No
6320,564233099798,08_10_2024,No,No,No,No,COMP_NO,No
6321,564233122498,08_10_2024,No,Yes,No,No,COMP_NO,No
6322,564233122843,08_10_2024,No,No,No,No,COMP_NO,No
6323,564233122997,08_10_2024,No,No,No,No,COMP_NO,No
6324,564233133843,08_10_2024,No,Yes,No,Yes,COMP_NO,No
6325,564233135100,08_10_2024,No,No,No,No,COMP_NO,No
6326,564233135775,08_10_2024,No,No,No,No,COMP_NO,No
6327,564233169131,08_10_2024,No,No,No,No,COMP_NO,No
6328,564233170336,08_10_2024,No,No,No,No,COMP_NO,No
6329,564233178058,08_10_2024,No,No,No,No,COMP_NO,No
6330,564233196437,08_10_2024,No,No,No,No,COMP_NO,No
6331,564233202663,08_10_2024,No,Yes,No,Yes,COMP_NO,No
6332,564233209373,08_10_2024,No,No,No,No,COMP_NO,No
6333,564233223474,08_10_2024,No,No,No,No,COMP_NO,No
6334,564233255751,08_10_2024,No,No,No,No,COMP_NO,No
6335,564233262145,08_10_2024,No,No,No,No,COMP_NO,No
6336,564233291858,08_10_2024,No,No,No,No,COMP_NO,No
6337,564233309659,08_10_2024,No,No,No,No,COMP_NO,No
6338,564233310593,08_10_2024,No,No,No,No,COMP_NO,No
6339,564233318663,08_10_2024,No,No,No,No,COMP_NO,No
6340,564233319666,08_10_2024,No,No,No,No,COMP_NO,No
6341,564233322149,08_10_2024,No,No,No,No,COMP_NO,No
6342,564233384525,08_10_2024,No,Yes,No,No,COMP_NO,No
6343,564233386136,08_10_2024,No,No,No,No,COMP_NO,No
6344,564233389438,08_10_2024,No,No,No,No,COMP_NO,No
6345,564233389577,08_10_2024,No,No,No,No,COMP_NO,No
6346,564233390467,08_10_2024,No,No,No,No,COMP_NO,No
6347,564233397568,08_10_2024,No,No,No,No,COMP_NO,No
6348,564233405440,08_10_2024,No,No,No,No,COMP_NO,No
6349,564233405569,08_10_2024,No,No,No,No,COMP_NO,No
6350,564233412484,08_10_2024,No,No,No,No,COMP_NO,No
6351,564233414802,08_10_2024,No,No,No,No,COMP_NO,No
6352,564233431464,08_10_2024,No,No,No,No,COMP_NO,No
6353,564233431555,08_10_2024,No,No,No,No,COMP_NO,No
6354,564233446747,08_10_2024,No,No,No,No,COMP_NO,No
6355,564233448535,08_10_2024,No,No,No,No,COMP_NO,No
6356,564233449935,08_10_2024,No,No,No,No,COMP_NO,No
6357,564233450551,08_10_2024,No,No,No,No,COMP_NO,No
6358,564233476834,08_10_2024,No,No,No,No,COMP_NO,No
6359,564233478058,08_10_2024,No,No,No,No,COMP_NO,No
6360,564233481379,08_10_2024,No,No,No,No,COMP_NO,No
6361,564233498726,08_10_2024,No,No,No,No,COMP_NO,No
6362,564233522937,08_10_2024,No,No,No,No,COMP_NO,No
6363,564233523959,08_10_2024,No,No,No,No,COMP_NO,No
6364,564233525793,08_10_2024,No,No,No,No,COMP_NO,No
6365,564233584373,08_10_2024,No,No,No,No,COMP_NO,No
6366,564233585063,08_10_2024,No,No,No,No,COMP_NO,No
6367,564233604175,08_10_2024,No,No,No,No,COMP_NO,No
6368,564233620182,08_10_2024,No,No,No,No,COMP_NO,No
6369,564233628530,08_10_2024,No,No,No,No,COMP_NO,No
6370,564233639852,08_10_2024,No,No,No,No,COMP_NO,No
6371,564233654965,08_10_2024,No,Yes,No,Yes,COMP_NO,No
6372,564233656033,08_10_2024,No,No,No,No,COMP_NO,No
6373,564233657110,08_10_2024,No,No,No,No,COMP_NO,No
6374,564233674104,08_10_2024,No,No,No,No,COMP_NO,No
6375,564233702513,08_10_2024,No,Yes,No,Yes,COMP_CO,Yes
6376,564233908196,09_10_2024,No,No,No,No,COMP_NO,No
6377,564233947860,09_10_2024,No,No,No,No,COMP_NO,No
6378,564234048825,09_10_2024,No,No,No,No,COMP_NO,No
6379,564234071551,09_10_2024,No,No,No,No,COMP_NO,No
6380,564234072111,09_10_2024,No,No,No,No,COMP_NO,No
6381,564234084921,09_10_2024,No,No,No,No,COMP_NO,No
6382,565227703019,24_10_2024,No,Yes,No,Yes,COMP_NO,No
6383,565227703744,24_10_2024,No,No,No,No,COMP_NO,No
6384,565227703751,24_10_2024,No,No,No,No,COMP_NO,No
6385,565227704975,24_10_2024,No,No,No,No,COMP_NO,No
6386,565227807439,24_10_2024,No,No,No,No,COMP_NO,No
6387,565227807618,24_10_2024,No,No,No,No,COMP_NO,No
6388,565227851823,24_10_2024,No,No,No,No,COMP_NO,No
6389,565227853816,24_10_2024,No,No,No,No,COMP_NO,No
6390,565228244769,24_10_2024,No,No,No,No,COMP_NO,No
6391,565228421438,25_10_2024,No,No,No,No,COMP_NO,No
6392,565228435198,25_10_2024,No,Yes,No,No,COMP_PE,Yes
6393,565228594504,25_10_2024,No,No,No,No,COMP_NO,No
6394,565228594575,25_10_2024,No,No,No,No,COMP_NO,No
6395,565228642646,25_10_2024,No,No,No,No,COMP_NO,No
6396,565228643617,25_10_2024,No,No,No,No,COMP_NO,No
6397,565228686954,25_10_2024,No,No,No,No,COMP_NO,No
6398,565228778362,25_10_2024,No,Yes,No,Yes,COMP_CH,Yes
6399,565228819460,25_10_2024,No,Yes,No,Yes,COMP_NI,Yes
6400,565228862521,25_10_2024,No,No,No,No,COMP_NO,No
6401,565432811117,28_10_2024,No,No,No,No,COMP_NO,No
6402,565432814090,28_10_2024,No,No,No,No,COMP_NO,No
6403,565432828213,28_10_2024,No,Yes,No,Yes,COMP_CO,Yes
6404,565432833371,28_10_2024,No,No,No,No,COMP_NO,No
6405,565432893886,28_10_2024,No,No,No,Yes,COMP_NO,No
6406,565432911126,28_10_2024,No,No,No,No,COMP_NO,No
6407,565432914333,28_10_2024,No,No,No,No,COMP_NO,No
6408,565432924246,28_10_2024,No,No,No,No,COMP_NO,No
6409,565432941508,28_10_2024,No,No,No,No,COMP_NO,No
6410,565432941565,28_10_2024,No,No,No,No,COMP_NO,No
6411,565432963263,28_10_2024,No,No,No,No,COMP_NO,No
6412,565432979856,28_10_2024,No,Yes,No,Yes,COMP_NO,No
6413,565432980695,28_10_2024,Yes,Yes,Yes,Yes,COMP_AL,Yes
6414,565433005720,28_10_2024,No,No,No,No,COMP_NO,No
6415,565433033880,28_10_2024,No,No,No,No,COMP_NO,No
6416,565433040518,28_10_2024,No,No,No,No,COMP_NO,No
6417,565433044891,28_10_2024,No,No,No,No,COMP_NO,No
6418,565433045458,28_10_2024,No,No,No,No,COMP_NO,No
6419,565433066554,28_10_2024,No,No,No,No,COMP_NO,No
6420,565433073302,28_10_2024,No,No,No,No,COMP_NO,No
6421,565433079793,28_10_2024,No,Yes,No,No,COMP_NO,No
6422,565433082388,28_10_2024,No,Yes,No,No,COMP_NO,No
6423,565433105724,28_10_2024,No,Yes,No,No,COMP_CH,Yes
6424,565433123455,28_10_2024,No,No,No,No,COMP_NO,No
6425,565433125968,28_10_2024,No,No,No,No,COMP_NO,No
6426,565433129555,28_10_2024,No,No,No,No,COMP_NO,No
6427,565433133073,28_10_2024,No,No,No,No,COMP_NO,No
6428,565433134716,28_10_2024,No,No,No,No,COMP_NO,No
6429,565433147717,28_10_2024,No,No,No,No,COMP_NO,No
6430,565433150573,28_10_2024,No,Yes,No,No,COMP_NO,No
6431,565433151283,28_10_2024,No,No,No,Yes,COMP_CO,Yes
6432,565433183632,28_10_2024,Yes,No,No,No,COMP_SA,Yes
6433,565433187252,28_10_2024,Yes,Yes,No,Yes,COMP_CO,Yes
6434,565433190255,28_10_2024,No,No,No,No,COMP_NO,No
6435,565433230948,28_10_2024,No,No,No,No,COMP_NO,No
6436,565433237749,28_10_2024,No,No,No,No,COMP_NO,No
6437,565433239017,28_10_2024,No,No,No,No,COMP_NO,No
6438,565433246303,28_10_2024,No,No,No,No,COMP_NO,No
6439,565433252614,28_10_2024,No,No,No,No,COMP_NO,No
6440,565433271575,28_10_2024,No,No,No,No,COMP_NO,No
6441,565433272099,28_10_2024,No,No,No,No,COMP_NO,No
6442,565433273950,28_10_2024,No,No,No,No,COMP_NO,No
6443,565433276133,28_10_2024,No,No,No,No,COMP_NO,No
6444,565433276664,28_10_2024,No,Yes,No,Yes,COMP_NO,No
6445,565433277931,28_10_2024,No,Yes,No,Yes,COMP_NO,No
6446,565433304705,28_10_2024,No,No,No,No,COMP_NO,No
6447,565433305671,28_10_2024,Yes,Yes,No,No,COMP_NO,Yes
6448,565433322761,28_10_2024,No,No,No,No,COMP_NO,No
6449,565433324442,28_10_2024,No,No,No,No,COMP_NO,No
6450,565433343525,28_10_2024,No,Yes,No,Yes,COMP_CH,Yes
6451,565433345292,28_10_2024,No,No,No,No,COMP_NO,No
6452,565433347460,28_10_2024,No,No,No,No,COMP_NO,Yes
6453,565433347921,28_10_2024,No,No,No,No,COMP_NO,No
6454,565433351817,28_10_2024,No,No,No,No,COMP_NO,No
6455,565433357514,28_10_2024,Yes,Yes,No,Yes,COMP_SM,Yes
6456,565433370571,28_10_2024,No,No,No,No,COMP_NO,No
6457,565433382646,28_10_2024,No,No,No,No,COMP_NO,No
6458,565433384874,28_10_2024,No,Yes,No,No,COMP_NO,No
6459,565433399128,28_10_2024,No,No,No,No,COMP_NO,No
6460,565433443914,28_10_2024,No,Yes,No,Yes,COMP_NO,No
6461,565433465093,28_10_2024,No,No,No,No,COMP_NO,No
6462,565433465215,28_10_2024,No,No,No,No,COMP_NO,No
6463,565433479497,28_10_2024,No,No,No,No,COMP_NO,No
6464,565433480423,28_10_2024,No,No,No,No,COMP_NO,No
6465,565433484237,28_10_2024,No,No,No,No,COMP_NO,No
6466,565433494692,28_10_2024,No,No,No,No,COMP_NO,No
6467,565433496522,28_10_2024,No,No,No,No,COMP_NO,No
6468,565433499201,28_10_2024,No,No,No,No,COMP_NO,No
6469,565433514677,28_10_2024,No,No,No,No,COMP_NO,No
6470,565433515746,28_10_2024,No,No,No,No,COMP_NO,No
6471,565433515810,28_10_2024,No,No,No,No,COMP_NO,No
6472,565433533739,28_10_2024,No,No,No,No,COMP_NO,No
6473,565433539882,28_10_2024,No,No,No,No,COMP_NO,No
6474,565433540874,28_10_2024,No,No,No,No,COMP_NO,No
6475,565433698312,29_10_2024,No,No,No,No,COMP_NO,No
6476,565433739285,29_10_2024,No,No,No,No,COMP_NO,No
6477,565433740172,29_10_2024,No,No,No,No,COMP_NO,No
6478,565433758759,29_10_2024,No,No,No,No,COMP_NO,No
6479,565433763898,29_10_2024,No,No,No,No,COMP_NO,No
6480,565433780236,29_10_2024,No,No,No,No,COMP_NO,No
6481,565433780314,29_10_2024,No,No,No,No,COMP_NO,No
6482,565433784776,29_10_2024,No,No,No,No,COMP_NO,No
6483,565433784881,29_10_2024,No,No,No,No,COMP_NO,No
6484,565433795862,29_10_2024,No,Yes,No,Yes,COMP_NO,No
6485,565433814464,29_10_2024,No,No,No,No,COMP_NO,No
6486,565433826924,29_10_2024,No,No,No,No,COMP_NO,No
6487,565433828513,29_10_2024,No,No,No,No,COMP_NO,No
6488,565433834444,29_10_2024,No,No,No,No,COMP_NO,No
6489,565433835459,29_10_2024,No,No,No,No,COMP_NO,No
6490,565433854532,29_10_2024,No,No,No,No,COMP_NO,No
6491,565433884581,29_10_2024,No,No,No,No,COMP_NO,No
6492,565433906286,29_10_2024,No,No,No,No,COMP_NO,No
6493,565433920577,29_10_2024,No,No,No,No,COMP_NO,No
6494,565433939212,29_10_2024,No,No,No,No,COMP_NO,No
6495,564071171992,07_10_2024,No,Yes,No,No,COMP_AC,Yes
6496,564071463818,07_10_2024,No,No,No,No,COMP_NO,No
6497,564232625687,07_10_2024,No,No,No,No,COMP_NO,No
6498,564232640678,07_10_2024,No,No,No,No,COMP_NO,No
6499,564232644553,07_10_2024,Yes,No,No,No,COMP_SA,Yes
6500,564232764048,07_10_2024,No,No,No,No,COMP_NO,No
6501,564232764555,07_10_2024,No,No,No,No,COMP_NO,No
6502,564232802128,07_10_2024,No,Yes,No,Yes,COMP_NO,No
6503,564232841091,07_10_2024,No,Yes,No,No,COMP_NR,Yes
6504,564233136483,08_10_2024,No,Yes,No,Yes,COMP_NO,No
6505,564233144505,08_10_2024,No,No,No,No,COMP_NO,No
6506,564233214235,08_10_2024,No,No,No,No,COMP_NO,No
6507,564233221340,08_10_2024,No,No,No,No,COMP_NO,No
6508,564233233568,08_10_2024,No,No,No,No,COMP_NO,No
6509,564233236373,08_10_2024,No,No,No,No,COMP_NO,No
6510,564233239655,08_10_2024,No,No,No,No,COMP_NO,No
6511,564233282222,08_10_2024,No,Yes,No,Yes,COMP_CH,Yes
6512,564233282475,08_10_2024,No,No,No,No,COMP_NO,No
6513,564233293080,08_10_2024,No,Yes,No,No,COMP_CH,Yes
6514,564233293272,08_10_2024,No,No,No,No,COMP_NO,No
6515,564233293615,08_10_2024,No,No,No,No,COMP_NO,No
6516,564233324513,08_10_2024,No,Yes,No,Yes,COMP_NO,No
6517,564233391403,08_10_2024,No,No,No,No,COMP_NO,No
6518,564233400899,08_10_2024,No,No,No,No,COMP_NO,No
6519,564233401957,08_10_2024,No,No,No,No,COMP_NO,No
6520,564233408594,08_10_2024,No,No,No,No,COMP_NO,No
6521,564233408660,08_10_2024,No,No,No,No,COMP_NO,No
6522,564233411537,08_10_2024,No,No,No,No,COMP_NO,No
6523,564233415163,08_10_2024,No,No,No,No,COMP_NO,No
6524,564233417757,08_10_2024,No,No,No,No,COMP_NO,No
6525,564233424433,08_10_2024,No,No,No,No,COMP_NO,No
6526,564233425741,08_10_2024,No,No,No,No,COMP_NO,No
6527,564233432623,08_10_2024,No,No,No,No,COMP_NO,No
6528,564233456836,08_10_2024,No,No,No,No,COMP_NO,No
6529,564233460044,08_10_2024,No,No,No,No,COMP_NO,No
6530,564233482699,08_10_2024,No,No,No,No,COMP_NO,No
6531,564233492168,08_10_2024,No,Yes,No,No,COMP_NO,No
6532,564233501957,08_10_2024,Yes,Yes,No,Yes,COMP_CH,Yes
6533,564233593445,08_10_2024,No,No,No,No,COMP_NO,No
6534,564233594534,08_10_2024,No,No,No,No,COMP_NO,No
6535,564233606130,08_10_2024,No,No,No,No,COMP_NO,No
6536,564233613221,08_10_2024,No,No,No,No,COMP_NO,No
6537,564233617456,08_10_2024,No,No,No,No,COMP_NO,No
6538,564233629972,08_10_2024,No,No,No,No,COMP_NO,No
6539,564233645222,08_10_2024,No,No,No,No,COMP_NO,No
6540,564233645490,08_10_2024,No,No,No,No,COMP_NO,No
6541,564233648623,08_10_2024,No,No,No,No,COMP_NO,No
6542,564233659048,08_10_2024,No,No,No,No,COMP_NO,No
6543,564233671354,08_10_2024,No,Yes,No,Yes,COMP_NO,No
6544,564233676277,08_10_2024,No,No,No,No,COMP_NO,No
6545,564233689542,08_10_2024,No,Yes,No,Yes,COMP_CO,Yes
6546,564233690380,08_10_2024,No,No,No,No,COMP_NO,No
6547,564233692376,08_10_2024,No,Yes,No,Yes,COMP_NO,No
6548,564233708070,08_10_2024,No,No,No,No,COMP_NO,No
6549,564233720073,08_10_2024,No,No,No,No,COMP_NO,No
6550,564233722059,08_10_2024,No,No,No,No,COMP_NO,No
6551,564233735308,08_10_2024,No,Yes,No,Yes,COMP_CH,Yes
6552,564233885257,09_10_2024,No,No,No,No,COMP_NO,No
6553,564233895370,09_10_2024,No,No,No,No,COMP_NO,No
6554,564233917960,09_10_2024,No,No,No,No,COMP_NO,No
6555,564233923842,09_10_2024,No,No,No,No,COMP_NO,No
6556,564233925184,09_10_2024,No,No,No,No,COMP_NO,No
6557,564233927724,09_10_2024,No,No,No,No,COMP_NO,No
6558,564233934017,09_10_2024,No,No,No,No,COMP_NO,No
6559,564233935535,09_10_2024,No,No,No,No,COMP_NO,No
6560,564233937943,09_10_2024,No,No,No,No,COMP_NO,No
6561,564233952301,09_10_2024,No,No,No,No,COMP_NO,No
6562,564233954949,09_10_2024,No,No,No,No,COMP_NO,No
6563,564233955502,09_10_2024,No,No,No,No,COMP_NO,No
6564,564233963227,09_10_2024,No,No,No,No,COMP_NO,No
6565,564233983436,09_10_2024,No,No,No,Yes,COMP_NO,No
6566,564233987140,09_10_2024,No,No,No,No,COMP_NO,No
6567,564233991402,09_10_2024,No,No,No,No,COMP_NO,No
6568,564233992586,09_10_2024,No,No,No,No,COMP_NO,No
6569,564233993236,09_10_2024,No,No,No,No,COMP_NO,No
6570,564233994751,09_10_2024,No,No,No,No,COMP_NO,No
6571,564234004227,09_10_2024,No,No,No,No,COMP_NO,No
6572,564234007406,09_10_2024,No,No,No,No,COMP_NO,No
6573,564234007666,09_10_2024,No,No,No,No,COMP_NO,No
6574,564234037509,09_10_2024,No,Yes,No,Yes,COMP_NO,No
6575,564234041928,09_10_2024,No,No,No,No,COMP_NO,No
6576,564234047420,09_10_2024,No,No,No,No,COMP_NO,No
6577,564234049690,09_10_2024,No,No,No,No,COMP_NO,No
6578,564234054469,09_10_2024,No,No,No,No,COMP_NO,No
6579,564234054494,09_10_2024,No,No,No,No,COMP_NO,No
6580,564234064904,09_10_2024,No,No,No,No,COMP_NO,No
6581,564234064994,09_10_2024,No,No,No,No,COMP_NO,No
6582,564234073143,09_10_2024,No,No,No,No,COMP_NO,No
6583,564234075449,09_10_2024,No,No,No,No,COMP_NO,No
6584,564234080650,09_10_2024,Yes,No,No,No,COMP_NO,Yes
6585,564234085942,09_10_2024,No,No,No,No,COMP_NO,No
6586,564234088087,09_10_2024,No,No,No,No,COMP_NO,No
6587,564234095733,09_10_2024,No,Yes,No,No,COMP_CO,Yes
6588,564234109558,09_10_2024,No,Yes,No,Yes,COMP_NO,No
6589,564234132270,09_10_2024,No,Yes,No,No,COMP_NO,No
6590,564234132700,09_10_2024,No,No,No,No,COMP_NO,No
6591,564234143688,09_10_2024,No,No,No,No,COMP_NO,No
6592,564234144258,09_10_2024,No,No,No,No,COMP_NO,No
6593,564234150514,09_10_2024,No,No,No,No,COMP_NO,No
6594,564234161347,09_10_2024,No,No,No,No,COMP_NO,No
6595,564234162330,09_10_2024,No,Yes,No,Yes,COMP_NO,No
6596,564234170152,09_10_2024,No,No,No,No,COMP_NO,No
6597,564234190630,09_10_2024,No,No,No,No,COMP_NO,No
6598,564234197033,09_10_2024,No,No,No,No,COMP_NO,No
6599,564234201849,09_10_2024,No,No,No,No,COMP_NO,No
6600,564234237343,09_10_2024,No,No,No,No,COMP_NO,No
6601,564234240301,09_10_2024,No,No,No,No,COMP_NO,No
6602,564234242252,09_10_2024,No,No,No,No,COMP_NO,No
6603,564234249495,09_10_2024,No,No,No,No,COMP_NO,No
6604,564234251058,09_10_2024,No,No,No,No,COMP_NO,No
6605,564234264712,09_10_2024,No,No,No,No,COMP_NO,No
6606,564234274130,09_10_2024,No,No,No,No,COMP_NO,No
6607,564234310650,09_10_2024,No,No,No,No,COMP_NO,No
6608,564234321520,09_10_2024,No,Yes,No,Yes,COMP_SS,Yes
6609,564234380542,09_10_2024,No,No,No,No,COMP_NO,No
6610,565091324973,23_10_2024,No,Yes,No,Yes,COMP_CH,Yes
6611,565091330527,23_10_2024,No,No,No,No,COMP_NO,No
6612,565091377481,23_10_2024,No,Yes,No,Yes,COMP_NO,No
6613,565227741651,24_10_2024,No,Yes,No,Yes,COMP_NE,Yes
6614,565227743046,24_10_2024,No,No,No,No,COMP_NO,No
6615,565228250128,24_10_2024,No,No,No,No,COMP_NO,No
6616,565228613250,25_10_2024,No,Yes,No,Yes,COMP_EH,Yes
6617,565228780769,25_10_2024,No,No,No,No,COMP_NO,No
6618,565228782730,25_10_2024,No,No,No,No,COMP_NO,No
6619,565228869286,25_10_2024,No,Yes,No,Yes,COMP_NO,No
6620,565228875346,25_10_2024,No,No,No,No,COMP_NO,No
6621,565228882072,25_10_2024,No,No,No,No,COMP_NO,No
6622,565432916392,28_10_2024,No,No,No,No,COMP_NO,No
6623,565432927828,28_10_2024,No,No,No,No,COMP_NO,No
6624,565432942603,28_10_2024,No,No,No,No,COMP_NO,No
6625,565432967179,28_10_2024,No,Yes,No,Yes,COMP_CH,Yes
6626,565432981428,28_10_2024,No,Yes,No,Yes,COMP_NO,No
6627,565432982202,28_10_2024,No,No,No,No,COMP_NO,No
6628,565433005819,28_10_2024,No,Yes,No,Yes,COMP_NO,Yes
6629,565433011300,28_10_2024,No,No,No,No,COMP_NO,No
6630,565433109223,28_10_2024,No,Yes,No,Yes,COMP_CO,Yes
6631,565433111247,28_10_2024,No,No,No,No,COMP_NO,No
6632,565433137657,28_10_2024,No,No,No,No,COMP_NO,No
6633,565433153228,28_10_2024,No,No,No,No,COMP_NO,No
6634,565433156650,28_10_2024,No,No,No,No,COMP_NO,No
6635,565433185349,28_10_2024,No,No,No,No,COMP_NO,No
6636,565433191168,28_10_2024,No,No,No,No,COMP_NO,No
6637,565433197744,28_10_2024,No,No,No,No,COMP_NO,No
6638,565433203998,28_10_2024,No,No,No,No,COMP_NO,No
6639,565433254188,28_10_2024,No,No,No,No,COMP_NO,No
6640,565433257937,28_10_2024,No,No,No,No,COMP_NO,No
6641,565433305900,28_10_2024,No,No,No,No,COMP_NO,No
6642,565433329707,28_10_2024,No,No,No,No,COMP_NO,No
6643,565433335829,28_10_2024,No,No,No,No,COMP_NO,No
6644,565433362427,28_10_2024,No,Yes,No,Yes,COMP_NO,No
6645,565433378576,28_10_2024,No,Yes,No,Yes,COMP_NO,No
6646,565433388756,28_10_2024,No,No,No,No,COMP_NO,No
6647,565433392402,28_10_2024,No,No,No,No,COMP_NO,No
6648,565433399685,28_10_2024,No,Yes,No,No,COMP_CH,Yes
6649,565433426061,28_10_2024,No,No,No,No,COMP_NO,No
6650,565433426595,28_10_2024,No,No,No,No,COMP_NO,No
6651,565433439481,28_10_2024,No,No,No,No,COMP_NO,No
6652,565433447208,28_10_2024,No,No,No,No,COMP_NO,No
6653,565433467459,28_10_2024,No,No,No,No,COMP_NO,No
6654,565433473380,28_10_2024,No,No,No,No,COMP_NO,No
6655,565433473592,28_10_2024,No,No,No,No,COMP_NO,No
6656,565433488207,28_10_2024,No,No,No,No,COMP_NO,No
6657,565433489498,28_10_2024,No,No,No,No,COMP_NO,No
6658,565433499744,28_10_2024,No,No,No,No,COMP_NO,No
6659,565433499941,28_10_2024,No,Yes,No,No,COMP_NO,No
6660,565433516628,28_10_2024,No,No,No,No,COMP_NO,No
6661,565433517812,28_10_2024,No,No,No,No,COMP_NO,No
6662,565433522720,28_10_2024,No,No,No,No,COMP_NO,No
6663,565433541260,28_10_2024,No,Yes,No,No,COMP_NO,No
6664,565433702632,29_10_2024,No,No,No,No,COMP_NO,No
6665,565433731946,29_10_2024,No,No,No,No,COMP_NO,No
6666,565433733738,29_10_2024,No,No,No,No,COMP_NO,No
6667,565433766973,29_10_2024,No,No,No,No,COMP_NO,No
6668,565433767181,29_10_2024,No,No,No,No,COMP_NO,No
6669,565433783479,29_10_2024,Yes,No,No,No,COMP_SA,Yes
6670,565433785612,29_10_2024,No,No,No,No,COMP_NO,No
6671,565433798299,29_10_2024,No,No,No,No,COMP_NO,No
6672,565433801296,29_10_2024,No,No,No,No,COMP_NO,No
6673,565433816185,29_10_2024,No,No,No,No,COMP_NO,No
6674,565433825679,29_10_2024,No,No,No,No,COMP_NO,No
6675,565433829782,29_10_2024,No,No,No,No,COMP_NO,No
6676,565433855727,29_10_2024,No,No,No,No,COMP_NO,No
6677,565433886221,29_10_2024,No,No,No,No,COMP_NO,No
6678,565433906600,29_10_2024,No,No,No,No,COMP_NO,No
6679,565433907432,29_10_2024,No,No,No,No,COMP_NO,No
6680,565433924798,29_10_2024,No,No,No,No,COMP_NO,No
6681,565433925014,29_10_2024,No,No,No,No,COMP_NO,No
6682,565433925661,29_10_2024,No,No,No,No,COMP_NO,No
6683,565433948506,29_10_2024,No,No,No,No,COMP_NO,No
6684,565433952043,29_10_2024,No,No,No,No,COMP_NO,No
6685,565433967476,29_10_2024,No,No,No,No,COMP_NO,No
6686,565433969166,29_10_2024,No,No,No,No,COMP_NO,No
6687,565433980867,29_10_2024,No,No,No,No,COMP_NO,No
6688,565434005102,29_10_2024,No,No,No,No,COMP_NO,No
6689,565434005372,29_10_2024,No,No,No,No,COMP_NO,No
6690,565434034641,29_10_2024,No,No,No,No,COMP_NO,No
6691,565434035485,29_10_2024,No,No,No,No,COMP_NO,No
6692,565434038295,29_10_2024,No,No,No,No,COMP_NO,No
6693,565434045808,29_10_2024,No,No,No,No,COMP_NO,No
6694,565434056674,29_10_2024,No,No,No,No,COMP_NO,No
6695,565434057355,29_10_2024,No,No,No,No,COMP_NO,No
6696,565434067560,29_10_2024,No,No,No,No,COMP_NO,No
6697,565434068893,29_10_2024,No,No,No,No,COMP_NO,No
6698,565434074641,29_10_2024,No,No,No,No,COMP_NO,No
6699,565434082367,29_10_2024,No,No,No,No,COMP_NO,No
6700,565434117707,29_10_2024,No,No,No,No,COMP_NO,No
6701,565434118448,29_10_2024,No,No,No,No,COMP_NO,No
6702,565434159558,29_10_2024,Yes,Yes,No,No,COMP_NO,Yes
6703,565434185709,29_10_2024,No,No,No,No,COMP_NO,No
6704,565434205552,29_10_2024,No,No,No,Yes,COMP_NO,No
6705,565434233013,29_10_2024,No,Yes,No,No,COMP_NO,No
6706,565434236329,29_10_2024,No,No,No,No,COMP_NO,No
6707,565434259910,29_10_2024,No,No,No,No,COMP_NO,No
6708,565434262293,29_10_2024,No,No,No,No,COMP_NO,No
6709,565434264770,29_10_2024,No,Yes,No,No,COMP_NO,No
6710,565434282238,29_10_2024,No,No,No,No,COMP_NO,No
6711,565434283632,29_10_2024,No,No,No,No,COMP_NO,No
6712,565595662979,30_10_2024,No,Yes,No,No,COMP_NO,No
6713,564232647253,07_10_2024,No,Yes,No,No,COMP_NO,No
6714,564232804616,07_10_2024,No,Yes,No,Yes,COMP_NO,No
6715,564232810116,07_10_2024,No,Yes,No,No,COMP_NO,No
6716,564232843494,07_10_2024,No,No,No,No,COMP_NO,No
6717,564233078497,08_10_2024,No,Yes,No,Yes,COMP_CH,Yes
6718,564233082395,08_10_2024,No,No,No,No,COMP_NO,No
6719,564233294567,08_10_2024,No,No,No,No,COMP_NO,No
6720,564233295248,08_10_2024,No,No,No,No,COMP_NO,No
6721,564233303344,08_10_2024,No,No,No,No,COMP_NO,No
6722,564233329401,08_10_2024,No,Yes,No,No,COMP_CO,Yes
6723,564233333549,08_10_2024,No,No,No,No,COMP_NO,No
6724,564233392622,08_10_2024,No,No,No,No,COMP_NO,No
6725,564233419558,08_10_2024,No,No,No,No,COMP_NO,No
6726,564233420756,08_10_2024,No,No,No,No,COMP_NO,No
6727,564233426212,08_10_2024,No,No,No,No,COMP_NO,No
6728,564233426398,08_10_2024,No,No,No,No,COMP_NO,No
6729,564233426737,08_10_2024,No,No,No,No,COMP_NO,No
6730,564233429408,08_10_2024,No,No,No,No,COMP_NO,No
6731,564233434867,08_10_2024,No,No,No,No,COMP_NO,No
6732,564233435804,08_10_2024,No,No,No,No,COMP_NO,No
6733,564233460289,08_10_2024,No,No,No,No,COMP_NO,No
6734,564233517796,08_10_2024,No,No,No,No,COMP_NO,No
6735,564233519156,08_10_2024,No,No,No,No,COMP_NO,No
6736,564233595865,08_10_2024,No,No,No,No,COMP_NO,No
6737,564233654303,08_10_2024,No,No,No,No,COMP_NO,No
6738,564233661256,08_10_2024,No,No,No,No,COMP_NO,No
6739,564233662929,08_10_2024,No,Yes,No,Yes,COMP_AC,Yes
6740,564233678593,08_10_2024,No,No,No,No,COMP_NO,No
6741,564233679094,08_10_2024,No,No,No,No,COMP_NO,No
6742,564233682670,08_10_2024,No,No,No,No,COMP_NO,No
6743,564233693931,08_10_2024,No,No,No,No,COMP_NO,No
6744,564233729112,08_10_2024,No,No,No,No,COMP_NO,No
6745,564233896919,09_10_2024,No,No,No,No,COMP_NO,No
6746,564233902513,09_10_2024,No,No,No,No,COMP_NO,No
6747,564233905577,09_10_2024,No,No,No,No,COMP_NO,No
6748,564233929946,09_10_2024,No,No,No,No,COMP_NO,No
6749,564233932502,09_10_2024,No,Yes,No,Yes,COMP_CO,Yes
6750,564233939118,09_10_2024,No,No,No,No,COMP_NO,No
6751,564233940736,09_10_2024,Yes,No,No,No,COMP_NO,Yes
6752,564233955661,09_10_2024,No,No,No,No,COMP_NO,No
6753,564233960294,09_10_2024,No,No,No,No,COMP_NO,No
6754,564233967858,09_10_2024,No,No,No,No,COMP_NO,No
6755,564233972212,09_10_2024,No,No,No,No,COMP_NO,No
6756,564233989053,09_10_2024,No,No,No,No,COMP_NO,No
6757,564233989301,09_10_2024,No,No,No,No,COMP_NO,No
6758,564233989581,09_10_2024,No,No,No,No,COMP_NO,No
6759,564234047807,09_10_2024,No,No,No,No,COMP_NO,No
6760,564234055391,09_10_2024,No,No,No,No,COMP_NO,No
6761,564234060918,09_10_2024,No,No,No,No,COMP_NO,No
6762,564234068426,09_10_2024,No,No,No,No,COMP_NO,No
6763,564234088245,09_10_2024,No,No,No,No,COMP_NO,No
6764,564234088392,09_10_2024,No,No,No,No,COMP_NO,No
6765,564234100688,09_10_2024,No,Yes,No,Yes,COMP_NO,No
6766,564234105378,09_10_2024,No,No,No,No,COMP_NO,No
6767,564234109950,09_10_2024,No,No,No,No,COMP_NO,No
6768,564234138831,09_10_2024,No,No,No,No,COMP_NO,No
6769,564234141907,09_10_2024,No,No,No,No,COMP_NO,No
6770,564234150748,09_10_2024,No,Yes,No,Yes,COMP_AR,Yes
6771,564234154109,09_10_2024,No,No,No,No,COMP_NO,No
6772,564234162802,09_10_2024,No,No,No,No,COMP_NO,No
6773,564234162803,09_10_2024,No,No,No,No,COMP_NO,No
6774,564234169314,09_10_2024,No,No,No,No,COMP_NO,No
6775,564234182400,09_10_2024,Yes,Yes,No,Yes,COMP_CO,Yes
6776,564234201925,09_10_2024,No,No,No,No,COMP_NO,No
6777,564234214108,09_10_2024,No,No,No,No,COMP_NO,No
6778,564234217781,09_10_2024,No,No,No,No,COMP_NO,No
6779,564234245377,09_10_2024,No,No,No,No,COMP_NO,No
6780,564234255303,09_10_2024,No,No,No,No,COMP_NO,No
6781,564234315471,09_10_2024,No,No,No,No,COMP_NO,No
6782,564234317213,09_10_2024,No,No,No,No,COMP_NO,No
6783,564234317976,09_10_2024,No,No,No,No,COMP_NO,No
6784,564234321880,09_10_2024,No,No,No,No,COMP_NO,No
6785,564234328570,09_10_2024,No,Yes,No,No,COMP_NO,No
6786,564234328638,09_10_2024,No,Yes,No,Yes,COMP_NO,No
6787,564234353805,09_10_2024,No,No,No,No,COMP_NO,No
6788,564234381079,09_10_2024,No,No,No,No,COMP_NO,No
6789,564234381262,09_10_2024,No,No,No,No,COMP_NO,No
6790,564234391634,09_10_2024,No,Yes,No,Yes,COMP_NO,No
6791,564234397580,09_10_2024,No,No,No,No,COMP_NO,No
6792,564234398685,09_10_2024,No,No,No,No,COMP_NO,No
6793,564234401195,09_10_2024,No,Yes,No,Yes,COMP_CO,Yes
6794,564234413791,09_10_2024,No,No,No,No,COMP_NO,No
6795,564234430020,09_10_2024,No,No,No,No,COMP_NO,No
6796,564234441939,09_10_2024,No,No,No,No,COMP_NO,No
6797,564234447735,09_10_2024,No,No,No,No,COMP_NO,No
6798,564234478934,09_10_2024,No,No,No,No,COMP_NO,No
6799,564234479207,09_10_2024,No,No,No,No,COMP_NO,No
6800,564234485546,09_10_2024,No,No,No,No,COMP_NO,No
6801,564234507047,09_10_2024,No,No,No,No,COMP_NO,No
6802,564234515191,09_10_2024,No,No,No,No,COMP_NO,No
6803,564234518362,09_10_2024,No,No,No,No,COMP_NO,No
6804,564374561108,09_10_2024,No,No,No,No,COMP_NO,No
6805,564374567759,09_10_2024,No,No,No,No,COMP_NO,No
6806,564374742580,10_10_2024,No,No,No,No,COMP_NO,No
6807,564374789097,10_10_2024,No,No,No,No,COMP_NO,No
6808,564374810320,10_10_2024,No,No,No,No,COMP_NO,No
6809,564374811665,10_10_2024,No,No,No,No,COMP_NO,No
6810,564374817492,10_10_2024,No,No,No,No,COMP_NO,No
6811,564374837898,10_10_2024,No,No,No,No,COMP_NO,No
6812,564374854338,10_10_2024,No,No,No,No,COMP_NO,No
6813,564374889387,10_10_2024,No,No,No,No,COMP_NO,No
6814,564374911825,10_10_2024,No,No,No,No,COMP_NO,No
6815,564375042107,10_10_2024,No,No,No,No,COMP_NO,No
6816,564375044617,10_10_2024,No,No,No,No,COMP_NO,No
6817,564375188307,10_10_2024,No,No,No,No,COMP_NO,No
6818,565432971812,28_10_2024,No,No,No,No,COMP_NO,No
6819,565432974344,28_10_2024,No,Yes,No,Yes,COMP_NO,Yes
6820,565432988678,28_10_2024,No,No,No,No,COMP_NO,No
6821,565433014369,28_10_2024,No,No,No,No,COMP_NO,No
6822,565433017783,28_10_2024,No,No,No,No,COMP_NO,No
6823,565433094725,28_10_2024,No,No,No,No,COMP_NO,No
6824,565433095211,28_10_2024,No,No,No,No,COMP_NO,No
6825,565433139329,28_10_2024,No,Yes,No,No,COMP_KR,Yes
6826,565433160036,28_10_2024,No,Yes,No,No,COMP_NO,Yes
6827,565433204149,28_10_2024,No,No,No,No,COMP_NO,No
6828,565433215426,28_10_2024,No,No,No,No,COMP_NO,No
6829,565433216801,28_10_2024,No,No,No,No,COMP_NO,No
6830,565433217652,28_10_2024,No,No,No,No,COMP_NO,No
6831,565433279627,28_10_2024,No,No,No,No,COMP_NO,No
6832,565433309734,28_10_2024,No,No,No,No,COMP_NO,No
6833,565433315437,28_10_2024,No,Yes,No,No,COMP_CH,Yes
6834,565433379179,28_10_2024,No,No,No,No,COMP_NO,No
6835,565433393364,28_10_2024,No,No,No,No,COMP_NO,No
6836,565433396213,28_10_2024,No,No,No,No,COMP_NO,No
6837,565433396698,28_10_2024,No,No,No,No,COMP_NO,No
6838,565433402305,28_10_2024,No,Yes,No,Yes,COMP_NO,No
6839,565433405929,28_10_2024,No,No,No,No,COMP_NO,No
6840,565433406814,28_10_2024,No,No,No,No,COMP_NO,No
6841,565433414832,28_10_2024,No,No,No,No,COMP_NO,No
6842,565433457090,28_10_2024,No,No,No,No,COMP_NO,No
6843,565433476468,28_10_2024,No,No,No,No,COMP_NO,No
6844,565433501360,28_10_2024,No,Yes,No,Yes,COMP_NO,No
6845,565433502280,28_10_2024,No,No,No,No,COMP_NO,No
6846,565433504910,28_10_2024,No,No,No,No,COMP_NO,No
6847,565433523613,28_10_2024,Yes,Yes,No,Yes,COMP_SA,Yes
6848,565433541543,28_10_2024,No,Yes,No,Yes,COMP_NO,No
6849,565433541706,28_10_2024,No,No,No,No,COMP_NO,No
6850,565433741079,29_10_2024,No,Yes,No,No,COMP_CH,Yes
6851,565433770997,29_10_2024,No,No,No,No,COMP_NO,No
6852,565433789514,29_10_2024,No,No,No,No,COMP_NO,No
6853,565433789657,29_10_2024,No,No,No,No,COMP_NO,No
6854,565433792178,29_10_2024,No,No,No,No,COMP_NO,No
6855,565433793690,29_10_2024,No,No,No,No,COMP_NO,No
6856,565433806952,29_10_2024,No,No,No,No,COMP_NO,No
6857,565433810469,29_10_2024,No,Yes,No,No,COMP_SI,Yes
6858,565433829992,29_10_2024,No,Yes,No,No,COMP_NO,No
6859,565433831445,29_10_2024,No,No,No,No,COMP_NO,No
6860,565433839536,29_10_2024,No,Yes,No,Yes,COMP_CO,Yes
6861,565433908575,29_10_2024,No,No,No,No,COMP_NO,No
6862,565433913090,29_10_2024,No,No,No,No,COMP_NO,No
6863,565433914468,29_10_2024,No,No,No,No,COMP_NO,No
6864,565433916806,29_10_2024,No,No,No,No,COMP_NO,No
6865,565433930463,29_10_2024,No,No,No,No,COMP_NO,No
6866,565433931201,29_10_2024,No,No,No,No,COMP_NO,No
6867,565433956875,29_10_2024,No,No,No,No,COMP_NO,No
6868,565433958455,29_10_2024,No,No,No,No,COMP_NO,No
6869,565433985558,29_10_2024,No,No,No,No,COMP_NO,No
6870,565433988586,29_10_2024,No,No,No,No,COMP_NO,No
6871,565434008994,29_10_2024,No,No,No,Yes,COMP_NO,No
6872,565434012298,29_10_2024,No,No,No,No,COMP_NO,No
6873,565434013171,29_10_2024,No,No,No,No,COMP_NO,No
6874,565434026733,29_10_2024,Yes,Yes,Yes,Yes,COMP_AT,Yes
6875,565434026882,29_10_2024,No,No,No,No,COMP_NO,No
6876,565434038639,29_10_2024,No,No,No,No,COMP_NO,No
6877,565434038825,29_10_2024,No,No,No,No,COMP_NO,No
6878,565434039379,29_10_2024,No,Yes,No,Yes,COMP_CH,Yes
6879,565434059412,29_10_2024,No,Yes,No,Yes,COMP_CH,Yes
6880,565434076630,29_10_2024,No,No,No,No,COMP_NO,No
6881,565434078313,29_10_2024,No,No,No,No,COMP_NO,No
6882,565434078496,29_10_2024,No,No,No,No,COMP_NO,No
6883,565434088375,29_10_2024,No,No,No,No,COMP_NO,No
6884,565434094205,29_10_2024,No,No,No,No,COMP_NO,No
6885,565434118947,29_10_2024,No,No,No,No,COMP_NO,No
6886,565434119037,29_10_2024,No,No,No,No,COMP_NO,No
6887,565434135164,29_10_2024,No,Yes,No,No,COMP_NO,No
6888,565434160531,29_10_2024,No,No,No,No,COMP_NO,No
6889,565434164861,29_10_2024,No,No,No,No,COMP_NO,No
6890,565434174379,29_10_2024,No,No,No,No,COMP_NO,No
6891,565434190267,29_10_2024,No,Yes,No,Yes,COMP_NO,No
6892,565434191880,29_10_2024,No,No,No,No,COMP_NO,No
6893,565434192695,29_10_2024,No,No,No,No,COMP_NO,No
6894,565434198412,29_10_2024,No,No,No,No,COMP_NO,No
6895,565434222973,29_10_2024,No,No,No,No,COMP_NO,No
6896,565434237359,29_10_2024,No,No,No,No,COMP_NO,No
6897,565434237914,29_10_2024,No,No,No,No,COMP_NO,No
6898,565434267518,29_10_2024,No,No,No,No,COMP_NO,No
6899,565434267863,29_10_2024,No,No,No,No,COMP_NO,No
6900,565434271085,29_10_2024,No,No,No,No,COMP_NO,No
6901,565434291465,29_10_2024,Yes,Yes,No,No,COMP_SA,Yes
6902,565434306322,29_10_2024,No,Yes,No,Yes,COMP_CH,Yes
6903,565434311221,29_10_2024,No,No,No,No,COMP_NO,No
6904,565434316812,29_10_2024,No,Yes,No,Yes,COMP_NO,No
6905,565434334552,29_10_2024,No,No,No,No,COMP_NO,No
6906,565434343807,29_10_2024,No,No,No,No,COMP_NO,No
6907,565434344925,29_10_2024,No,No,No,No,COMP_NO,No
6908,565434385246,29_10_2024,No,No,No,No,COMP_NO,No
6909,565595646640,30_10_2024,No,No,No,No,COMP_NO,No
6910,565595647267,30_10_2024,No,No,No,No,COMP_NO,No
6911,565595650726,30_10_2024,No,No,No,No,COMP_NO,No
6912,565595663709,30_10_2024,No,No,No,No,COMP_NO,No
6913,565595680000,30_10_2024,No,Yes,No,Yes,COMP_NO,No
6914,565595681723,30_10_2024,No,No,No,No,COMP_NO,No
6915,565595699311,30_10_2024,No,No,No,No,COMP_NO,No
6916,565595716662,30_10_2024,No,No,No,No,COMP_NO,No
6917,565595717065,30_10_2024,No,No,No,No,COMP_NO,No
6918,565595727802,30_10_2024,No,No,No,No,COMP_NO,No
6919,565595739448,30_10_2024,No,No,No,No,COMP_NO,No
6920,565595743667,30_10_2024,No,No,No,No,COMP_NO,No
6921,565595743730,30_10_2024,No,No,No,No,COMP_NO,No
6922,565595764549,30_10_2024,No,No,No,No,COMP_NO,No
6923,565595791636,30_10_2024,No,No,No,No,COMP_NO,No
6924,565595800926,30_10_2024,No,Yes,No,No,COMP_NO,No
6925,565595807005,30_10_2024,No,No,No,No,COMP_NO,No
6926,565595831279,30_10_2024,No,Yes,No,Yes,COMP_NO,No
6927,565595848501,30_10_2024,No,No,No,No,COMP_NO,No
6928,565595882627,30_10_2024,No,No,No,No,COMP_NO,No
6929,565595883177,30_10_2024,No,No,No,No,COMP_NO,No
6930,564232583678,07_10_2024,No,No,No,No,COMP_NO,No
6931,564232810359,07_10_2024,No,No,No,No,COMP_NO,No
6932,564233335059,08_10_2024,No,Yes,No,No,COMP_CO,Yes
6933,564233335959,08_10_2024,No,No,No,No,COMP_NO,No
6934,564233339490,08_10_2024,No,Yes,No,Yes,COMP_SA,Yes
6935,564233440991,08_10_2024,No,No,No,No,COMP_NO,No
6936,564233460955,08_10_2024,No,No,No,No,COMP_NO,No
6937,564233465216,08_10_2024,No,No,No,No,COMP_NO,No
6938,564233469492,08_10_2024,No,No,No,No,COMP_NO,No
6939,564233493648,08_10_2024,No,No,No,No,COMP_NO,No
6940,564233494773,08_10_2024,No,No,No,No,COMP_NO,No
6941,564233497432,08_10_2024,No,No,No,Yes,COMP_NO,No
6942,564233664401,08_10_2024,No,No,No,No,COMP_NO,No
6943,564233908088,09_10_2024,No,No,No,No,COMP_NO,No
6944,564233933128,09_10_2024,No,Yes,No,Yes,COMP_CH,Yes
6945,564233941979,09_10_2024,No,No,No,No,COMP_NO,No
6946,564233943623,09_10_2024,No,No,No,No,COMP_NO,No
6947,564233943860,09_10_2024,No,Yes,No,No,COMP_NO,No
6948,564233981220,09_10_2024,No,No,No,No,COMP_NO,No
6949,564234107023,09_10_2024,No,No,No,No,COMP_NO,No
6950,564234142179,09_10_2024,Yes,Yes,No,Yes,COMP_QS,Yes
6951,564234155482,09_10_2024,No,No,No,No,COMP_NO,No
6952,564234183292,09_10_2024,No,Yes,No,Yes,COMP_SM,Yes
6953,564234186918,09_10_2024,No,No,No,No,COMP_NO,No
6954,564234221898,09_10_2024,No,No,No,No,COMP_NO,No
6955,564234226124,09_10_2024,No,Yes,No,Yes,COMP_BR,Yes
6956,564234259048,09_10_2024,No,Yes,No,Yes,COMP_NO,No
6957,564234326888,09_10_2024,No,No,No,No,COMP_NO,No
6958,564234328065,09_10_2024,No,No,No,No,COMP_NO,No
6959,564234328731,09_10_2024,No,Yes,No,No,COMP_NO,No
6960,564234333453,09_10_2024,No,No,No,No,COMP_NO,No
6961,564234363488,09_10_2024,No,No,No,No,COMP_NO,No
6962,564234365580,09_10_2024,No,No,No,No,COMP_NO,No
6963,564234370773,09_10_2024,No,No,No,No,COMP_NO,No
6964,564234384958,09_10_2024,No,No,No,No,COMP_NO,No
6965,564234387108,09_10_2024,No,No,No,No,COMP_NO,No
6966,564234409865,09_10_2024,No,Yes,No,Yes,COMP_CO,Yes
6967,564234413996,09_10_2024,No,No,No,No,COMP_NO,No
6968,564234418100,09_10_2024,No,No,No,No,COMP_NO,No
6969,564234462742,09_10_2024,No,Yes,No,No,COMP_NO,No
6970,564234474616,09_10_2024,No,No,No,No,COMP_NO,No
6971,564234492381,09_10_2024,No,No,No,No,COMP_NO,No
6972,564234495191,09_10_2024,No,No,No,No,COMP_NO,No
6973,564374797033,10_10_2024,No,No,No,No,COMP_NO,No
6974,564374801743,10_10_2024,No,No,No,No,COMP_NO,No
6975,564374812380,10_10_2024,No,No,No,No,COMP_NO,No
6976,564374816239,10_10_2024,No,No,No,No,COMP_NO,No
6977,564374818476,10_10_2024,No,Yes,No,Yes,COMP_NO,No
6978,564374854658,10_10_2024,No,No,No,No,COMP_NO,No
6979,564374862953,10_10_2024,No,No,No,No,COMP_NO,No
6980,564374871406,10_10_2024,No,No,No,No,COMP_NO,No
6981,564374871885,10_10_2024,No,No,No,No,COMP_NO,No
6982,564374899172,10_10_2024,No,No,No,Yes,COMP_NO,No
6983,564374905923,10_10_2024,No,No,No,No,COMP_NO,No
6984,564374906081,10_10_2024,No,No,No,No,COMP_NO,No
6985,564374914476,10_10_2024,No,No,No,No,COMP_NO,No
6986,564374919498,10_10_2024,No,No,No,No,COMP_NO,No
6987,564374938429,10_10_2024,No,Yes,No,Yes,COMP_NO,No
6988,564374940199,10_10_2024,No,No,No,No,COMP_NO,No
6989,564374956758,10_10_2024,No,No,No,No,COMP_NO,No
6990,564374956955,10_10_2024,No,No,No,No,COMP_NO,No
6991,564374983939,10_10_2024,No,Yes,No,No,COMP_NO,No
6992,564374989870,10_10_2024,No,No,No,No,COMP_NO,No
6993,564374990799,10_10_2024,No,Yes,No,No,COMP_NO,No
6994,564375003913,10_10_2024,No,No,No,No,COMP_NO,No
6995,564375013269,10_10_2024,No,No,No,No,COMP_NO,No
6996,564375015248,10_10_2024,No,No,No,No,COMP_NO,No
6997,564375029832,10_10_2024,No,No,No,No,COMP_NO,No
6998,564375032528,10_10_2024,No,No,No,No,COMP_NO,No
6999,564375035937,10_10_2024,No,No,No,No,COMP_NO,No
7000,564375051939,10_10_2024,No,No,No,No,COMP_NO,No
7001,564375052461,10_10_2024,No,No,No,No,COMP_HS,Yes
7002,564375075365,10_10_2024,No,No,No,No,COMP_NO,No
7003,564375104904,10_10_2024,No,No,No,No,COMP_NO,No
7004,564375129400,10_10_2024,No,No,No,No,COMP_NO,No
7005,564375151714,10_10_2024,No,No,No,No,COMP_NO,No
7006,564375174799,10_10_2024,No,No,No,No,COMP_NO,No
7007,564375177646,10_10_2024,No,No,No,No,COMP_NO,No
7008,564375188384,10_10_2024,No,No,No,No,COMP_NO,No
7009,564375241997,10_10_2024,No,Yes,No,Yes,COMP_NO,No
7010,564375242871,10_10_2024,No,Yes,No,No,COMP_CH,Yes
7011,564375265522,10_10_2024,No,No,No,No,COMP_NO,No
7012,564375269449,10_10_2024,No,No,No,No,COMP_NO,No
7013,564375287103,10_10_2024,No,No,No,No,COMP_NO,No
7014,564375291922,10_10_2024,No,No,No,No,COMP_NO,No
7015,564375344870,10_10_2024,No,No,No,No,COMP_NO,No
7016,564375350417,10_10_2024,No,No,No,No,COMP_NO,No
7017,564375401512,10_10_2024,No,No,No,No,COMP_NO,No
7018,564375587048,11_10_2024,No,No,No,No,COMP_NO,No
7019,564375611447,11_10_2024,No,No,No,No,COMP_NO,No
7020,564375666171,11_10_2024,No,No,No,No,COMP_NO,No
7021,564375742190,11_10_2024,No,No,No,No,COMP_NO,No
7022,565433098124,28_10_2024,No,No,No,No,COMP_NO,No
7023,565433098431,28_10_2024,No,No,No,No,COMP_NO,No
7024,565433144571,28_10_2024,No,No,No,No,COMP_NO,No
7025,565433162191,28_10_2024,No,No,No,No,COMP_NO,No
7026,565433164368,28_10_2024,No,No,No,No,COMP_NO,No
7027,565433223695,28_10_2024,No,Yes,No,No,COMP_CO,Yes
7028,565433280958,28_10_2024,No,No,No,No,COMP_NO,No
7029,565433286851,28_10_2024,No,No,No,No,COMP_NO,No
7030,565433417957,28_10_2024,No,No,No,No,COMP_NO,No
7031,565433478276,28_10_2024,No,Yes,No,No,COMP_CO,Yes
7032,565433507168,28_10_2024,No,No,No,No,COMP_NO,No
7033,565433544472,28_10_2024,No,Yes,No,Yes,COMP_CH,Yes
7034,565433743747,29_10_2024,No,No,No,No,COMP_NO,No
7035,565433750000,29_10_2024,No,No,No,No,COMP_NO,No
7036,565433811222,29_10_2024,No,No,No,No,COMP_NO,No
7037,565433814231,29_10_2024,No,No,No,No,COMP_NO,No
7038,565433831703,29_10_2024,No,No,No,No,COMP_NO,No
7039,565433935320,29_10_2024,No,Yes,No,Yes,COMP_CO,Yes
7040,565433961646,29_10_2024,No,No,No,No,COMP_CH,Yes
7041,565433975150,29_10_2024,No,No,No,No,COMP_NO,No
7042,565434000271,29_10_2024,No,Yes,No,Yes,COMP_NO,No
7043,565434015467,29_10_2024,No,Yes,No,No,COMP_NO,No
7044,565434023472,29_10_2024,No,No,No,No,COMP_NO,No
7045,565434030224,29_10_2024,No,No,No,No,COMP_NO,No
7046,565434031704,29_10_2024,No,No,No,No,COMP_NO,No
7047,565434031922,29_10_2024,No,No,No,No,COMP_NO,No
7048,565434041573,29_10_2024,No,No,No,No,COMP_NO,No
7049,565434063852,29_10_2024,No,No,No,No,COMP_NO,No
7050,565434064212,29_10_2024,No,No,No,No,COMP_NO,No
7051,565434078511,29_10_2024,No,No,No,No,COMP_NO,No
7052,565434078675,29_10_2024,No,No,No,No,COMP_NO,No
7053,565434097772,29_10_2024,No,No,No,No,COMP_NO,No
7054,565434106131,29_10_2024,No,No,No,No,COMP_NO,No
7055,565434106492,29_10_2024,No,No,No,No,COMP_NO,No
7056,565434120696,29_10_2024,No,Yes,No,Yes,COMP_NO,No
7057,565434136450,29_10_2024,No,No,No,No,COMP_NO,No
7058,565434139742,29_10_2024,No,No,No,No,COMP_NO,No
7059,565434145653,29_10_2024,No,No,No,No,COMP_NO,No
7060,565434146440,29_10_2024,No,No,No,No,COMP_NO,No
7061,565434177518,29_10_2024,No,No,No,No,COMP_NO,No
7062,565434182029,29_10_2024,No,No,No,No,COMP_NO,No
7063,565434225410,29_10_2024,No,Yes,No,Yes,COMP_NO,No
7064,565434227900,29_10_2024,No,No,No,No,COMP_NO,No
7065,565434231443,29_10_2024,No,No,No,No,COMP_NO,No
7066,565434241654,29_10_2024,No,Yes,No,No,COMP_CH,Yes
7067,565434275999,29_10_2024,No,Yes,No,No,COMP_NO,No
7068,565434279101,29_10_2024,No,No,No,No,COMP_NO,No
7069,565434317081,29_10_2024,Yes,Yes,No,Yes,COMP_NO,Yes
7070,565434317243,29_10_2024,No,No,No,No,COMP_NO,No
7071,565434352266,29_10_2024,No,No,No,No,COMP_NO,No
7072,565434386447,29_10_2024,No,No,No,No,COMP_NO,No
7073,565595649583,30_10_2024,No,No,No,No,COMP_NO,No
7074,565595657960,30_10_2024,No,No,No,No,COMP_NO,No
7075,565595667379,30_10_2024,No,No,No,No,COMP_NO,No
7076,565595669831,30_10_2024,No,No,No,No,COMP_NO,No
7077,565595671615,30_10_2024,No,No,No,No,COMP_NO,No
7078,565595684136,30_10_2024,No,No,No,No,COMP_NO,No
7079,565595701355,30_10_2024,No,No,No,No,COMP_NO,No
7080,565595702422,30_10_2024,No,Yes,No,Yes,COMP_SM,Yes
7081,565595704341,30_10_2024,No,No,No,No,COMP_NO,No
7082,565595718772,30_10_2024,No,No,No,No,COMP_NO,No
7083,565595730475,30_10_2024,No,No,No,No,COMP_NO,No
7084,565595731797,30_10_2024,No,No,No,No,COMP_NO,No
7085,565595733313,30_10_2024,No,No,No,No,COMP_NO,No
7086,565595743793,30_10_2024,No,Yes,No,No,COMP_NO,No
7087,565595751310,30_10_2024,No,No,No,No,COMP_NO,No
7088,565595753163,30_10_2024,No,Yes,No,Yes,COMP_NO,No
7089,565595754174,30_10_2024,No,Yes,No,Yes,COMP_NO,No
7090,565595771286,30_10_2024,No,Yes,No,Yes,COMP_NO,No
7091,565595776743,30_10_2024,No,No,No,No,COMP_NO,No
7092,565595801770,30_10_2024,Yes,No,No,No,COMP_SA,Yes
7093,565595804335,30_10_2024,No,No,No,No,COMP_NO,No
7094,565595807052,30_10_2024,No,No,No,No,COMP_NO,No
7095,565595815421,30_10_2024,No,No,No,No,COMP_NO,No
7096,565595817015,30_10_2024,No,No,No,No,COMP_NO,No
7097,565595832863,30_10_2024,No,No,No,No,COMP_NO,No
7098,565595849104,30_10_2024,No,No,No,No,COMP_NO,No
7099,565595849898,30_10_2024,No,No,No,No,COMP_NO,No
7100,565595863597,30_10_2024,No,No,No,No,COMP_CH,Yes
7101,565595864570,30_10_2024,No,No,No,No,COMP_NO,No
7102,565595902503,30_10_2024,No,No,No,No,COMP_NO,No
7103,565595909820,30_10_2024,No,No,No,No,COMP_NO,No
7104,565595945260,30_10_2024,No,No,No,No,COMP_NO,No
7105,565595964654,30_10_2024,No,No,No,No,COMP_NO,No
7106,565595968616,30_10_2024,No,No,No,No,COMP_NO,No
7107,565595974637,30_10_2024,No,No,No,No,COMP_NO,No
7108,565595977039,30_10_2024,No,No,No,No,COMP_NO,No
7109,565595978649,30_10_2024,No,No,No,No,COMP_NO,No
7110,565596002929,30_10_2024,No,No,No,No,COMP_NO,No
7111,565596004165,30_10_2024,No,No,No,No,COMP_NO,No
7112,565596008565,30_10_2024,No,No,No,No,COMP_NO,No
7113,565596027556,30_10_2024,No,No,No,No,COMP_NO,No
7114,565596043885,30_10_2024,No,No,No,No,COMP_NO,No
7115,565596044326,30_10_2024,No,No,No,No,COMP_NO,No
7116,565596084885,30_10_2024,No,No,No,No,COMP_NO,No
7117,565596085503,30_10_2024,No,No,No,No,COMP_NO,No
7118,565596159369,30_10_2024,No,No,No,No,COMP_NO,No
7119,565596179059,30_10_2024,No,No,No,No,COMP_NO,No
7120,565596179166,30_10_2024,No,No,No,No,COMP_NO,No
7121,565597275945,01_11_2024,Yes,Yes,No,Yes,COMP_ST,Yes
7122,565597300504,01_11_2024,No,No,No,No,COMP_NO,No
7123,565597310653,01_11_2024,No,No,No,No,COMP_NO,No
7124,565597311264,01_11_2024,No,No,No,No,COMP_NO,No
7125,565597339338,01_11_2024,No,No,No,No,COMP_NO,No
7126,565597343217,01_11_2024,No,No,No,No,COMP_NO,No
7127,564232579956,07_10_2024,No,Yes,No,Yes,COMP_CO,Yes
7128,564232597476,07_10_2024,No,No,No,No,COMP_NO,No
7129,564232815474,07_10_2024,No,No,No,No,COMP_NO,No
7130,564232817595,07_10_2024,No,No,No,No,COMP_NO,No
7131,564232821658,07_10_2024,No,No,No,No,COMP_NO,No
7132,564233323766,08_10_2024,No,No,No,No,COMP_NO,No
7133,564233341768,08_10_2024,No,No,No,No,COMP_NO,No
7134,564233348406,08_10_2024,No,No,No,No,COMP_NO,No
7135,564233352507,08_10_2024,No,No,No,No,COMP_NO,No
7136,564233354453,08_10_2024,No,No,No,No,COMP_NO,No
7137,564233367833,08_10_2024,No,No,No,No,COMP_NO,No
7138,564233464446,08_10_2024,No,No,No,No,COMP_NO,No
7139,564233466344,08_10_2024,No,No,No,No,COMP_NO,No
7140,564233473372,08_10_2024,No,No,No,No,COMP_NO,No
7141,564233698875,08_10_2024,No,No,No,No,COMP_NO,No
7142,564234090806,09_10_2024,Yes,Yes,No,Yes,COMP_CO,Yes
7143,564234232369,09_10_2024,No,No,No,No,COMP_NO,No
7144,564234261602,09_10_2024,No,No,No,No,COMP_NO,No
7145,564234263616,09_10_2024,No,No,No,No,COMP_NO,No
7146,564234283329,09_10_2024,No,No,No,No,COMP_NO,No
7147,564234286611,09_10_2024,No,No,No,No,COMP_NO,No
7148,564234293981,09_10_2024,No,No,No,No,COMP_NO,No
7149,564234343219,09_10_2024,No,No,No,No,COMP_NO,No
7150,564234348756,09_10_2024,No,No,No,No,COMP_NO,No
7151,564234374662,09_10_2024,No,No,No,No,COMP_NO,No
7152,564234374677,09_10_2024,No,No,No,No,COMP_NO,No
7153,564234411953,09_10_2024,No,Yes,No,Yes,COMP_NO,No
7154,564234426483,09_10_2024,No,Yes,No,Yes,COMP_CO,Yes
7155,564234427701,09_10_2024,No,No,No,No,COMP_NO,No
7156,564234522212,09_10_2024,No,Yes,No,Yes,COMP_NO,No
7157,564374819468,10_10_2024,No,Yes,No,Yes,COMP_NO,No
7158,564374841710,10_10_2024,No,Yes,No,No,COMP_CH,Yes
7159,564374846063,10_10_2024,No,No,No,No,COMP_NO,No
7160,564374872136,10_10_2024,No,Yes,No,No,COMP_IP,Yes
7161,564374874465,10_10_2024,No,Yes,No,Yes,COMP_NO,No
7162,564374924995,10_10_2024,No,No,No,No,COMP_NO,No
7163,564374944713,10_10_2024,No,No,No,No,COMP_NO,No
7164,564374955672,10_10_2024,No,No,No,No,COMP_NO,No
7165,564374962239,10_10_2024,No,No,No,No,COMP_NO,No
7166,564374966408,10_10_2024,No,No,No,No,COMP_NO,No
7167,564374969500,10_10_2024,Yes,Yes,No,No,COMP_SA,Yes
7168,564374974824,10_10_2024,No,No,No,No,COMP_NO,No
7169,564375036531,10_10_2024,No,No,No,No,COMP_NO,No
7170,564375057820,10_10_2024,No,No,No,No,COMP_NO,No
7171,564375065201,10_10_2024,No,No,No,No,COMP_NO,No
7172,564375075423,10_10_2024,No,No,No,No,COMP_NO,No
7173,564375081060,10_10_2024,No,No,No,No,COMP_NO,No
7174,564375090471,10_10_2024,No,No,No,No,COMP_NO,No
7175,564375115329,10_10_2024,No,No,No,No,COMP_NO,No
7176,564375119463,10_10_2024,No,No,No,No,COMP_NO,No
7177,564375130794,10_10_2024,No,No,No,No,COMP_NO,No
7178,564375139942,10_10_2024,No,No,No,No,COMP_NO,No
7179,564375152432,10_10_2024,No,No,No,No,COMP_NO,No
7180,564375155571,10_10_2024,No,No,No,No,COMP_NO,No
7181,564375178937,10_10_2024,No,No,No,No,COMP_NO,No
7182,564375182876,10_10_2024,No,Yes,No,Yes,COMP_NO,No
7183,564375189332,10_10_2024,No,No,No,No,COMP_NO,No
7184,564375199422,10_10_2024,No,No,No,No,COMP_NO,No
7185,564375209845,10_10_2024,No,Yes,No,No,COMP_CH,Yes
7186,564375245029,10_10_2024,No,No,No,No,COMP_NO,No
7187,564375247000,10_10_2024,No,No,No,No,COMP_NO,No
7188,564375251226,10_10_2024,No,No,No,No,COMP_NO,No
7189,564375284338,10_10_2024,No,No,No,No,COMP_NO,No
7190,564375299566,10_10_2024,No,No,No,No,COMP_NO,No
7191,564375308526,10_10_2024,No,Yes,No,No,COMP_NO,No
7192,564375320799,10_10_2024,No,Yes,No,No,COMP_NO,No
7193,564375321549,10_10_2024,No,No,No,No,COMP_NO,No
7194,564375351297,10_10_2024,No,No,No,No,COMP_NO,No
7195,564375363742,10_10_2024,No,No,No,No,COMP_NO,No
7196,564375370018,10_10_2024,No,No,No,No,COMP_NO,No
7197,564375374929,10_10_2024,No,No,No,No,COMP_NO,No
7198,564375375835,10_10_2024,No,Yes,No,Yes,COMP_CO,Yes
7199,564375383692,10_10_2024,No,No,No,No,COMP_NO,No
7200,564375384992,10_10_2024,No,No,No,No,COMP_NO,No
7201,564375406701,10_10_2024,No,No,No,No,COMP_NO,No
7202,564375587636,11_10_2024,No,No,No,No,COMP_NO,No
7203,564375588961,11_10_2024,No,No,No,No,COMP_NO,No
7204,564375590094,11_10_2024,No,No,No,No,COMP_NO,No
7205,564375590129,11_10_2024,No,No,No,No,COMP_NO,No
7206,564375599816,11_10_2024,No,No,No,No,COMP_NO,No
7207,564375601357,11_10_2024,No,No,No,No,COMP_NO,No
7208,564375641628,11_10_2024,No,Yes,No,Yes,COMP_NO,No
7209,564375670085,11_10_2024,No,No,No,No,COMP_NO,No
7210,564375675448,11_10_2024,No,No,No,No,COMP_NO,No
7211,564375692994,11_10_2024,No,No,No,No,COMP_NO,No
7212,564375711260,11_10_2024,No,No,No,No,COMP_NO,No
7213,564375732225,11_10_2024,No,No,No,No,COMP_NO,No
7214,564375744152,11_10_2024,No,No,No,No,COMP_NO,No
7215,564375747952,11_10_2024,No,No,No,No,COMP_NO,No
7216,564375762228,11_10_2024,No,No,No,No,COMP_NO,No
7217,564375763131,11_10_2024,No,No,No,No,COMP_NO,No
7218,564375776480,11_10_2024,No,No,No,No,COMP_NO,No
7219,564375779983,11_10_2024,No,No,No,No,COMP_NO,No
7220,564375780332,11_10_2024,No,No,No,No,COMP_NO,No
7221,564375780857,11_10_2024,No,No,No,No,COMP_NO,No
7222,564375787820,11_10_2024,No,No,No,No,COMP_NO,No
7223,564375798613,11_10_2024,No,No,No,No,COMP_NO,No
7224,564375801284,11_10_2024,No,No,No,No,COMP_NO,No
7225,564375816473,11_10_2024,No,No,No,No,COMP_NO,No
7226,564375834398,11_10_2024,No,No,No,No,COMP_NO,No
7227,564375841005,11_10_2024,No,No,No,No,COMP_NO,No
7228,564375842028,11_10_2024,No,No,No,No,COMP_NO,No
7229,564375843795,11_10_2024,Yes,Yes,No,Yes,COMP_CO,Yes
7230,564375849773,11_10_2024,No,No,No,No,COMP_NO,No
7231,564375864951,11_10_2024,No,No,No,No,COMP_NO,No
7232,564375866233,11_10_2024,No,Yes,No,Yes,COMP_NO,No
7233,564375866629,11_10_2024,No,No,No,No,COMP_NO,No
7234,564375884103,11_10_2024,No,No,No,No,COMP_NO,No
7235,564375895926,11_10_2024,No,No,No,No,COMP_NO,No
7236,564375900306,11_10_2024,No,No,No,No,COMP_NO,No
7237,564375906704,11_10_2024,No,No,No,No,COMP_NO,No
7238,565227807649,24_10_2024,No,Yes,No,Yes,COMP_CO,Yes
7239,565433144893,28_10_2024,No,No,No,No,COMP_NO,No
7240,565433397041,28_10_2024,No,No,No,No,COMP_SM,Yes
7241,565433458467,28_10_2024,No,No,No,No,COMP_CO,Yes
7242,565433460883,28_10_2024,No,No,No,No,COMP_NO,No
7243,565433755554,29_10_2024,No,No,No,No,COMP_NO,No
7244,565433845987,29_10_2024,No,No,No,No,COMP_NO,No
7245,565433847922,29_10_2024,No,No,No,No,COMP_NO,No
7246,565433853186,29_10_2024,No,No,No,No,COMP_NO,No
7247,565433858144,29_10_2024,No,Yes,No,Yes,COMP_NO,No
7248,565433863377,29_10_2024,No,Yes,No,Yes,COMP_NO,No
7249,565433918212,29_10_2024,No,Yes,No,Yes,COMP_CH,Yes
7250,565434033318,29_10_2024,No,Yes,No,Yes,COMP_NO,No
7251,565434122090,29_10_2024,No,No,No,No,COMP_NO,No
7252,565434154955,29_10_2024,No,No,No,No,COMP_NO,No
7253,565434333286,29_10_2024,No,No,No,No,COMP_NO,No
7254,565434361398,29_10_2024,No,No,No,No,COMP_NO,No
7255,565434363355,29_10_2024,No,No,No,No,COMP_NO,No
7256,565434374987,29_10_2024,No,No,No,No,COMP_NO,No
7257,565434388367,29_10_2024,Yes,Yes,No,Yes,COMP_CO,Yes
7258,565595713480,30_10_2024,No,No,No,No,COMP_NO,No
7259,565595718874,30_10_2024,No,No,No,No,COMP_NO,No
7260,565595737883,30_10_2024,No,No,No,No,COMP_NO,No
7261,565595754455,30_10_2024,No,Yes,No,Yes,COMP_NO,No
7262,565595758312,30_10_2024,No,No,No,No,COMP_NO,No
7263,565595761381,30_10_2024,No,No,No,No,COMP_NO,No
7264,565595783095,30_10_2024,No,No,No,No,COMP_NO,No
7265,565595826818,30_10_2024,No,Yes,No,No,COMP_NO,No
7266,565595837138,30_10_2024,No,No,No,No,COMP_NO,No
7267,565595841275,30_10_2024,No,No,No,No,COMP_NO,No
7268,565595843907,30_10_2024,No,No,No,No,COMP_NO,No
7269,565595844249,30_10_2024,No,No,No,No,COMP_NO,No
7270,565595852503,30_10_2024,No,Yes,No,No,COMP_NO,No
7271,565595857407,30_10_2024,No,No,No,No,COMP_NO,No
7272,565595859918,30_10_2024,No,No,No,No,COMP_NO,No
7273,565595860088,30_10_2024,No,No,No,No,COMP_NO,No
7274,565595865739,30_10_2024,No,Yes,No,Yes,COMP_NO,No
7275,565595884114,30_10_2024,No,Yes,No,Yes,COMP_CH,Yes
7276,565595892633,30_10_2024,No,No,No,No,COMP_NO,No
7277,565595896510,30_10_2024,No,No,No,No,COMP_NO,No
7278,565595919481,30_10_2024,No,No,No,No,COMP_NO,No
7279,565595949984,30_10_2024,No,Yes,No,Yes,COMP_CH,Yes
7280,565595988222,30_10_2024,No,Yes,No,Yes,COMP_NO,No
7281,565596009241,30_10_2024,No,No,No,No,COMP_NO,No
7282,565596027802,30_10_2024,No,No,No,No,COMP_NO,No
7283,565596030706,30_10_2024,No,Yes,No,No,COMP_CH,Yes
7284,565596046947,30_10_2024,No,No,No,No,COMP_NO,No
7285,565596052956,30_10_2024,No,No,No,No,COMP_NO,No
7286,565596058273,30_10_2024,No,No,No,No,COMP_NO,No
7287,565596085724,30_10_2024,No,No,No,No,COMP_NO,No
7288,565596113459,30_10_2024,No,No,No,No,COMP_NO,No
7289,565596116827,30_10_2024,No,No,No,No,COMP_NO,No
7290,565596120270,30_10_2024,No,No,No,No,COMP_NO,No
7291,565596146052,30_10_2024,No,No,No,Yes,COMP_NO,No
7292,565596166224,30_10_2024,No,No,No,No,COMP_NO,No
7293,565596172905,30_10_2024,No,No,No,No,COMP_NO,No
7294,565596204324,30_10_2024,No,No,No,No,COMP_NO,No
7295,565596207037,30_10_2024,No,No,No,No,COMP_NO,No
7296,565596217232,30_10_2024,Yes,Yes,No,Yes,COMP_CH,Yes
7297,565596241996,30_10_2024,No,No,No,No,COMP_NO,No
7298,565597300529,01_11_2024,No,No,No,No,COMP_NO,No
7299,565597300653,01_11_2024,No,No,No,No,COMP_NO,No
7300,565597302049,01_11_2024,No,No,No,No,COMP_NO,No
7301,565597312820,01_11_2024,No,No,No,No,COMP_NO,No
7302,565597316121,01_11_2024,No,No,No,No,COMP_NO,No
7303,565597347003,01_11_2024,Yes,No,No,No,COMP_NO,Yes
7304,565597347453,01_11_2024,No,No,No,No,COMP_NO,No
7305,565597348761,01_11_2024,No,No,No,No,COMP_NO,No
7306,565597353127,01_11_2024,No,No,No,No,COMP_NO,No
7307,565597362083,01_11_2024,No,No,No,No,COMP_NO,No
7308,565597362385,01_11_2024,No,No,No,No,COMP_NO,No
7309,565597392003,01_11_2024,No,No,No,No,COMP_NO,No
7310,565597395319,01_11_2024,No,No,No,No,COMP_NO,No
7311,565597396091,01_11_2024,No,No,No,No,COMP_NO,No
7312,565597397087,01_11_2024,No,No,No,No,COMP_NO,No
7313,565597424326,01_11_2024,Yes,Yes,No,Yes,COMP_AC,Yes
7314,565597425010,01_11_2024,No,No,No,No,COMP_NO,No
7315,565597430363,01_11_2024,No,No,No,No,COMP_NO,No
7316,565597448518,01_11_2024,No,No,No,No,COMP_NO,No
7317,565597475446,01_11_2024,No,No,No,No,COMP_NO,No
7318,565597495419,01_11_2024,No,No,No,No,COMP_NO,No
7319,565597527985,01_11_2024,No,No,No,No,COMP_NO,No
7320,589777548737,01_11_2024,No,No,No,No,COMP_NO,No
7321,589777555217,01_11_2024,No,No,No,No,COMP_NO,No
7322,589777573866,01_11_2024,No,No,No,No,COMP_NO,No
7323,589777584389,01_11_2024,No,No,No,No,COMP_NO,No
7324,589777591965,01_11_2024,No,No,No,No,COMP_NO,No
7325,589777608807,01_11_2024,No,Yes,No,No,COMP_NO,No
7326,589777632241,01_11_2024,No,No,No,No,COMP_NO,No
7327,589777639640,01_11_2024,No,No,No,No,COMP_NO,No
7328,589777655034,01_11_2024,No,Yes,No,No,COMP_NO,No
7329,589777728403,01_11_2024,No,No,No,No,COMP_NO,No
7330,589777745959,01_11_2024,No,No,No,No,COMP_NO,No
7331,589777814568,01_11_2024,No,No,No,No,COMP_NO,No
7332,589777879601,01_11_2024,No,No,No,No,COMP_NO,No
7333,589778908368,04_11_2024,No,No,No,No,COMP_NO,No
7334,564232597498,07_10_2024,No,No,No,No,COMP_NO,No
7335,564233371680,08_10_2024,No,No,No,No,COMP_NO,No
7336,564233372207,08_10_2024,No,No,No,No,COMP_NO,No
7337,564233382842,08_10_2024,No,No,No,No,COMP_NO,No
7338,564233475643,08_10_2024,No,No,No,No,COMP_NO,No
7339,564233526536,08_10_2024,Yes,Yes,No,Yes,COMP_CH,Yes
7340,564233552733,08_10_2024,No,No,No,No,COMP_NO,No
7341,564233699404,08_10_2024,No,No,No,No,COMP_NO,No
7342,564233700416,08_10_2024,No,No,No,No,COMP_NO,No
7343,564234232717,09_10_2024,No,Yes,No,Yes,COMP_NO,No
7344,564234300019,09_10_2024,No,No,No,No,COMP_NO,No
7345,564234413287,09_10_2024,No,Yes,No,Yes,COMP_CH,Yes
7346,564234429690,09_10_2024,No,No,No,No,COMP_NO,No
7347,564234525500,09_10_2024,No,Yes,No,Yes,COMP_NO,No
7348,564374803625,10_10_2024,No,Yes,No,No,COMP_CH,Yes
7349,564374822679,10_10_2024,No,Yes,No,Yes,COMP_NO,No
7350,564374823710,10_10_2024,No,No,No,No,COMP_NO,No
7351,564374848451,10_10_2024,No,No,No,No,COMP_NO,No
7352,564374850368,10_10_2024,No,Yes,No,Yes,COMP_BN,Yes
7353,564374853419,10_10_2024,No,No,No,No,COMP_NO,No
7354,564374863922,10_10_2024,No,Yes,No,Yes,COMP_NO,No
7355,564374882547,10_10_2024,No,No,No,No,COMP_NO,No
7356,564374929521,10_10_2024,Yes,Yes,No,Yes,COMP_AC,Yes
7357,564374929573,10_10_2024,No,No,No,No,COMP_NO,No
7358,564374994845,10_10_2024,No,Yes,No,Yes,COMP_MI,Yes
7359,564374995955,10_10_2024,No,No,No,No,COMP_NO,No
7360,564374995964,10_10_2024,No,No,No,No,COMP_NO,No
7361,564375041410,10_10_2024,No,No,No,No,COMP_NO,No
7362,564375096995,10_10_2024,No,No,No,No,COMP_NO,No
7363,564375124180,10_10_2024,No,No,No,No,COMP_NO,No
7364,564375126812,10_10_2024,No,No,No,No,COMP_NO,No
7365,564375129328,10_10_2024,No,No,No,No,COMP_NO,No
7366,564375140067,10_10_2024,No,No,No,No,COMP_NO,No
7367,564375142907,10_10_2024,No,No,No,No,COMP_NO,No
7368,564375156329,10_10_2024,No,No,No,No,COMP_NO,No
7369,564375184195,10_10_2024,No,No,No,No,COMP_NO,No
7370,564375215519,10_10_2024,No,Yes,No,No,COMP_NO,No
7371,564375225371,10_10_2024,No,No,No,No,COMP_NO,No
7372,564375229292,10_10_2024,No,No,No,No,COMP_NO,No
7373,564375263195,10_10_2024,No,No,No,No,COMP_NO,No
7374,564375265512,10_10_2024,No,No,No,Yes,COMP_NO,No
7375,564375389572,10_10_2024,No,No,No,No,COMP_NO,No
7376,564375416708,10_10_2024,No,No,No,No,COMP_NO,No
7377,564375416972,10_10_2024,No,No,No,No,COMP_NO,No
7378,564375437370,10_10_2024,No,No,No,No,COMP_NO,No
7379,564375573087,11_10_2024,No,No,No,No,COMP_NO,No
7380,564375591033,11_10_2024,No,Yes,No,Yes,COMP_AQ,Yes
7381,564375602598,11_10_2024,Yes,Yes,No,No,COMP_AL,Yes
7382,564375605849,11_10_2024,No,No,No,No,COMP_NO,No
7383,564375648046,11_10_2024,No,No,No,No,COMP_NO,No
7384,564375648895,11_10_2024,No,No,No,No,COMP_NO,No
7385,564375679887,11_10_2024,No,No,No,No,COMP_NO,No
7386,564375699314,11_10_2024,Yes,No,No,No,COMP_NO,Yes
7387,564375711533,11_10_2024,No,Yes,No,Yes,COMP_CH,Yes
7388,564375735141,11_10_2024,No,No,No,No,COMP_NO,No
7389,564375736370,11_10_2024,No,No,No,No,COMP_NO,No
7390,564375738071,11_10_2024,No,No,No,No,COMP_NO,No
7391,564375750522,11_10_2024,No,No,No,No,COMP_NO,No
7392,564375781853,11_10_2024,No,No,No,No,COMP_NO,No
7393,564375784462,11_10_2024,No,No,No,No,COMP_NO,No
7394,564375785633,11_10_2024,No,No,No,No,COMP_NO,No
7395,564375791175,11_10_2024,No,No,No,No,COMP_NO,No
7396,564375793513,11_10_2024,No,No,No,No,COMP_NO,No
7397,564375812463,11_10_2024,No,No,No,No,COMP_NO,No
7398,564375818642,11_10_2024,No,No,No,No,COMP_NO,No
7399,564375827410,11_10_2024,No,No,No,No,COMP_NO,No
7400,564375831047,11_10_2024,No,No,No,No,COMP_NO,No
7401,564375848708,11_10_2024,No,No,No,No,COMP_NO,No
7402,564375851069,11_10_2024,No,No,No,No,COMP_NO,No
7403,564375871163,11_10_2024,No,No,No,No,COMP_NO,No
7404,564375873126,11_10_2024,No,No,No,No,COMP_NO,No
7405,564375888161,11_10_2024,No,No,No,No,COMP_NO,No
7406,564375891687,11_10_2024,No,No,No,No,COMP_NO,No
7407,564375900626,11_10_2024,No,No,No,No,COMP_NO,No
7408,564375900959,11_10_2024,No,No,No,No,COMP_NO,No
7409,564375908436,11_10_2024,No,No,No,No,COMP_NO,No
7410,564375915673,11_10_2024,No,No,No,No,COMP_NO,No
7411,564375927842,11_10_2024,No,No,No,No,COMP_NO,No
7412,564375929210,11_10_2024,No,No,No,No,COMP_NO,No
7413,564375938118,11_10_2024,No,No,No,No,COMP_NO,No
7414,564375941437,11_10_2024,No,No,No,No,COMP_NO,No
7415,564375963616,11_10_2024,No,No,No,No,COMP_NO,No
7416,564375965914,11_10_2024,No,No,No,No,COMP_NO,No
7417,564375993917,11_10_2024,No,No,No,No,COMP_NO,No
7418,564375997950,11_10_2024,No,No,No,No,COMP_NO,No
7419,564376043935,11_10_2024,No,No,No,No,COMP_NO,No
7420,564376046085,11_10_2024,No,No,No,No,COMP_NO,No
7421,564376061665,11_10_2024,No,No,No,No,COMP_NO,No
7422,564376106680,11_10_2024,No,No,No,No,COMP_NO,No
7423,564376108864,11_10_2024,No,No,No,No,COMP_NO,No
7424,564376110347,11_10_2024,No,No,No,No,COMP_NO,No
7425,564376117274,11_10_2024,No,No,No,No,COMP_NO,No
7426,564376123458,11_10_2024,No,No,No,No,COMP_NO,No
7427,564376142244,11_10_2024,No,No,No,No,COMP_NO,No
7428,564376145684,11_10_2024,No,No,No,No,COMP_NO,No
7429,564542019223,14_10_2024,No,No,No,No,COMP_NO,No
7430,564542129703,14_10_2024,No,No,No,No,COMP_NO,No
7431,564542161834,14_10_2024,No,No,No,No,COMP_NO,No
7432,565433287882,28_10_2024,No,No,No,No,COMP_NO,No
7433,565433865769,29_10_2024,No,Yes,No,Yes,COMP_NO,No
7434,565433887361,29_10_2024,No,Yes,No,Yes,COMP_PQ,Yes
7435,565433888414,29_10_2024,No,No,No,No,COMP_NO,No
7436,565433962311,29_10_2024,No,No,No,No,COMP_NO,No
7437,565433962567,29_10_2024,No,No,No,No,COMP_NO,No
7438,565434155050,29_10_2024,No,No,No,No,COMP_NO,No
7439,565434365282,29_10_2024,No,No,No,No,COMP_NO,No
7440,565434396591,29_10_2024,No,Yes,No,No,COMP_NO,No
7441,565595763291,30_10_2024,No,No,No,No,COMP_NO,No
7442,565595763393,30_10_2024,No,No,No,No,COMP_NO,No
7443,565595787643,30_10_2024,No,No,No,No,COMP_NO,No
7444,565595845852,30_10_2024,No,No,No,No,COMP_NO,No
7445,565595874086,30_10_2024,No,No,No,No,COMP_NO,No
7446,565595877643,30_10_2024,No,No,No,No,COMP_NO,No
7447,565595898698,30_10_2024,No,No,No,No,COMP_NO,No
7448,565595926809,30_10_2024,No,No,No,No,COMP_NO,No
7449,565595927771,30_10_2024,No,No,No,No,COMP_NO,No
7450,565595930032,30_10_2024,No,No,No,No,COMP_NO,No
7451,565595934360,30_10_2024,No,No,No,No,COMP_NO,No
7452,565595988910,30_10_2024,No,No,No,No,COMP_NO,No
7453,565595991564,30_10_2024,No,No,No,No,COMP_NO,No
7454,565596033569,30_10_2024,No,No,No,No,COMP_NO,No
7455,565596043587,30_10_2024,No,No,No,No,COMP_NO,No
7456,565596065215,30_10_2024,No,Yes,No,Yes,COMP_NO,No
7457,565596074828,30_10_2024,No,No,No,No,COMP_NO,No
7458,565596076838,30_10_2024,No,No,No,No,COMP_NO,No
7459,565596091811,30_10_2024,No,No,No,No,COMP_NO,No
7460,565596147671,30_10_2024,No,No,No,No,COMP_NO,No
7461,565596149063,30_10_2024,No,No,No,No,COMP_NO,No
7462,565596219149,30_10_2024,No,No,No,No,COMP_NO,No
7463,565597290892,01_11_2024,No,No,No,No,COMP_NO,No
7464,565597307412,01_11_2024,No,No,No,No,COMP_NO,No
7465,565597316536,01_11_2024,No,No,No,No,COMP_NO,No
7466,565597318445,01_11_2024,No,No,No,No,COMP_NO,No
7467,565597318525,01_11_2024,No,No,No,No,COMP_NO,No
7468,565597322824,01_11_2024,No,No,No,No,COMP_NO,No
7469,565597354217,01_11_2024,No,No,No,No,COMP_NO,No
7470,565597359759,01_11_2024,No,No,No,No,COMP_NO,No
7471,565597365808,01_11_2024,No,No,No,No,COMP_NO,No
7472,565597366182,01_11_2024,No,No,No,No,COMP_NO,No
7473,565597379354,01_11_2024,No,Yes,No,Yes,COMP_NO,No
7474,565597413985,01_11_2024,No,No,No,No,COMP_NO,No
7475,565597416940,01_11_2024,No,Yes,No,Yes,COMP_NO,No
7476,565597433483,01_11_2024,No,No,No,No,COMP_NO,No
7477,565597436023,01_11_2024,No,Yes,No,No,COMP_NO,No
7478,565597448572,01_11_2024,No,No,No,No,COMP_NO,No
7479,565597496515,01_11_2024,No,No,No,Yes,COMP_NO,No
7480,565597496754,01_11_2024,No,No,No,No,COMP_NO,No
7481,565597529187,01_11_2024,No,No,No,No,COMP_NO,No
7482,565597531713,01_11_2024,No,No,No,No,COMP_NO,No
7483,565597532353,01_11_2024,No,No,No,No,COMP_NO,No
7484,589777558690,01_11_2024,No,No,No,No,COMP_NO,No
7485,589777559863,01_11_2024,No,No,No,No,COMP_NO,No
7486,589777592120,01_11_2024,No,Yes,No,Yes,COMP_NO,Yes
7487,589777615152,01_11_2024,No,No,No,No,COMP_NO,No
7488,589777644013,01_11_2024,No,No,No,No,COMP_NO,No
7489,589777648266,01_11_2024,Yes,Yes,No,No,COMP_NO,Yes
7490,589777649290,01_11_2024,No,No,No,No,COMP_NO,No
7491,589777649989,01_11_2024,No,Yes,No,Yes,COMP_NO,No
7492,589777682337,01_11_2024,No,Yes,No,Yes,COMP_NO,No
7493,589777682829,01_11_2024,No,No,No,No,COMP_NO,No
7494,589777683287,01_11_2024,No,No,No,No,COMP_NO,No
7495,589777683498,01_11_2024,No,No,No,No,COMP_NO,No
7496,589777701103,01_11_2024,No,Yes,No,Yes,COMP_NO,No
7497,589777717872,01_11_2024,No,No,No,No,COMP_NO,No
7498,589777719353,01_11_2024,No,No,No,No,COMP_NO,No
7499,589777728978,01_11_2024,No,No,No,No,COMP_NO,No
7500,589777733763,01_11_2024,No,No,No,No,COMP_NO,No
7501,589777772604,01_11_2024,No,No,No,No,COMP_NO,No
7502,589777825283,01_11_2024,No,No,No,No,COMP_NO,No
7503,589777829744,01_11_2024,No,No,No,No,COMP_NO,No
7504,589777835907,01_11_2024,No,No,No,No,COMP_NO,No
7505,589777837539,01_11_2024,No,No,No,No,COMP_NO,No
7506,589777838752,01_11_2024,No,No,No,No,COMP_NO,No
7507,589777922411,01_11_2024,No,No,No,No,COMP_NO,No
7508,589778866307,04_11_2024,No,No,No,No,COMP_NO,No
7509,589778868926,04_11_2024,No,No,No,No,COMP_NO,No
7510,589778910356,04_11_2024,No,No,No,No,COMP_NO,No
7511,589778910922,04_11_2024,No,No,No,No,COMP_NO,No
7512,589778937452,04_11_2024,No,No,No,No,COMP_NO,No
7513,589778937936,04_11_2024,No,No,No,No,COMP_NO,No
7514,589778938200,04_11_2024,No,No,No,No,COMP_NO,No
7515,589778959369,04_11_2024,No,No,No,No,COMP_NO,No
7516,589778966067,04_11_2024,No,No,No,No,COMP_NO,No
7517,589778968421,04_11_2024,No,No,No,No,COMP_NO,No
7518,589778994679,04_11_2024,No,No,No,No,COMP_NO,No
7519,589778998623,04_11_2024,No,No,No,No,COMP_NO,No
7520,589779000219,04_11_2024,No,Yes,No,Yes,COMP_NO,No
7521,589779020403,04_11_2024,No,No,No,No,COMP_NO,No
7522,589779022724,04_11_2024,No,No,No,No,COMP_NO,No
7523,589779035063,04_11_2024,No,No,No,No,COMP_NO,No
7524,589779038628,04_11_2024,No,Yes,No,Yes,COMP_NO,No
7525,589779056619,04_11_2024,No,No,No,No,COMP_NO,No
7526,589779075382,04_11_2024,No,No,No,No,COMP_NO,No
7527,589779097529,04_11_2024,No,No,No,No,COMP_NO,No
7528,589779115903,04_11_2024,No,No,No,No,COMP_NO,No
7529,589779133449,04_11_2024,Yes,No,No,No,COMP_SA,Yes
7530,589779178015,04_11_2024,No,No,No,No,COMP_NO,No
7531,589779196898,04_11_2024,No,No,No,No,COMP_NO,No
7532,564233475707,08_10_2024,No,No,No,No,COMP_NO,No
7533,564233558892,08_10_2024,No,No,No,No,COMP_NO,No
7534,564233562128,08_10_2024,No,No,No,No,COMP_NO,No
7535,564234111425,09_10_2024,Yes,Yes,No,Yes,COMP_CO,Yes
7536,564234114677,09_10_2024,No,No,No,No,COMP_NO,No
7537,564234233423,09_10_2024,No,No,No,No,COMP_NO,No
7538,564234233950,09_10_2024,No,No,No,No,COMP_NO,No
7539,564374552930,09_10_2024,No,No,No,No,COMP_NO,No
7540,564374558768,09_10_2024,No,No,No,No,COMP_NO,No
7541,564374830285,10_10_2024,No,No,No,No,COMP_NO,No
7542,564374983928,10_10_2024,No,Yes,No,No,COMP_NO,No
7543,564375145406,10_10_2024,No,No,No,No,COMP_NO,No
7544,564375158147,10_10_2024,No,Yes,No,Yes,COMP_NO,No
7545,564375232293,10_10_2024,No,Yes,No,No,COMP_NO,No
7546,564375239133,10_10_2024,No,No,No,No,COMP_NO,No
7547,564375393753,10_10_2024,No,No,No,No,COMP_NO,No
7548,564375393792,10_10_2024,No,Yes,No,No,COMP_NO,No
7549,564375394433,10_10_2024,No,No,No,No,COMP_NO,No
7550,564375425257,10_10_2024,No,No,No,No,COMP_NO,No
7551,564375577660,11_10_2024,No,No,No,No,COMP_NO,No
7552,564375582694,11_10_2024,No,No,No,No,COMP_NO,No
7553,564375583536,11_10_2024,No,No,No,No,COMP_NO,No
7554,564375592035,11_10_2024,No,Yes,No,Yes,COMP_NO,Yes
7555,564375592613,11_10_2024,No,Yes,No,Yes,COMP_NO,Yes
7556,564375659873,11_10_2024,No,No,No,No,COMP_NO,No
7557,564375661496,11_10_2024,No,No,No,No,COMP_NO,No
7558,564375739037,11_10_2024,No,No,No,No,COMP_NO,No
7559,564375753257,11_10_2024,No,No,No,No,COMP_NO,No
7560,564375767421,11_10_2024,No,Yes,No,Yes,COMP_NO,No
7561,564375786895,11_10_2024,No,No,No,No,COMP_NO,No
7562,564375798470,11_10_2024,No,No,No,No,COMP_NO,No
7563,564375812874,11_10_2024,No,No,No,No,COMP_NO,No
7564,564375815045,11_10_2024,No,No,No,No,COMP_NO,No
7565,564375831884,11_10_2024,No,No,No,No,COMP_NO,No
7566,564375832157,11_10_2024,No,No,No,No,COMP_NO,No
7567,564375853757,11_10_2024,No,No,No,No,COMP_NO,No
7568,564375855188,11_10_2024,No,No,No,No,COMP_NO,No
7569,564375876580,11_10_2024,No,No,No,No,COMP_NO,No
7570,564375892813,11_10_2024,No,No,No,No,COMP_NO,No
7571,564375901970,11_10_2024,No,No,No,No,COMP_NO,No
7572,564375903245,11_10_2024,No,No,No,No,COMP_NO,No
7573,564375909000,11_10_2024,No,No,No,No,COMP_NO,No
7574,564375911063,11_10_2024,No,No,No,No,COMP_NO,No
7575,564375913123,11_10_2024,No,No,No,No,COMP_NO,No
7576,564375917436,11_10_2024,No,No,No,No,COMP_NO,No
7577,564375920262,11_10_2024,No,No,No,No,COMP_NO,No
7578,564375934923,11_10_2024,No,No,No,No,COMP_NO,No
7579,564375935667,11_10_2024,No,No,No,No,COMP_NO,No
7580,564375942363,11_10_2024,No,Yes,No,Yes,COMP_SM,Yes
7581,564375951417,11_10_2024,No,No,No,No,COMP_NO,No
7582,564375954759,11_10_2024,Yes,No,No,No,COMP_SA,Yes
7583,564375974045,11_10_2024,No,No,No,No,COMP_NO,No
7584,564375976685,11_10_2024,No,No,No,No,COMP_NO,No
7585,564376010814,11_10_2024,No,No,No,No,COMP_NO,No
7586,564376021358,11_10_2024,No,No,No,No,COMP_NO,No
7587,564376043472,11_10_2024,No,No,No,No,COMP_NO,No
7588,564376048340,11_10_2024,No,Yes,No,Yes,COMP_NO,No
7589,564376049493,11_10_2024,No,No,No,No,COMP_NO,No
7590,564376051916,11_10_2024,No,Yes,No,Yes,COMP_NO,No
7591,564376063047,11_10_2024,Yes,Yes,No,Yes,COMP_SA,Yes
7592,564376078363,11_10_2024,No,No,No,No,COMP_NO,No
7593,564376089453,11_10_2024,No,No,No,No,COMP_NO,No
7594,564376093995,11_10_2024,No,No,No,No,COMP_NO,No
7595,564376107088,11_10_2024,No,No,No,No,COMP_NO,No
7596,564376115004,11_10_2024,No,No,No,No,COMP_NO,No
7597,564376115811,11_10_2024,No,No,No,No,COMP_NO,No
7598,564376126142,11_10_2024,No,No,No,No,COMP_NO,No
7599,564376149370,11_10_2024,No,No,No,No,COMP_NO,No
7600,564376151365,11_10_2024,No,No,No,No,COMP_NO,No
7601,564376178425,11_10_2024,No,Yes,No,Yes,COMP_CH,Yes
7602,564541998833,14_10_2024,No,No,No,No,COMP_NO,No
7603,564542005158,14_10_2024,No,No,No,No,COMP_NO,No
7604,564542014282,14_10_2024,No,No,No,No,COMP_NO,No
7605,564542020744,14_10_2024,No,Yes,No,No,COMP_NO,No
7606,564542021592,14_10_2024,No,No,No,No,COMP_NO,No
7607,564542040915,14_10_2024,No,No,No,No,COMP_NO,No
7608,564542041895,14_10_2024,No,No,No,No,COMP_NO,No
7609,564542042678,14_10_2024,No,No,No,No,COMP_NO,No
7610,564542063391,14_10_2024,No,No,No,No,COMP_NO,No
7611,564542078474,14_10_2024,No,No,No,No,COMP_NO,No
7612,564542084518,14_10_2024,No,No,No,No,COMP_NO,No
7613,564542085962,14_10_2024,No,No,No,No,COMP_NO,No
7614,564542090798,14_10_2024,No,No,No,No,COMP_NO,No
7615,564542110761,14_10_2024,No,No,No,No,COMP_NO,No
7616,564542113098,14_10_2024,No,No,No,No,COMP_NO,No
7617,564542113833,14_10_2024,No,No,No,No,COMP_NO,No
7618,564542115781,14_10_2024,No,No,No,No,COMP_NO,No
7619,564542131899,14_10_2024,No,No,No,No,COMP_NO,No
7620,564542134000,14_10_2024,No,Yes,No,No,COMP_NO,No
7621,564542142143,14_10_2024,No,No,No,No,COMP_NO,No
7622,564542168406,14_10_2024,No,No,No,No,COMP_NO,No
7623,564542168530,14_10_2024,No,No,No,No,COMP_NO,No
7624,564542169865,14_10_2024,No,Yes,No,No,COMP_NO,No
7625,564542191663,14_10_2024,No,No,No,No,COMP_NO,No
7626,564542192150,14_10_2024,No,No,No,No,COMP_NO,No
7627,564542197584,14_10_2024,No,No,No,No,COMP_NO,No
7628,564542214743,14_10_2024,No,No,No,No,COMP_NO,No
7629,564542215579,14_10_2024,No,No,No,No,COMP_NO,No
7630,564542217985,14_10_2024,No,No,No,No,COMP_NO,No
7631,564542265149,14_10_2024,No,No,No,No,COMP_NO,No
7632,564542290821,14_10_2024,No,No,No,No,COMP_NO,No
7633,564542326101,14_10_2024,No,No,No,No,COMP_NO,No
7634,564542327129,14_10_2024,No,No,No,No,COMP_NO,No
7635,564542379663,14_10_2024,No,No,No,No,COMP_NO,No
7636,564542384526,14_10_2024,No,No,No,No,COMP_NO,No
7637,564542385360,14_10_2024,No,No,No,No,COMP_NO,No
7638,564542387433,14_10_2024,No,No,No,No,COMP_NO,No
7639,564542388843,14_10_2024,No,No,No,No,COMP_NO,No
7640,564542402423,14_10_2024,No,No,No,No,COMP_NO,No
7641,564542409170,14_10_2024,No,Yes,No,Yes,COMP_NO,No
7642,564542450842,14_10_2024,No,No,No,No,COMP_NO,No
7643,564542455958,14_10_2024,No,No,No,No,COMP_NO,No
7644,564542476589,14_10_2024,No,No,No,No,COMP_NO,No
7645,564542549842,14_10_2024,No,No,No,No,COMP_NO,No
7646,564542596613,14_10_2024,No,No,No,No,COMP_NO,No
7647,564542613722,14_10_2024,No,No,No,No,COMP_NO,No
7648,565433288174,28_10_2024,No,No,No,No,COMP_NO,No
7649,565433291977,28_10_2024,No,No,No,No,COMP_NO,No
7650,565433292963,28_10_2024,No,No,No,No,COMP_NO,No
7651,565433890224,29_10_2024,No,No,No,No,COMP_NO,No
7652,565433894158,29_10_2024,No,Yes,No,Yes,COMP_NO,Yes
7653,565433894632,29_10_2024,No,No,No,No,COMP_NO,No
7654,565433979247,29_10_2024,No,Yes,No,Yes,COMP_NO,No
7655,565595595350,30_10_2024,No,Yes,No,Yes,COMP_NO,No
7656,565595596291,30_10_2024,No,No,No,No,COMP_NO,No
7657,565595609865,30_10_2024,No,No,No,No,COMP_NO,No
7658,565595678086,30_10_2024,No,Yes,No,Yes,COMP_CH,Yes
7659,565595846869,30_10_2024,No,Yes,No,Yes,COMP_NO,No
7660,565595872534,30_10_2024,No,Yes,No,Yes,COMP_NO,No
7661,565595877724,30_10_2024,No,Yes,No,Yes,COMP_NO,No
7662,565595899243,30_10_2024,No,No,No,No,COMP_NO,No
7663,565595899764,30_10_2024,No,No,No,No,COMP_NO,No
7664,565595901004,30_10_2024,No,No,No,No,COMP_NO,No
7665,565595935189,30_10_2024,No,Yes,No,Yes,COMP_NO,No
7666,565595955354,30_10_2024,No,No,No,No,COMP_NO,No
7667,565595958877,30_10_2024,No,No,No,No,COMP_NO,No
7668,565595992163,30_10_2024,No,No,No,No,COMP_NO,No
7669,565595993270,30_10_2024,No,No,No,No,COMP_NO,No
7670,565595994577,30_10_2024,No,No,No,No,COMP_NO,No
7671,565595995314,30_10_2024,No,No,No,No,COMP_NO,No
7672,565596024572,30_10_2024,No,No,No,No,COMP_NO,No
7673,565596077210,30_10_2024,No,No,No,No,COMP_NO,No
7674,565596100453,30_10_2024,No,No,No,No,COMP_NO,No
7675,565596125023,30_10_2024,No,No,No,No,COMP_NO,No
7676,565596220151,30_10_2024,No,Yes,No,No,COMP_NO,No
7677,565596243094,30_10_2024,Yes,Yes,No,Yes,COMP_PE,Yes
7678,565596244269,30_10_2024,No,No,No,No,COMP_NO,No
7679,565596260584,30_10_2024,No,No,No,No,COMP_NO,No
7680,565596262414,30_10_2024,No,No,No,No,COMP_NO,No
7681,565597307516,01_11_2024,Yes,Yes,No,No,COMP_CO,Yes
7682,565597369766,01_11_2024,No,No,No,No,COMP_NO,No
7683,565597380398,01_11_2024,No,No,No,No,COMP_NO,No
7684,565597381344,01_11_2024,No,No,No,No,COMP_NO,No
7685,565597449257,01_11_2024,No,No,No,No,COMP_NO,No
7686,565597480964,01_11_2024,No,Yes,No,Yes,COMP_CH,Yes
7687,565597485102,01_11_2024,No,No,No,No,COMP_NO,No
7688,565597500410,01_11_2024,No,No,No,No,COMP_NO,No
7689,565597534881,01_11_2024,No,No,No,No,COMP_NO,No
7690,565597540146,01_11_2024,No,No,No,No,COMP_NO,No
7691,589777547611,01_11_2024,No,No,No,No,COMP_NO,No
7692,589777584555,01_11_2024,No,Yes,No,Yes,COMP_CH,Yes
7693,589777586222,01_11_2024,No,No,No,No,COMP_NO,No
7694,589777599777,01_11_2024,No,No,No,No,COMP_NO,No
7695,589777600091,01_11_2024,No,No,No,No,COMP_NO,No
7696,589777602366,01_11_2024,No,No,No,No,COMP_NO,No
7697,589777605865,01_11_2024,No,No,No,No,COMP_NO,No
7698,589777609188,01_11_2024,No,No,No,No,COMP_NO,No
7699,589777656883,01_11_2024,No,No,No,No,COMP_NO,No
7700,589777660762,01_11_2024,No,No,No,No,COMP_NO,No
7701,589777684300,01_11_2024,No,No,No,No,COMP_NO,No
7702,589777689098,01_11_2024,No,No,No,No,COMP_NO,No
7703,589777720558,01_11_2024,No,No,No,No,COMP_NO,No
7704,589777743218,01_11_2024,No,No,No,No,COMP_NO,No
7705,589777749321,01_11_2024,No,No,No,No,COMP_NO,No
7706,589777776283,01_11_2024,No,No,No,No,COMP_NO,No
7707,589777825761,01_11_2024,No,No,No,No,COMP_NO,No
7708,589777842316,01_11_2024,No,No,No,No,COMP_NO,No
7709,589778840983,04_11_2024,No,No,No,No,COMP_NO,No
7710,589778842354,04_11_2024,No,No,No,No,COMP_NO,No
7711,589778914778,04_11_2024,No,No,No,No,COMP_NO,No
7712,589778942775,04_11_2024,No,No,No,No,COMP_NO,No
7713,589779006008,04_11_2024,No,No,No,No,COMP_NO,No
7714,589779013937,04_11_2024,No,No,No,No,COMP_NO,No
7715,589779033025,04_11_2024,No,No,No,No,COMP_NO,No
7716,589779041966,04_11_2024,No,No,No,No,COMP_NO,No
7717,589779044547,04_11_2024,No,Yes,No,No,COMP_NO,No
7718,589779047873,04_11_2024,No,No,No,No,COMP_NO,No
7719,589779062514,04_11_2024,No,No,No,No,COMP_NO,No
7720,589779078698,04_11_2024,No,No,No,No,COMP_NO,No
7721,589779100322,04_11_2024,No,No,No,No,COMP_NO,No
7722,589779100837,04_11_2024,No,No,No,No,COMP_NO,No
7723,589779115923,04_11_2024,No,No,No,No,COMP_NO,No
7724,589779119724,04_11_2024,No,No,No,No,COMP_NO,No
7725,589779133597,04_11_2024,No,No,No,No,COMP_NO,No
7726,589779137132,04_11_2024,No,No,No,No,COMP_NO,No
7727,589779151600,04_11_2024,No,No,No,No,COMP_NO,No
7728,589779152797,04_11_2024,No,No,No,Yes,COMP_NO,No
7729,589779162031,04_11_2024,No,No,No,No,COMP_NO,No
7730,589779163841,04_11_2024,No,No,No,No,COMP_NO,No
7731,589779169001,04_11_2024,No,Yes,No,Yes,COMP_NO,Yes
7732,589779181164,04_11_2024,No,No,No,Yes,COMP_NO,No
7733,589779184302,04_11_2024,No,No,No,No,COMP_NO,No
7734,589779198168,04_11_2024,No,No,No,No,COMP_NO,No
7735,589779200883,04_11_2024,No,No,No,No,COMP_NO,No
7736,589779202563,04_11_2024,No,No,No,No,COMP_NO,No
7737,589779213617,04_11_2024,No,No,No,No,COMP_NO,No
7738,589779228039,04_11_2024,No,Yes,No,Yes,COMP_CI,Yes
7739,589779235791,04_11_2024,No,No,No,No,COMP_NO,No
7740,589779237562,04_11_2024,No,No,No,No,COMP_NO,No
7741,589779237619,04_11_2024,No,No,No,No,COMP_NO,No
7742,589779260593,04_11_2024,No,No,No,No,COMP_NO,No
7743,589779264966,04_11_2024,No,No,No,No,COMP_NO,No
7744,589779268545,04_11_2024,No,No,No,No,COMP_NO,No
7745,589779272009,04_11_2024,No,No,No,No,COMP_NO,No
7746,589779317098,04_11_2024,No,No,No,No,COMP_NO,No
7747,589779318010,04_11_2024,No,No,No,No,COMP_NO,No
7748,589779318705,04_11_2024,No,No,No,No,COMP_NO,No
7749,589779372116,04_11_2024,No,No,No,No,COMP_NO,No
7750,589779392458,04_11_2024,No,No,No,No,COMP_NO,No
7751,589779417658,04_11_2024,No,No,No,No,COMP_NO,No
7752,589779422573,04_11_2024,No,No,No,No,COMP_NO,No
7753,589779449127,04_11_2024,No,No,No,No,COMP_NO,No
7754,589779542159,04_11_2024,No,No,No,No,COMP_NO,No
7755,564233572044,08_10_2024,No,No,No,No,COMP_NO,No
7756,564233573959,08_10_2024,No,Yes,No,Yes,COMP_HS,Yes
7757,564234119515,09_10_2024,No,No,No,No,COMP_NO,No
7758,564234123205,09_10_2024,No,No,No,No,COMP_NO,No
7759,564374582931,09_10_2024,No,Yes,No,Yes,COMP_CH,Yes
7760,564374585528,09_10_2024,No,No,No,No,COMP_NO,No
7761,564374589235,09_10_2024,No,No,No,No,COMP_NO,No
7762,564374591040,09_10_2024,No,No,No,No,COMP_NO,No
7763,564375682108,11_10_2024,No,No,No,No,COMP_NO,No
7764,564375704875,11_10_2024,No,Yes,No,Yes,COMP_NO,No
7765,564375714328,11_10_2024,No,Yes,No,Yes,COMP_NO,No
7766,564375721753,11_10_2024,No,No,No,Yes,COMP_NO,No
7767,564375753471,11_10_2024,No,Yes,No,No,COMP_CO,Yes
7768,564375754196,11_10_2024,No,No,No,No,COMP_NO,No
7769,564375768813,11_10_2024,No,No,No,No,COMP_NO,No
7770,564375770909,11_10_2024,No,No,No,No,COMP_NO,No
7771,564375855572,11_10_2024,No,No,No,No,COMP_NO,No
7772,564375860166,11_10_2024,No,Yes,No,No,COMP_CH,Yes
7773,564375879949,11_10_2024,No,No,No,No,COMP_NO,No
7774,564375904548,11_10_2024,No,No,No,No,COMP_NO,No
7775,564375905885,11_10_2024,No,No,No,No,COMP_NO,No
7776,564375913582,11_10_2024,No,No,No,No,COMP_NO,No
7777,564375913752,11_10_2024,No,No,No,No,COMP_NO,No
7778,564375920805,11_10_2024,No,Yes,No,Yes,COMP_NO,Yes
7779,564375925643,11_10_2024,No,No,No,No,COMP_NO,No
7780,564376054982,11_10_2024,No,Yes,No,Yes,COMP_NO,No
7781,564376130510,11_10_2024,No,Yes,No,Yes,COMP_NO,No
7782,564376131570,11_10_2024,No,No,No,No,COMP_NO,No
7783,564376132167,11_10_2024,No,No,No,No,COMP_NO,No
7784,564376159368,11_10_2024,No,No,No,No,COMP_NO,No
7785,564376168052,11_10_2024,No,No,No,No,COMP_NO,No
7786,564376184880,11_10_2024,No,No,No,No,COMP_NO,No
7787,564376209593,11_10_2024,No,No,No,No,COMP_NO,No
7788,564542024093,14_10_2024,No,No,No,No,COMP_NO,No
7789,564542035088,14_10_2024,No,No,No,No,COMP_NO,No
7790,564542035377,14_10_2024,No,No,No,No,COMP_NO,No
7791,564542055160,14_10_2024,No,No,No,No,COMP_NO,No
7792,564542079879,14_10_2024,No,No,No,No,COMP_NO,No
7793,564542080637,14_10_2024,No,No,No,No,COMP_NO,No
7794,564542080866,14_10_2024,No,No,No,No,COMP_NO,Yes
7795,564542091404,14_10_2024,No,No,No,No,COMP_NO,No
7796,564542099045,14_10_2024,No,Yes,No,Yes,COMP_NO,No
7797,564542116281,14_10_2024,No,No,No,No,COMP_NO,No
7798,564542135266,14_10_2024,No,Yes,No,Yes,COMP_CH,Yes
7799,564542135637,14_10_2024,No,Yes,No,Yes,COMP_NO,No
7800,564542146546,14_10_2024,No,Yes,No,No,COMP_CH,Yes
7801,564542146839,14_10_2024,No,No,No,No,COMP_NO,No
7802,564542179689,14_10_2024,No,No,No,No,COMP_NO,No
7803,564542186012,14_10_2024,No,No,No,No,COMP_NO,No
7804,564542188822,14_10_2024,No,No,No,No,COMP_NO,No
7805,564542189966,14_10_2024,No,No,No,No,COMP_NO,No
7806,564542198819,14_10_2024,No,No,No,No,COMP_NO,No
7807,564542235062,14_10_2024,Yes,No,No,No,COMP_CH,Yes
7808,564542238261,14_10_2024,No,No,No,No,COMP_NO,No
7809,564542246789,14_10_2024,No,No,No,Yes,COMP_NO,No
7810,564542270242,14_10_2024,No,No,No,No,COMP_NO,No
7811,564542270991,14_10_2024,Yes,Yes,No,Yes,COMP_CO,Yes
7812,564542277519,14_10_2024,No,No,No,No,COMP_NO,No
7813,564542291547,14_10_2024,Yes,Yes,No,Yes,COMP_CO,Yes
7814,564542318411,14_10_2024,No,Yes,No,No,COMP_NO,No
7815,564542321979,14_10_2024,No,No,No,No,COMP_NO,No
7816,564542329505,14_10_2024,No,No,No,No,COMP_NO,No
7817,564542381581,14_10_2024,No,No,No,No,COMP_NO,No
7818,564542390909,14_10_2024,No,No,No,No,COMP_NO,No
7819,564542414513,14_10_2024,No,Yes,No,No,COMP_NO,No
7820,564542415009,14_10_2024,No,No,No,No,COMP_NO,No
7821,564542429031,14_10_2024,No,No,No,No,COMP_NO,No
7822,564542476861,14_10_2024,No,Yes,No,No,COMP_CO,Yes
7823,564542482035,14_10_2024,No,No,No,No,COMP_NO,No
7824,564542490743,14_10_2024,No,No,No,No,COMP_NO,No
7825,564542497741,14_10_2024,No,No,No,No,COMP_NO,No
7826,564542501161,14_10_2024,No,Yes,No,Yes,COMP_NO,No
7827,564542501592,14_10_2024,No,No,No,No,COMP_NO,No
7828,564542557683,14_10_2024,No,Yes,No,Yes,COMP_CO,Yes
7829,564542576557,14_10_2024,No,No,No,No,COMP_NO,No
7830,564542596715,14_10_2024,Yes,Yes,No,Yes,COMP_CO,Yes
7831,564542613794,14_10_2024,No,No,No,No,COMP_NO,No
7832,564542615039,14_10_2024,No,No,No,No,COMP_NO,No
7833,564542627129,14_10_2024,No,Yes,No,Yes,COMP_NO,No
7834,564542628699,14_10_2024,No,No,No,No,COMP_NO,No
7835,564542642180,14_10_2024,No,No,No,No,COMP_NO,No
7836,564542644026,14_10_2024,No,No,No,No,COMP_NO,No
7837,564542644114,14_10_2024,No,No,No,No,COMP_NO,No
7838,564542648820,14_10_2024,No,No,No,No,COMP_NO,No
7839,564542652075,14_10_2024,No,No,No,No,COMP_NO,No
7840,564542654874,14_10_2024,No,No,No,No,COMP_NO,No
7841,564542668411,14_10_2024,No,No,No,No,COMP_NO,No
7842,564542670449,14_10_2024,No,No,No,No,COMP_NO,No
7843,564542688623,14_10_2024,No,No,No,No,COMP_NO,No
7844,564542689588,14_10_2024,No,No,No,No,COMP_NO,No
7845,564542694983,14_10_2024,No,No,No,No,COMP_NO,No
7846,564542718464,14_10_2024,No,No,No,No,COMP_NO,No
7847,564542881722,15_10_2024,No,No,No,No,COMP_NO,No
7848,564542885648,15_10_2024,No,No,No,No,COMP_NO,No
7849,564542895770,15_10_2024,No,No,No,No,COMP_NO,No
7850,564542899381,15_10_2024,No,No,No,No,COMP_NO,No
7851,564542901889,15_10_2024,No,No,No,No,COMP_NO,No
7852,564542934986,15_10_2024,No,No,No,No,COMP_NO,No
7853,564542946960,15_10_2024,No,No,No,No,COMP_NO,No
7854,564542947318,15_10_2024,No,No,No,No,COMP_NO,No
7855,564542952898,15_10_2024,No,No,No,No,COMP_NO,No
7856,564542969742,15_10_2024,No,No,No,No,COMP_NO,No
7857,564542985251,15_10_2024,No,No,No,No,COMP_NO,No
7858,564543002656,15_10_2024,No,No,No,No,COMP_NO,No
7859,565433294225,28_10_2024,No,No,No,No,COMP_NO,No
7860,565433897396,29_10_2024,No,No,No,No,COMP_NO,No
7861,565595878934,30_10_2024,No,Yes,No,Yes,COMP_NO,No
7862,565595879755,30_10_2024,No,No,No,No,COMP_NO,No
7863,565595941814,30_10_2024,No,No,No,No,COMP_NO,No
7864,565596018436,30_10_2024,No,No,No,No,COMP_NO,No
7865,565596224363,30_10_2024,No,No,No,No,COMP_NO,No
7866,565596233286,30_10_2024,No,No,No,No,COMP_NO,No
7867,565596265524,30_10_2024,No,No,No,No,COMP_NO,No
7868,565596266545,30_10_2024,No,No,No,No,COMP_NO,No
7869,565596268289,30_10_2024,No,No,No,No,COMP_NO,No
7870,565597371733,01_11_2024,No,No,No,Yes,COMP_NO,No
7871,565597382671,01_11_2024,No,No,No,No,COMP_NO,No
7872,565597457712,01_11_2024,No,No,No,No,COMP_NO,No
7873,565597486028,01_11_2024,Yes,No,No,No,COMP_NO,Yes
7874,565597488977,01_11_2024,No,No,No,No,COMP_NO,No
7875,565597491620,01_11_2024,No,No,No,No,COMP_NO,No
7876,589777563545,01_11_2024,No,No,No,No,COMP_NO,No
7877,589777565346,01_11_2024,No,No,No,No,COMP_NO,No
7878,589777587643,01_11_2024,No,No,No,No,COMP_NO,No
7879,589777589587,01_11_2024,No,No,No,No,COMP_NO,No
7880,589777624740,01_11_2024,No,No,No,No,COMP_NO,No
7881,589777628464,01_11_2024,No,No,No,No,COMP_NO,No
7882,589777665387,01_11_2024,No,No,No,No,COMP_NO,No
7883,589777693330,01_11_2024,No,No,No,No,COMP_NO,No
7884,589777754802,01_11_2024,No,No,No,No,COMP_NO,No
7885,589777789528,01_11_2024,No,No,No,No,COMP_NO,No
7886,589777850349,01_11_2024,No,Yes,No,No,COMP_CH,Yes
7887,589777860963,01_11_2024,No,No,No,No,COMP_NO,No
7888,589778895677,04_11_2024,No,No,No,No,COMP_NO,No
7889,589778917705,04_11_2024,No,No,No,No,COMP_NO,No
7890,589778917717,04_11_2024,No,No,No,No,COMP_NO,No
7891,589778924032,04_11_2024,No,No,No,No,COMP_NO,No
7892,589778930734,04_11_2024,No,No,No,No,COMP_NO,No
7893,589778934626,04_11_2024,No,No,No,No,COMP_NO,No
7894,589778948498,04_11_2024,No,No,No,No,COMP_NO,No
7895,589778954941,04_11_2024,No,No,No,No,COMP_NO,No
7896,589778973403,04_11_2024,No,No,No,No,COMP_NO,No
7897,589779030616,04_11_2024,No,No,No,No,COMP_NO,No
7898,589779033646,04_11_2024,No,No,No,No,COMP_NO,No
7899,589779065827,04_11_2024,No,No,No,No,COMP_NO,No
7900,589779088814,04_11_2024,No,No,No,No,COMP_NO,No
7901,589779102421,04_11_2024,No,No,No,No,COMP_NO,No
7902,589779137872,04_11_2024,No,No,No,No,COMP_NO,No
7903,589779143072,04_11_2024,No,No,No,No,COMP_NO,No
7904,589779153646,04_11_2024,No,No,No,No,COMP_NO,No
7905,589779157622,04_11_2024,No,No,No,No,COMP_NO,No
7906,589779170326,04_11_2024,No,Yes,No,No,COMP_CH,Yes
7907,589779171850,04_11_2024,No,No,No,Yes,COMP_NO,No
7908,589779191478,04_11_2024,No,No,No,No,COMP_NO,No
7909,589779192369,04_11_2024,No,No,No,No,COMP_NO,No
7910,589779203602,04_11_2024,No,No,No,No,COMP_NO,No
7911,589779205078,04_11_2024,No,No,No,No,COMP_NO,No
7912,589779206697,04_11_2024,No,No,No,No,COMP_NO,No
7913,589779227676,04_11_2024,No,No,No,No,COMP_NO,No
7914,589779246763,04_11_2024,No,No,No,No,COMP_NO,No
7915,589779255385,04_11_2024,No,No,No,No,COMP_NO,No
7916,589779280315,04_11_2024,No,No,No,No,COMP_NO,No
7917,589779286296,04_11_2024,No,No,No,No,COMP_NO,No
7918,589779296359,04_11_2024,No,Yes,No,Yes,COMP_NO,No
7919,589779298662,04_11_2024,No,No,No,No,COMP_NO,No
7920,589779300546,04_11_2024,No,No,No,No,COMP_NO,No
7921,589779325014,04_11_2024,No,No,No,No,COMP_NO,No
7922,589779328555,04_11_2024,No,No,No,No,COMP_NO,No
7923,589779328868,04_11_2024,No,No,No,No,COMP_NO,No
7924,589779336079,04_11_2024,No,Yes,No,Yes,COMP_NO,No
7925,589779336102,04_11_2024,No,No,No,No,COMP_NO,No
7926,589779345615,04_11_2024,No,No,No,No,COMP_NO,No
7927,589779410447,04_11_2024,No,No,No,No,COMP_NO,No
7928,589779412641,04_11_2024,No,No,No,No,COMP_NO,No
7929,589779414055,04_11_2024,No,No,No,No,COMP_NO,No
7930,589779415291,04_11_2024,No,No,No,No,COMP_NO,No
7931,589779430738,04_11_2024,No,Yes,No,No,COMP_NO,No
7932,589779451228,04_11_2024,No,No,No,No,COMP_NO,No
7933,589779470710,04_11_2024,No,No,No,No,COMP_NO,No
7934,589779472017,04_11_2024,No,No,No,No,COMP_NO,No
7935,589779523121,04_11_2024,No,No,No,No,COMP_NO,No
7936,589779543486,04_11_2024,No,No,No,No,COMP_NO,Yes
7937,589779544463,04_11_2024,No,No,No,No,COMP_NO,No
7938,589927548698,04_11_2024,No,No,No,No,COMP_NO,No
7939,589927556221,04_11_2024,No,No,No,No,COMP_NO,No
7940,589927557349,04_11_2024,No,No,No,No,COMP_NO,No
7941,589927585649,04_11_2024,No,No,No,No,COMP_NO,No
7942,589927586799,04_11_2024,No,No,No,No,COMP_NO,No
7943,589927594178,04_11_2024,No,No,No,No,COMP_NO,No
7944,589927599378,04_11_2024,No,No,No,No,COMP_NO,No
7945,589927793458,05_11_2024,No,No,No,No,COMP_NO,No
7946,589927798088,05_11_2024,No,No,No,No,COMP_NO,No
7947,589927799483,05_11_2024,No,No,No,No,COMP_NO,No
7948,589927800707,05_11_2024,No,No,No,No,COMP_NO,No
7949,589927802456,05_11_2024,No,No,No,No,COMP_NO,No
7950,589927805797,05_11_2024,No,No,No,No,COMP_NO,No
7951,589927808560,05_11_2024,No,No,No,No,COMP_NO,No
7952,589927823318,05_11_2024,No,No,No,No,COMP_NO,No
7953,589927848310,05_11_2024,No,No,No,No,COMP_NO,No
7954,589927848787,05_11_2024,No,No,No,No,COMP_NO,No
7955,589927877378,05_11_2024,No,No,No,No,COMP_NO,No
7956,589927879473,05_11_2024,No,No,No,No,COMP_NO,No
7957,589927880319,05_11_2024,No,No,No,No,COMP_NO,No
7958,589927893312,05_11_2024,No,No,No,No,COMP_NO,No
7959,589927910815,05_11_2024,No,No,No,No,COMP_NO,No
7960,589927933657,05_11_2024,No,No,No,No,COMP_NO,No
7961,589927945325,05_11_2024,No,Yes,No,No,COMP_NO,No
7962,589927964022,05_11_2024,No,No,No,No,COMP_NO,No
7963,589927995565,05_11_2024,No,No,No,No,COMP_NO,No
7964,589927997955,05_11_2024,No,No,No,No,COMP_NO,No
7965,589928000954,05_11_2024,No,No,No,No,COMP_NO,No
7966,589928010661,05_11_2024,No,No,No,No,COMP_NO,No
7967,589928040691,05_11_2024,No,No,No,No,COMP_NO,No
7968,589928080092,05_11_2024,No,Yes,No,Yes,COMP_NO,No
7969,589928094511,05_11_2024,No,No,No,No,COMP_NO,No
7970,538863536258,17_09_2024,No,No,No,No,COMP_NO,No
7971,538863538326,17_09_2024,No,No,No,No,COMP_NO,No
7972,538863541051,17_09_2024,No,No,No,No,COMP_NO,No
7973,539048549731,17_09_2024,No,No,No,No,COMP_NO,No
7974,539048550942,17_09_2024,No,No,No,No,COMP_NO,No
7975,564375164985,10_10_2024,No,No,No,No,COMP_NO,No
7976,564375739879,11_10_2024,No,No,No,No,COMP_NO,No
7977,564375772073,11_10_2024,No,No,No,No,COMP_NO,No
7978,564375774398,11_10_2024,No,No,No,No,COMP_NO,No
7979,564375862388,11_10_2024,Yes,No,No,No,COMP_NO,Yes
7980,564375957226,11_10_2024,No,No,No,No,COMP_NO,No
7981,564375992220,11_10_2024,No,Yes,No,Yes,COMP_NO,No
7982,564376135951,11_10_2024,No,Yes,No,Yes,COMP_NO,No
7983,564376171968,11_10_2024,No,No,No,No,COMP_NO,No
7984,564376211987,11_10_2024,No,No,No,No,COMP_NO,No
7985,564541955873,14_10_2024,No,No,No,No,COMP_NO,No
7986,564541964468,14_10_2024,No,No,No,No,COMP_NO,No
7987,564542014958,14_10_2024,Yes,Yes,No,Yes,COMP_CH,Yes
7988,564542107891,14_10_2024,No,No,No,No,COMP_NO,No
7989,564542108613,14_10_2024,No,No,No,No,COMP_NO,No
7990,564542118518,14_10_2024,No,No,No,No,COMP_NO,No
7991,564542122499,14_10_2024,No,No,No,No,COMP_NO,No
7992,564542135805,14_10_2024,No,Yes,No,No,COMP_NO,No
7993,564542136733,14_10_2024,No,No,No,Yes,COMP_NO,No
7994,564542148584,14_10_2024,No,Yes,No,Yes,COMP_NO,No
7995,564542220994,14_10_2024,No,No,No,No,COMP_NO,No
7996,564542227112,14_10_2024,No,No,No,No,COMP_NO,No
7997,564542230837,14_10_2024,No,No,No,No,COMP_NO,No
7998,564542247204,14_10_2024,No,Yes,No,Yes,COMP_CO,Yes
7999,564542277730,14_10_2024,No,No,No,No,COMP_NO,No
8000,564542285031,14_10_2024,No,No,No,No,COMP_NO,No
8001,564542322518,14_10_2024,No,No,No,No,COMP_NO,No
8002,564542418451,14_10_2024,No,No,No,No,COMP_NO,No
8003,564542425878,14_10_2024,No,No,No,No,COMP_NO,No
8004,564542432293,14_10_2024,Yes,No,No,No,COMP_NO,Yes
8005,564542433033,14_10_2024,No,No,No,No,COMP_NO,No
8006,564542439479,14_10_2024,No,No,No,No,COMP_NO,No
8007,564542486071,14_10_2024,No,Yes,No,No,COMP_SA,Yes
8008,564542502516,14_10_2024,No,No,No,No,COMP_NO,No
8009,564542532269,14_10_2024,No,No,No,No,COMP_NO,No
8010,564542535043,14_10_2024,No,No,No,No,COMP_NO,No
8011,564542535323,14_10_2024,No,No,No,No,COMP_NO,No
8012,564542566402,14_10_2024,No,No,No,No,COMP_NO,No
8013,564542569624,14_10_2024,No,No,No,No,COMP_NO,No
8014,564542578252,14_10_2024,No,No,No,No,COMP_NO,No
8015,564542585065,14_10_2024,No,No,No,No,COMP_NO,No
8016,564542592557,14_10_2024,No,No,No,No,COMP_NO,No
8017,564542596891,14_10_2024,No,No,No,No,COMP_NO,No
8018,564542622508,14_10_2024,No,No,No,No,COMP_NO,No
8019,564542622702,14_10_2024,No,Yes,No,Yes,COMP_NO,No
8020,564542629638,14_10_2024,No,No,No,No,COMP_NO,No
8021,564542667381,14_10_2024,No,Yes,No,Yes,COMP_CH,Yes
8022,564542673848,14_10_2024,No,No,No,No,COMP_NO,No
8023,564542678421,14_10_2024,No,No,No,No,COMP_NO,No
8024,564542885707,15_10_2024,No,No,No,No,COMP_NO,No
8025,564542887749,15_10_2024,No,No,No,No,COMP_NO,No
8026,564542895407,15_10_2024,No,No,No,No,COMP_NO,No
8027,564542904923,15_10_2024,No,No,No,No,COMP_NO,No
8028,564542922680,15_10_2024,Yes,Yes,No,Yes,COMP_FO,Yes
8029,564542928965,15_10_2024,No,No,No,No,COMP_NO,No
8030,564542931122,15_10_2024,No,No,No,No,COMP_NO,No
8031,564542938255,15_10_2024,No,No,No,No,COMP_NO,No
8032,564542939579,15_10_2024,No,No,No,No,COMP_NO,No
8033,564542939853,15_10_2024,No,No,No,No,COMP_NO,No
8034,564542948616,15_10_2024,No,No,No,No,COMP_NO,No
8035,564542955259,15_10_2024,No,No,No,No,COMP_NO,No
8036,564542956881,15_10_2024,No,No,No,No,COMP_NO,No
8037,564542976800,15_10_2024,No,No,No,No,COMP_NO,No
8038,564542984993,15_10_2024,No,No,No,No,COMP_NO,No
8039,564542992793,15_10_2024,No,No,No,No,COMP_NO,No
8040,564543004602,15_10_2024,No,No,No,No,COMP_NO,No
8041,564543018687,15_10_2024,No,Yes,No,Yes,COMP_NO,No
8042,564543031071,15_10_2024,No,No,No,No,COMP_NO,No
8043,564543032473,15_10_2024,No,No,No,No,COMP_NO,No
8044,564543033307,15_10_2024,No,No,No,No,COMP_NO,No
8045,564543033423,15_10_2024,No,No,No,No,COMP_NO,No
8046,564543035003,15_10_2024,No,No,No,No,COMP_NO,No
8047,564543040497,15_10_2024,No,No,No,No,COMP_NO,No
8048,564543047068,15_10_2024,No,No,No,No,COMP_NO,No
8049,564543047837,15_10_2024,No,No,No,No,COMP_NO,No
8050,564543049712,15_10_2024,No,No,No,No,COMP_NO,No
8051,564543075946,15_10_2024,No,No,No,No,COMP_NO,No
8052,564543080822,15_10_2024,No,No,No,No,COMP_NO,No
8053,564543251261,15_10_2024,No,No,No,No,COMP_NO,No
8054,564543266965,15_10_2024,No,No,No,No,COMP_NO,No
8055,564543284970,15_10_2024,No,No,No,No,COMP_NO,No
8056,564543290107,15_10_2024,No,No,No,No,COMP_NO,No
8057,564543306622,15_10_2024,No,No,No,No,COMP_NO,No
8058,564543321504,15_10_2024,No,No,No,No,COMP_NO,No
8059,564543334551,15_10_2024,No,No,No,No,COMP_NO,No
8060,564543336384,15_10_2024,No,No,No,No,COMP_NO,No
8061,564543345043,15_10_2024,No,No,No,No,COMP_NO,No
8062,564543356407,15_10_2024,No,No,No,No,COMP_NO,No
8063,564543399058,15_10_2024,No,No,No,No,COMP_NO,No
8064,564543412162,15_10_2024,No,No,No,No,COMP_NO,No
8065,564543412188,15_10_2024,No,No,No,No,COMP_NO,No
8066,564543423040,15_10_2024,No,No,No,No,COMP_NO,No
8067,564543453490,15_10_2024,No,No,No,No,COMP_NO,No
8068,564543471283,15_10_2024,No,No,No,No,COMP_NO,No
8069,564543490847,15_10_2024,No,No,No,No,COMP_NO,No
8070,564543492837,15_10_2024,No,No,No,No,COMP_NO,No
8071,564543518852,15_10_2024,No,No,No,No,COMP_NO,No
8072,565596234000,30_10_2024,No,No,No,No,COMP_NO,No
8073,565597440171,01_11_2024,No,Yes,No,Yes,COMP_NO,Yes
8074,589777567565,01_11_2024,No,Yes,No,Yes,COMP_NO,No
8075,589777669128,01_11_2024,No,No,No,No,COMP_NO,No
8076,589777693419,01_11_2024,No,No,No,No,COMP_NO,No
8077,589777697889,01_11_2024,No,No,No,No,COMP_NO,No
8078,589777723072,01_11_2024,No,No,No,No,COMP_NO,No
8079,589777727134,01_11_2024,No,No,No,No,COMP_NO,No
8080,589777756051,01_11_2024,No,No,No,No,COMP_NO,No
8081,589777762551,01_11_2024,No,No,No,No,COMP_NO,No
8082,589777795414,01_11_2024,No,No,No,No,COMP_NO,No
8083,589777804093,01_11_2024,No,No,No,Yes,COMP_NO,No
8084,589777827689,01_11_2024,No,No,No,No,COMP_NO,No
8085,589777828861,01_11_2024,No,No,No,No,COMP_NO,No
8086,589778973612,04_11_2024,No,No,No,No,COMP_NO,No
8087,589778977081,04_11_2024,Yes,Yes,No,Yes,COMP_CH,Yes
8088,589779074631,04_11_2024,No,No,No,No,COMP_NO,No
8089,589779075284,04_11_2024,No,No,No,No,COMP_NO,No
8090,589779112426,04_11_2024,No,No,No,No,COMP_NO,No
8091,589779126891,04_11_2024,No,Yes,No,Yes,COMP_NO,No
8092,589779127574,04_11_2024,No,No,No,No,COMP_NO,No
8093,589779127883,04_11_2024,No,No,No,No,COMP_NO,No
8094,589779160876,04_11_2024,No,No,No,No,COMP_NO,No
8095,589779161048,04_11_2024,No,No,No,No,COMP_NO,No
8096,589779177975,04_11_2024,Yes,Yes,No,Yes,COMP_CH,Yes
8097,589779193837,04_11_2024,No,No,No,No,COMP_NO,No
8098,589779286794,04_11_2024,No,Yes,No,Yes,COMP_NO,No
8099,589779303930,04_11_2024,No,Yes,No,No,COMP_CO,Yes
8100,589779309725,04_11_2024,No,No,No,No,COMP_NO,No
8101,589779347862,04_11_2024,No,No,No,No,COMP_NO,No
8102,589779374364,04_11_2024,No,No,No,No,COMP_NO,No
8103,589779415929,04_11_2024,No,No,No,No,COMP_NO,No
8104,589779430755,04_11_2024,No,No,No,No,COMP_NO,No
8105,589779431407,04_11_2024,No,No,No,No,COMP_NO,No
8106,589779436241,04_11_2024,No,No,No,No,COMP_NO,No
8107,589779442324,04_11_2024,No,No,No,No,COMP_NO,No
8108,589779456805,04_11_2024,No,Yes,No,No,COMP_CH,Yes
8109,589779472203,04_11_2024,No,Yes,No,Yes,COMP_NO,No
8110,589779475083,04_11_2024,No,No,No,No,COMP_NO,No
8111,589779475205,04_11_2024,No,No,No,No,COMP_NO,No
8112,589779496037,04_11_2024,No,Yes,No,Yes,COMP_NO,No
8113,589779530356,04_11_2024,No,No,No,No,COMP_NO,No
8114,589779533420,04_11_2024,No,No,No,No,COMP_NO,No
8115,589779535983,04_11_2024,No,Yes,No,No,COMP_NO,No
8116,589779536986,04_11_2024,No,No,No,No,COMP_NO,No
8117,589779537996,04_11_2024,No,No,No,No,COMP_NO,No
8118,589927552887,04_11_2024,No,Yes,No,Yes,COMP_CH,Yes
8119,589927555425,04_11_2024,No,No,No,No,COMP_NO,No
8120,589927558098,04_11_2024,No,No,No,No,COMP_NO,No
8121,589927587061,04_11_2024,No,Yes,No,Yes,COMP_CH,Yes
8122,589927603124,04_11_2024,No,No,No,No,COMP_NO,No
8123,589927603643,04_11_2024,No,No,No,No,COMP_NO,No
8124,589927605839,04_11_2024,No,No,No,No,COMP_NO,No
8125,589927813048,05_11_2024,No,No,No,No,COMP_NO,No
8126,589927814338,05_11_2024,No,No,No,No,COMP_NO,No
8127,589927815739,05_11_2024,No,No,No,No,COMP_NO,No
8128,589927823926,05_11_2024,No,Yes,No,Yes,COMP_CH,Yes
8129,589927824251,05_11_2024,No,No,No,No,COMP_NO,No
8130,589927828188,05_11_2024,No,No,No,No,COMP_NO,No
8131,589927849447,05_11_2024,No,No,No,No,COMP_NO,No
8132,589927852103,05_11_2024,No,No,No,No,COMP_NO,Yes
8133,589927884489,05_11_2024,No,No,No,No,COMP_NO,No
8134,589927897255,05_11_2024,No,Yes,No,No,COMP_CH,Yes
8135,589927914750,05_11_2024,No,No,No,No,COMP_NO,No
8136,589927915365,05_11_2024,No,No,No,No,COMP_NO,No
8137,589927936234,05_11_2024,No,No,No,No,COMP_NO,No
8138,589927938056,05_11_2024,No,Yes,No,No,COMP_CO,Yes
8139,589927946613,05_11_2024,No,No,No,No,COMP_NO,No
8140,589927953071,05_11_2024,No,No,No,No,COMP_NO,No
8141,589927956552,05_11_2024,No,No,No,No,COMP_NO,No
8142,589927968865,05_11_2024,No,No,No,No,COMP_NO,No
8143,589927972020,05_11_2024,No,No,No,No,COMP_NO,No
8144,589927975992,05_11_2024,No,No,No,No,COMP_NO,No
8145,589927986697,05_11_2024,No,No,No,No,COMP_NO,No
8146,589928001201,05_11_2024,No,No,No,No,COMP_NO,No
8147,589928002024,05_11_2024,No,No,No,No,COMP_NO,No
8148,589928002520,05_11_2024,No,No,No,No,COMP_NO,No
8149,589928006937,05_11_2024,No,No,No,No,COMP_NO,No
8150,589928043059,05_11_2024,No,Yes,No,No,COMP_NO,No
8151,589928045645,05_11_2024,No,No,No,No,COMP_NO,No
8152,589928053304,05_11_2024,No,Yes,No,Yes,COMP_NO,No
8153,589928059679,05_11_2024,No,No,No,No,COMP_NO,No
8154,589928074468,05_11_2024,No,No,No,No,COMP_NO,No
8155,589928075060,05_11_2024,No,No,No,No,COMP_NO,No
8156,589928082127,05_11_2024,No,No,No,No,COMP_NO,No
8157,589928082670,05_11_2024,No,No,No,No,COMP_NO,No
8158,589928084420,05_11_2024,No,No,No,No,COMP_NO,No
8159,589928099159,05_11_2024,No,No,No,No,COMP_NO,No
8160,589928101277,05_11_2024,No,No,No,No,COMP_NO,No
8161,589928103014,05_11_2024,No,No,No,No,COMP_NO,No
8162,589928134081,05_11_2024,No,No,No,No,COMP_NO,No
8163,589928137900,05_11_2024,No,No,No,No,COMP_NO,No
8164,589928140860,05_11_2024,No,No,No,No,COMP_NO,No
8165,589928162255,05_11_2024,No,No,No,No,COMP_NO,No
8166,589928174897,05_11_2024,No,No,No,No,COMP_NO,No
8167,589928178764,05_11_2024,No,No,No,No,COMP_NO,No
8168,589928181499,05_11_2024,No,No,No,No,COMP_NO,No
8169,589928201224,05_11_2024,No,No,No,No,COMP_NO,No
8170,589928202039,05_11_2024,No,No,No,No,COMP_NO,No
8171,589928213490,05_11_2024,No,No,No,No,COMP_NO,No
8172,589928217101,05_11_2024,No,No,No,No,COMP_NO,No
8173,589928250952,05_11_2024,No,No,No,No,COMP_NO,No
8174,589928258186,05_11_2024,No,No,No,No,COMP_NO,No
8175,589928263603,05_11_2024,No,No,No,No,COMP_NO,No
8176,589928291240,05_11_2024,No,No,No,No,COMP_NO,No
8177,589928291273,05_11_2024,No,No,No,No,COMP_NO,No
8178,589928299606,05_11_2024,No,No,No,No,COMP_NO,No
8179,589928300995,05_11_2024,No,No,No,No,COMP_NO,No
8180,589928327347,05_11_2024,No,No,No,No,COMP_NO,No
8181,589928339042,05_11_2024,No,Yes,No,Yes,COMP_CH,Yes
8182,589928344999,05_11_2024,No,No,No,No,COMP_NO,No
8183,589928379494,05_11_2024,No,No,No,No,COMP_NO,No
8184,589928412954,05_11_2024,No,No,No,No,COMP_NO,No
8185,589928434739,05_11_2024,No,No,No,No,COMP_NO,No
8186,589928464041,05_11_2024,No,No,No,No,COMP_NO,No
8187,589928496285,05_11_2024,No,No,No,No,COMP_NO,No
8188,589928522408,05_11_2024,No,No,No,No,COMP_NO,No
8189,589928804316,06_11_2024,No,No,No,No,COMP_NO,No
8190,589928847046,06_11_2024,No,No,No,No,COMP_NO,No
8191,589928860008,06_11_2024,No,No,No,No,COMP_NO,No
8192,539048546767,17_09_2024,No,No,No,No,COMP_NO,No
8193,539048551564,17_09_2024,No,No,No,No,COMP_NO,No
8194,539048552132,17_09_2024,No,No,No,No,COMP_NO,No
8195,539048553131,17_09_2024,No,No,No,No,COMP_NO,No
8196,539048558519,17_09_2024,No,No,No,No,COMP_NO,No
8197,539048560659,17_09_2024,No,No,No,No,COMP_NO,No
8198,539048589497,17_09_2024,No,No,No,No,COMP_NO,No
8199,539048590177,17_09_2024,No,Yes,No,Yes,COMP_NO,No
8200,539048606902,17_09_2024,No,No,No,No,COMP_NO,No
8201,539048613680,17_09_2024,No,No,No,No,COMP_NO,No
8202,539048614381,17_09_2024,No,No,No,No,COMP_NO,No
8203,539048643020,17_09_2024,No,No,No,No,COMP_NO,No
8204,539048643231,17_09_2024,No,Yes,No,No,COMP_NO,No
8205,539048644325,17_09_2024,No,No,No,No,COMP_NO,No
8206,539048655707,17_09_2024,No,No,No,No,COMP_NO,No
8207,539048659402,17_09_2024,No,No,No,No,COMP_NO,No
8208,539048664761,17_09_2024,No,No,No,No,COMP_NO,No
8209,539048667471,17_09_2024,No,Yes,No,No,COMP_NO,Yes
8210,539048673107,17_09_2024,No,No,No,No,COMP_NO,No
8211,539048676009,17_09_2024,No,No,No,No,COMP_NO,No
8212,539048677650,17_09_2024,Yes,No,No,No,COMP_SA,Yes
8213,539048681220,17_09_2024,No,No,No,No,COMP_NO,No
8214,539048713319,17_09_2024,No,No,No,No,COMP_NO,No
8215,539048717278,17_09_2024,No,No,No,No,COMP_NO,No
8216,539048727983,17_09_2024,No,No,No,No,COMP_NO,No
8217,539048737670,17_09_2024,No,Yes,No,No,COMP_NO,No
8218,539048763739,17_09_2024,No,No,No,No,COMP_NO,No
8219,539048773312,17_09_2024,No,No,No,No,COMP_NO,No
8220,539048792204,17_09_2024,No,No,No,No,COMP_NO,No
8221,539048809346,17_09_2024,No,No,No,No,COMP_NO,No
8222,539048822324,17_09_2024,No,No,No,No,COMP_NO,No
8223,539048831874,17_09_2024,No,No,No,No,COMP_NO,No
8224,564542055989,14_10_2024,No,No,No,No,COMP_NO,No
8225,564542122729,14_10_2024,No,Yes,No,No,COMP_CH,Yes
8226,564542126855,14_10_2024,No,No,No,No,COMP_NO,No
8227,564542157376,14_10_2024,No,No,No,No,COMP_NO,No
8228,564542253167,14_10_2024,No,No,No,No,COMP_NO,No
8229,564542295571,14_10_2024,Yes,No,No,No,COMP_SA,Yes
8230,564542311182,14_10_2024,No,No,No,No,COMP_NO,No
8231,564542330967,14_10_2024,Yes,Yes,No,Yes,COMP_CH,Yes
8232,564542334513,14_10_2024,No,No,No,No,COMP_NO,No
8233,564542440876,14_10_2024,Yes,No,No,No,COMP_NO,Yes
8234,564542449308,14_10_2024,No,No,No,No,COMP_NO,No
8235,564542486944,14_10_2024,No,Yes,No,Yes,COMP_NO,No
8236,564542503187,14_10_2024,No,No,No,No,COMP_NO,No
8237,564542536658,14_10_2024,No,No,No,No,COMP_NO,No
8238,564542540520,14_10_2024,No,No,No,No,COMP_NO,No
8239,564542540890,14_10_2024,No,No,No,No,COMP_NO,No
8240,564542541303,14_10_2024,No,No,No,No,COMP_NO,No
8241,564542603570,14_10_2024,No,No,No,No,COMP_NO,No
8242,564542635884,14_10_2024,No,No,No,No,COMP_NO,No
8243,564542649711,14_10_2024,No,No,No,No,COMP_NO,No
8244,564542650286,14_10_2024,No,No,No,No,COMP_NO,No
8245,564542651086,14_10_2024,No,No,No,No,COMP_NO,No
8246,564542680065,14_10_2024,No,No,No,No,COMP_NO,No
8247,564542695288,14_10_2024,No,No,No,No,COMP_NO,No
8248,564542724228,14_10_2024,No,Yes,No,Yes,COMP_NO,No
8249,564542945043,15_10_2024,No,No,No,No,COMP_NO,No
8250,564542962068,15_10_2024,No,No,No,No,COMP_NO,No
8251,564542989502,15_10_2024,No,No,No,No,COMP_NO,No
8252,564543036601,15_10_2024,Yes,Yes,No,Yes,COMP_SM,Yes
8253,564543038446,15_10_2024,No,No,No,No,COMP_NO,No
8254,564543056081,15_10_2024,No,No,No,No,COMP_NO,No
8255,564543057915,15_10_2024,No,No,No,No,COMP_NO,No
8256,564543064597,15_10_2024,No,No,No,Yes,COMP_NO,No
8257,564543066112,15_10_2024,No,No,No,No,COMP_NO,No
8258,564543066309,15_10_2024,No,No,No,No,COMP_NO,No
8259,564543084183,15_10_2024,No,No,No,No,COMP_NO,No
8260,564543086430,15_10_2024,No,No,No,No,COMP_NO,No
8261,564543093683,15_10_2024,No,No,No,No,COMP_NO,No
8262,564543095136,15_10_2024,No,No,No,No,COMP_NO,No
8263,564543221282,15_10_2024,No,No,No,No,COMP_NO,No
8264,564543235342,15_10_2024,No,Yes,No,Yes,COMP_CH,Yes
8265,564543242040,15_10_2024,No,No,No,No,COMP_NO,No
8266,564543252662,15_10_2024,No,Yes,No,Yes,COMP_NO,No
8267,564543253014,15_10_2024,No,No,No,No,COMP_NO,No
8268,564543257840,15_10_2024,No,No,No,No,COMP_NO,No
8269,564543272936,15_10_2024,No,No,No,No,COMP_NO,No
8270,564543291610,15_10_2024,No,No,No,No,COMP_NO,No
8271,564543291632,15_10_2024,Yes,Yes,No,No,COMP_NO,Yes
8272,564543294166,15_10_2024,No,No,No,No,COMP_NO,No
8273,564543308010,15_10_2024,No,No,No,No,COMP_NO,No
8274,564543317407,15_10_2024,No,No,No,No,COMP_NO,No
8275,564543325139,15_10_2024,No,No,No,No,COMP_NO,No
8276,564543326033,15_10_2024,No,No,No,No,COMP_NO,No
8277,564543334542,15_10_2024,No,No,No,No,COMP_NO,No
8278,564543337511,15_10_2024,No,No,No,No,COMP_NO,No
8279,564543343461,15_10_2024,No,No,No,No,COMP_NO,No
8280,564543347366,15_10_2024,No,No,No,No,COMP_NO,No
8281,564543348059,15_10_2024,No,No,No,Yes,COMP_NO,No
8282,564543354374,15_10_2024,No,No,No,No,COMP_NO,No
8283,564543361730,15_10_2024,No,No,No,No,COMP_NO,No
8284,564543369028,15_10_2024,No,No,No,No,COMP_NO,No
8285,564543386870,15_10_2024,Yes,Yes,Yes,Yes,COMP_CO,Yes
8286,564543394140,15_10_2024,No,No,No,No,COMP_NO,No
8287,564543401274,15_10_2024,No,No,No,No,COMP_NO,No
8288,564543428744,15_10_2024,No,No,No,No,COMP_NO,No
8289,564543455281,15_10_2024,No,Yes,No,No,COMP_NO,No
8290,564543478099,15_10_2024,No,Yes,No,No,COMP_CO,Yes
8291,564543479922,15_10_2024,No,Yes,No,Yes,COMP_NO,Yes
8292,564543494055,15_10_2024,No,No,No,No,COMP_NO,No
8293,564543494848,15_10_2024,No,No,No,No,COMP_NO,No
8294,564543496179,15_10_2024,No,No,No,No,COMP_NO,No
8295,564543498646,15_10_2024,No,No,No,No,COMP_NO,No
8296,564543502529,15_10_2024,No,No,No,No,COMP_NO,No
8297,564543505828,15_10_2024,No,No,No,No,COMP_NO,No
8298,564543517492,15_10_2024,No,No,No,No,COMP_NO,No
8299,564543521986,15_10_2024,No,No,No,No,COMP_NO,No
8300,564543523141,15_10_2024,No,No,No,No,COMP_NO,No
8301,564543525851,15_10_2024,No,No,No,No,COMP_NO,No
8302,564755552474,15_10_2024,No,No,No,No,COMP_NO,No
8303,564755561378,15_10_2024,No,No,No,No,COMP_NO,No
8304,564755580675,15_10_2024,No,Yes,No,Yes,COMP_NO,No
8305,565597383377,01_11_2024,No,No,No,No,COMP_NO,No
8306,589777674705,01_11_2024,No,No,No,No,COMP_NO,No
8307,589777699338,01_11_2024,No,No,No,No,COMP_NO,No
8308,589777765040,01_11_2024,No,No,No,No,COMP_SA,Yes
8309,589777769440,01_11_2024,Yes,No,No,No,COMP_NO,Yes
8310,589778986721,04_11_2024,No,No,No,No,COMP_NO,No
8311,589778987798,04_11_2024,No,No,No,No,COMP_NO,No
8312,589779463524,04_11_2024,No,No,No,No,COMP_NO,No
8313,589779464266,04_11_2024,No,No,No,No,COMP_NO,No
8314,589779487739,04_11_2024,No,No,No,No,COMP_NO,No
8315,589779501368,04_11_2024,No,No,No,No,COMP_NO,No
8316,589779509923,04_11_2024,No,No,No,No,COMP_NO,No
8317,589779512794,04_11_2024,No,No,No,No,COMP_NO,No
8318,589779513932,04_11_2024,No,No,No,No,COMP_NO,No
8319,589779538313,04_11_2024,No,No,No,No,COMP_NO,No
8320,589927563961,04_11_2024,No,Yes,No,Yes,COMP_NO,No
8321,589927566425,04_11_2024,No,No,No,No,COMP_NO,No
8322,589927570897,04_11_2024,No,No,No,No,COMP_NO,No
8323,589927588512,04_11_2024,No,No,No,No,COMP_NO,No
8324,589927592474,04_11_2024,No,No,No,No,COMP_NO,No
8325,589927838044,05_11_2024,No,No,No,No,COMP_NO,No
8326,589927838347,05_11_2024,No,No,No,No,COMP_NO,No
8327,589927839383,05_11_2024,No,No,No,No,COMP_NO,No
8328,589927847364,05_11_2024,No,No,No,No,COMP_NO,No
8329,589927853069,05_11_2024,No,Yes,No,No,COMP_SM,Yes
8330,589927862007,05_11_2024,No,No,No,No,COMP_NO,No
8331,589927897938,05_11_2024,No,No,No,No,COMP_NO,No
8332,589927923998,05_11_2024,No,No,No,No,COMP_NO,No
8333,589927926273,05_11_2024,No,No,No,No,COMP_NO,No
8334,589927942198,05_11_2024,No,No,No,No,COMP_NO,No
8335,589927958206,05_11_2024,No,Yes,No,Yes,COMP_NO,No
8336,589927959397,05_11_2024,Yes,No,No,No,COMP_NO,Yes
8337,589927987926,05_11_2024,No,No,No,No,COMP_NO,No
8338,589928007395,05_11_2024,No,No,No,No,COMP_NO,No
8339,589928046125,05_11_2024,No,No,No,No,COMP_NO,No
8340,589928061601,05_11_2024,No,No,No,No,COMP_NO,No
8341,589928066177,05_11_2024,No,No,No,No,COMP_NO,No
8342,589928084494,05_11_2024,No,No,No,No,COMP_NO,No
8343,589928109971,05_11_2024,No,No,No,No,COMP_NO,No
8344,589928110782,05_11_2024,No,No,No,No,COMP_NO,No
8345,589928155239,05_11_2024,No,No,No,No,COMP_NO,No
8346,589928160144,05_11_2024,No,No,No,No,COMP_NO,No
8347,589928166986,05_11_2024,No,Yes,No,No,COMP_NO,No
8348,589928170831,05_11_2024,No,No,No,No,COMP_NO,No
8349,589928188494,05_11_2024,No,No,No,No,COMP_NO,No
8350,589928203863,05_11_2024,No,No,No,No,COMP_NO,No
8351,589928205105,05_11_2024,No,No,No,No,COMP_NO,No
8352,589928205835,05_11_2024,No,No,No,No,COMP_NO,No
8353,589928218600,05_11_2024,No,No,No,No,COMP_NO,No
8354,589928219176,05_11_2024,No,No,No,Yes,COMP_NO,No
8355,589928229384,05_11_2024,No,No,No,No,COMP_NO,No
8356,589928265065,05_11_2024,No,Yes,No,No,COMP_NO,No
8357,589928267495,05_11_2024,No,Yes,No,No,COMP_NO,No
8358,589928293601,05_11_2024,No,No,No,No,COMP_NO,No
8359,589928295106,05_11_2024,No,Yes,No,Yes,COMP_CH,Yes
8360,589928329341,05_11_2024,No,No,No,No,COMP_NO,No
8361,589928331934,05_11_2024,No,No,No,No,COMP_NO,No
8362,589928346601,05_11_2024,No,No,No,No,COMP_NO,No
8363,589928383061,05_11_2024,No,No,No,No,COMP_NO,No
8364,589928388812,05_11_2024,No,No,No,No,COMP_NO,No
8365,589928398203,05_11_2024,No,No,No,No,COMP_NO,No
8366,589928398725,05_11_2024,No,No,No,No,COMP_NO,No
8367,589928419962,05_11_2024,No,No,No,No,COMP_NO,No
8368,589928421259,05_11_2024,No,No,No,No,COMP_NO,No
8369,589928423093,05_11_2024,No,No,No,No,COMP_NO,No
8370,589928423339,05_11_2024,No,No,No,No,COMP_NO,No
8371,589928424519,05_11_2024,No,No,No,No,COMP_NO,No
8372,589928425889,05_11_2024,No,No,No,No,COMP_NO,No
8373,589928428784,05_11_2024,No,No,No,No,COMP_NO,No
8374,589928429979,05_11_2024,No,No,No,No,COMP_NO,No
8375,589928439749,05_11_2024,Yes,Yes,No,Yes,COMP_NO,Yes
8376,589928468397,05_11_2024,No,No,No,No,COMP_NO,No
8377,589928506100,05_11_2024,No,No,No,No,COMP_NO,No
8378,589928532864,05_11_2024,No,No,No,No,COMP_NO,No
8379,589928755241,06_11_2024,No,No,No,No,COMP_NO,No
8380,589928773400,06_11_2024,No,No,No,No,COMP_NO,No
8381,589928774096,06_11_2024,No,No,No,No,COMP_NO,No
8382,589928805855,06_11_2024,No,No,No,No,COMP_NO,No
8383,589928808186,06_11_2024,No,No,No,No,COMP_CH,Yes
8384,589928808816,06_11_2024,No,No,No,No,COMP_NO,No
8385,589928822755,06_11_2024,No,No,No,No,COMP_NO,No
8386,589928823192,06_11_2024,No,No,No,No,COMP_NO,No
8387,589928823380,06_11_2024,No,No,No,No,COMP_NO,No
8388,589928856665,06_11_2024,No,No,No,No,COMP_NO,No
8389,589928858948,06_11_2024,No,No,No,No,COMP_NO,No
8390,589928860151,06_11_2024,No,No,No,No,COMP_NO,No
8391,589928875165,06_11_2024,No,No,No,No,COMP_NO,No
8392,589928878707,06_11_2024,No,No,No,No,COMP_NO,No
8393,589928890862,06_11_2024,No,No,No,No,COMP_NO,No
8394,589928893703,06_11_2024,No,No,No,No,COMP_NO,No
8395,589928898072,06_11_2024,No,No,No,No,COMP_NO,No
8396,589928903114,06_11_2024,No,No,No,No,COMP_NO,No
8397,589928905791,06_11_2024,No,Yes,No,No,COMP_CO,Yes
8398,589928907698,06_11_2024,No,No,No,No,COMP_NO,No
8399,589928951209,06_11_2024,No,No,No,No,COMP_NO,No
8400,589928969225,06_11_2024,No,No,No,No,COMP_NO,No
8401,589928989362,06_11_2024,No,No,No,No,COMP_NO,No
8402,589929025808,06_11_2024,No,No,No,No,COMP_NO,No
8403,589929029620,06_11_2024,No,No,No,No,COMP_NO,No
8404,589929043637,06_11_2024,No,No,No,No,COMP_NO,No
8405,589929046482,06_11_2024,No,No,No,No,COMP_NO,No
8406,589929094904,06_11_2024,No,No,No,No,COMP_NO,No
8407,589929120303,06_11_2024,No,No,No,No,COMP_NO,No
8408,589929128954,06_11_2024,No,No,No,No,COMP_NO,No
8409,589929137402,06_11_2024,No,No,No,No,COMP_NO,No
8410,589929154136,06_11_2024,No,No,No,No,COMP_NO,No
8411,589929210009,06_11_2024,No,No,No,No,COMP_NO,No
8412,539048565829,17_09_2024,No,No,No,No,COMP_CH,Yes
8413,539048582306,17_09_2024,No,No,No,No,COMP_NO,No
8414,539048586114,17_09_2024,No,No,No,No,COMP_NO,No
8415,539048592478,17_09_2024,No,No,No,No,COMP_NO,No
8416,539048611277,17_09_2024,No,Yes,No,Yes,COMP_NO,No
8417,539048611780,17_09_2024,No,No,No,No,COMP_NO,No
8418,539048616525,17_09_2024,No,No,No,No,COMP_NO,No
8419,539048631734,17_09_2024,No,Yes,No,Yes,COMP_NO,No
8420,539048632265,17_09_2024,No,No,No,No,COMP_NO,No
8421,539048662028,17_09_2024,No,Yes,No,Yes,COMP_NO,No
8422,539048663531,17_09_2024,No,No,No,No,COMP_NO,No
8423,539048668025,17_09_2024,No,No,No,No,COMP_NO,No
8424,539048668087,17_09_2024,No,No,No,No,COMP_NO,No
8425,539048670183,17_09_2024,No,No,No,No,COMP_NO,No
8426,539048671352,17_09_2024,No,No,No,No,COMP_NO,No
8427,539048688388,17_09_2024,No,No,No,No,COMP_NO,No
8428,539048695869,17_09_2024,No,No,No,No,COMP_NO,No
8429,539048720755,17_09_2024,No,No,No,No,COMP_NO,No
8430,539048730975,17_09_2024,No,No,No,No,COMP_NO,No
8431,539048733352,17_09_2024,No,Yes,No,Yes,COMP_NO,No
8432,539048737189,17_09_2024,No,No,No,No,COMP_NO,No
8433,539048741078,17_09_2024,No,No,No,No,COMP_NO,No
8434,539048744418,17_09_2024,No,Yes,No,Yes,COMP_NO,Yes
8435,539048752364,17_09_2024,No,No,No,No,COMP_CH,Yes
8436,539048757578,17_09_2024,No,Yes,No,No,COMP_NO,No
8437,539048769252,17_09_2024,No,No,No,No,COMP_NO,No
8438,539048777837,17_09_2024,No,No,No,No,COMP_NO,No
8439,539048779670,17_09_2024,No,No,No,No,COMP_NO,No
8440,539048794610,17_09_2024,No,No,No,No,COMP_NO,No
8441,539048810464,17_09_2024,No,No,No,No,COMP_NO,No
8442,539048813363,17_09_2024,No,No,No,No,COMP_NO,No
8443,539048825338,17_09_2024,No,No,No,No,COMP_NO,No
8444,539048829210,17_09_2024,No,No,No,No,COMP_NO,No
8445,539048832416,17_09_2024,No,No,No,No,COMP_NO,No
8446,539048840267,17_09_2024,No,No,No,No,COMP_NO,No
8447,539048841392,17_09_2024,No,No,No,No,COMP_NO,No
8448,539048856456,17_09_2024,No,No,No,No,COMP_NO,No
8449,539048857705,17_09_2024,No,No,No,No,COMP_NO,No
8450,539048873964,17_09_2024,No,No,No,No,COMP_NO,No
8451,539048885754,17_09_2024,No,No,No,No,COMP_NO,No
8452,539048886269,17_09_2024,No,No,No,No,COMP_NO,No
8453,539048886451,17_09_2024,No,No,No,No,COMP_NO,No
8454,539048914618,17_09_2024,No,No,No,No,COMP_NO,No
8455,539048916140,17_09_2024,No,No,No,No,COMP_NO,No
8456,539048917687,17_09_2024,No,No,No,No,COMP_NO,No
8457,539048952894,17_09_2024,No,No,No,No,COMP_NO,No
8458,539048981391,17_09_2024,No,No,No,No,COMP_NO,No
8459,539048983261,17_09_2024,No,No,No,No,COMP_NO,No
8460,539049010959,17_09_2024,No,No,No,No,COMP_NO,No
8461,539049032642,17_09_2024,No,No,No,No,COMP_NO,No
8462,539049033140,17_09_2024,No,No,No,No,COMP_NO,No
8463,539049054685,17_09_2024,No,No,No,No,COMP_NO,No
8464,539049061081,17_09_2024,No,No,No,No,COMP_NO,No
8465,539049071965,17_09_2024,No,No,No,No,COMP_NO,No
8466,539049074283,17_09_2024,No,No,No,No,COMP_NO,No
8467,539049085067,17_09_2024,No,No,No,No,COMP_NO,No
8468,539049085738,17_09_2024,No,No,No,No,COMP_NO,No
8469,539049095410,17_09_2024,No,No,No,No,COMP_NO,No
8470,539049095543,17_09_2024,No,No,No,No,COMP_NO,No
8471,539049106508,17_09_2024,No,No,No,No,COMP_NO,No
8472,564542056127,14_10_2024,No,No,No,No,COMP_NO,No
8473,564542058768,14_10_2024,No,Yes,No,No,COMP_CH,Yes
8474,564542062696,14_10_2024,No,No,No,No,COMP_NO,No
8475,564542255620,14_10_2024,No,No,No,No,COMP_NO,No
8476,564542256526,14_10_2024,No,No,No,No,COMP_NO,No
8477,564542262423,14_10_2024,No,No,No,No,COMP_NO,No
8478,564542569889,14_10_2024,No,Yes,No,No,COMP_CO,Yes
8479,564542571210,14_10_2024,No,No,No,No,COMP_NO,No
8480,564542593734,14_10_2024,No,No,No,No,COMP_NO,No
8481,564542593818,14_10_2024,No,Yes,No,Yes,COMP_NO,No
8482,564542608869,14_10_2024,No,No,No,No,COMP_NO,No
8483,564542609835,14_10_2024,No,No,No,No,COMP_NO,No
8484,564542685479,14_10_2024,No,No,No,No,COMP_NO,No
8485,564542933840,15_10_2024,No,No,No,Yes,COMP_NO,No
8486,564542934523,15_10_2024,No,No,No,No,COMP_NO,No
8487,564542995309,15_10_2024,No,Yes,No,No,COMP_NO,No
8488,564542995860,15_10_2024,No,No,No,No,COMP_NO,No
8489,564543002400,15_10_2024,No,No,No,No,COMP_NO,No
8490,564543022089,15_10_2024,No,No,No,No,COMP_NO,No
8491,564543025255,15_10_2024,No,No,No,No,COMP_NO,No
8492,564543069481,15_10_2024,No,No,No,No,COMP_NO,No
8493,564543087706,15_10_2024,No,No,No,No,COMP_NO,No
8494,564543089841,15_10_2024,No,No,No,No,COMP_NO,No
8495,564543090696,15_10_2024,No,No,No,No,COMP_NO,No
8496,564543229446,15_10_2024,No,No,No,No,COMP_NO,No
8497,564543243270,15_10_2024,No,No,No,No,COMP_NO,No
8498,564543244519,15_10_2024,No,No,No,No,COMP_NO,No
8499,564543246178,15_10_2024,No,No,No,No,COMP_NO,No
8500,564543249008,15_10_2024,No,No,No,No,COMP_NO,No
8501,564543260937,15_10_2024,No,No,No,No,COMP_NO,No
8502,564543275734,15_10_2024,No,No,No,No,COMP_NO,No
8503,564543278447,15_10_2024,No,No,No,No,COMP_NO,No
8504,564543328156,15_10_2024,No,No,No,No,COMP_NO,No
8505,564543406486,15_10_2024,No,No,No,No,COMP_NO,No
8506,564543410315,15_10_2024,No,Yes,No,No,COMP_BE,Yes
8507,564543419268,15_10_2024,No,No,No,No,COMP_NO,No
8508,564543422995,15_10_2024,No,No,No,No,COMP_NO,No
8509,564543428926,15_10_2024,No,Yes,No,Yes,COMP_NO,No
8510,564543433787,15_10_2024,No,No,No,No,COMP_NO,No
8511,564543435590,15_10_2024,No,No,No,No,COMP_NO,No
8512,564543441685,15_10_2024,No,No,No,No,COMP_NO,No
8513,564543485454,15_10_2024,No,No,No,No,COMP_NO,No
8514,564543489482,15_10_2024,No,No,No,No,COMP_NO,No
8515,565595882116,30_10_2024,Yes,Yes,No,Yes,COMP_CH,Yes
8516,565597385146,01_11_2024,No,No,No,No,COMP_NO,No
8517,565597388456,01_11_2024,No,No,No,No,COMP_NO,No
8518,589777681399,01_11_2024,No,No,No,No,COMP_NO,No
8519,589778990247,04_11_2024,No,No,No,No,COMP_NO,No
8520,589779090521,04_11_2024,No,Yes,No,Yes,COMP_NO,No
8521,589779354032,04_11_2024,No,No,No,No,COMP_NO,No
8522,589779357263,04_11_2024,No,No,No,No,COMP_NO,No
8523,589779389033,04_11_2024,No,No,No,No,COMP_NO,No
8524,589779487364,04_11_2024,No,No,No,No,COMP_NO,No
8525,589779489533,04_11_2024,No,No,No,No,COMP_NO,No
8526,589927574862,04_11_2024,No,No,No,No,COMP_NO,No
8527,589927574985,04_11_2024,No,No,No,No,COMP_NO,No
8528,589927864077,05_11_2024,No,Yes,No,Yes,COMP_NO,No
8529,589927899396,05_11_2024,No,Yes,No,Yes,COMP_NO,No
8530,589927909197,05_11_2024,Yes,Yes,No,No,COMP_SA,Yes
8531,589927909400,05_11_2024,No,No,No,No,COMP_NO,No
8532,589927960601,05_11_2024,No,No,No,No,COMP_NO,No
8533,589927961687,05_11_2024,No,No,No,No,COMP_NO,No
8534,589928076247,05_11_2024,No,No,No,No,COMP_NO,No
8535,589928076382,05_11_2024,Yes,Yes,No,No,COMP_SA,Yes
8536,589928076790,05_11_2024,No,No,No,No,COMP_NO,No
8537,589928111814,05_11_2024,No,No,No,No,COMP_NO,No
8538,589928161038,05_11_2024,No,Yes,No,Yes,COMP_NO,No
8539,589928173356,05_11_2024,No,No,No,No,COMP_NO,No
8540,589928198639,05_11_2024,No,Yes,No,Yes,COMP_NO,No
8541,589928207224,05_11_2024,No,Yes,No,No,COMP_NO,No
8542,589928210521,05_11_2024,No,No,No,No,COMP_NO,No
8543,589928234429,05_11_2024,No,No,No,No,COMP_NO,No
8544,589928248681,05_11_2024,No,No,No,No,COMP_NO,No
8545,589928302067,05_11_2024,No,No,No,No,COMP_NO,No
8546,589928355505,05_11_2024,No,No,No,No,COMP_NO,No
8547,589928401111,05_11_2024,No,Yes,No,Yes,COMP_CO,Yes
8548,589928402677,05_11_2024,No,No,No,No,COMP_NO,No
8549,589928404225,05_11_2024,No,No,No,No,COMP_NO,No
8550,589928405430,05_11_2024,No,No,No,Yes,COMP_NO,No
8551,589928430597,05_11_2024,No,No,No,No,COMP_NO,No
8552,589928431349,05_11_2024,No,No,No,No,COMP_NO,No
8553,589928439899,05_11_2024,No,Yes,No,No,COMP_CO,Yes
8554,589928442423,05_11_2024,No,No,No,No,COMP_NO,No
8555,589928459804,05_11_2024,No,No,No,No,COMP_NO,No
8556,589928488484,05_11_2024,No,No,No,No,COMP_CO,Yes
8557,589928488511,05_11_2024,No,No,No,No,COMP_NO,No
8558,589928489793,05_11_2024,No,No,No,No,COMP_NO,No
8559,589928492605,05_11_2024,No,No,No,No,COMP_NO,No
8560,589928507090,05_11_2024,No,No,No,No,COMP_NO,No
8561,589928770648,06_11_2024,No,No,No,Yes,COMP_NO,No
8562,589928777540,06_11_2024,No,No,No,No,COMP_NO,No
8563,589928784900,06_11_2024,No,Yes,No,Yes,COMP_NO,No
8564,589928813924,06_11_2024,No,No,No,No,COMP_NO,No
8565,589928829950,06_11_2024,No,Yes,No,No,COMP_CH,Yes
8566,589928832809,06_11_2024,No,No,No,No,COMP_NO,No
8567,589928879338,06_11_2024,No,No,No,No,COMP_NO,No
8568,589928904384,06_11_2024,No,No,No,No,COMP_NO,No
8569,589928904847,06_11_2024,No,No,No,No,COMP_NO,No
8570,589928905177,06_11_2024,No,No,No,No,COMP_NO,No
8571,589928913843,06_11_2024,No,Yes,No,Yes,COMP_NO,No
8572,589928914900,06_11_2024,No,No,No,No,COMP_NO,No
8573,589928937882,06_11_2024,No,No,No,No,COMP_NO,No
8574,589928938900,06_11_2024,No,No,No,No,COMP_NO,No
8575,589928977907,06_11_2024,No,No,No,No,COMP_NO,No
8576,589928991109,06_11_2024,No,Yes,No,Yes,COMP_NO,No
8577,589928999971,06_11_2024,No,No,No,No,COMP_NO,No
8578,589929003755,06_11_2024,No,No,No,No,COMP_NO,No
8579,589929031202,06_11_2024,No,No,No,No,COMP_NO,No
8580,589929031501,06_11_2024,No,No,No,No,COMP_NO,No
8581,589929048529,06_11_2024,No,No,No,No,COMP_NO,No
8582,589929048590,06_11_2024,No,No,No,No,COMP_NO,No
8583,589929050673,06_11_2024,No,No,No,No,COMP_NO,No
8584,589929072867,06_11_2024,No,No,No,No,COMP_NO,No
8585,589929079523,06_11_2024,No,No,No,No,COMP_NO,No
8586,589929080707,06_11_2024,No,No,No,No,COMP_NO,No
8587,589929098006,06_11_2024,No,No,No,No,COMP_NO,No
8588,589929109502,06_11_2024,No,No,No,No,COMP_NO,No
8589,589929109810,06_11_2024,No,No,No,No,COMP_NO,No
8590,589929129737,06_11_2024,No,No,No,No,COMP_NO,No
8591,589929130161,06_11_2024,No,No,No,No,COMP_NO,No
8592,589929131729,06_11_2024,No,No,No,No,COMP_NO,No
8593,589929131797,06_11_2024,No,No,No,No,COMP_NO,No
8594,589929138571,06_11_2024,No,No,No,No,COMP_NO,No
8595,589929157178,06_11_2024,No,No,No,No,COMP_NO,No
8596,589929159629,06_11_2024,No,No,No,No,COMP_NO,No
8597,589929164212,06_11_2024,No,No,No,No,COMP_NO,No
8598,589929165318,06_11_2024,No,No,No,No,COMP_NO,No
8599,589929165716,06_11_2024,No,No,No,Yes,COMP_NO,No
8600,589929167446,06_11_2024,No,No,No,No,COMP_NO,No
8601,589929169842,06_11_2024,No,No,No,No,COMP_NO,No
8602,589929181504,06_11_2024,No,No,No,No,COMP_NO,No
8603,589929183291,06_11_2024,No,No,No,No,COMP_NO,No
8604,589929187258,06_11_2024,No,Yes,No,No,COMP_PE,Yes
8605,589929192450,06_11_2024,No,No,No,No,COMP_NO,No
8606,589929212436,06_11_2024,No,No,No,No,COMP_NO,No
8607,589929240249,06_11_2024,No,No,No,No,COMP_NO,No
8608,589929241253,06_11_2024,No,No,No,No,COMP_NO,No
8609,589929275611,06_11_2024,No,No,No,No,COMP_NO,No
8610,589929305586,06_11_2024,No,No,No,No,COMP_NO,No
8611,589929313129,06_11_2024,No,No,No,No,COMP_NO,No
8612,589929342427,06_11_2024,No,Yes,No,No,COMP_NO,No
8613,589929343332,06_11_2024,No,No,No,No,COMP_NO,No
8614,589929348871,06_11_2024,No,No,No,No,COMP_NO,No
8615,589929357384,06_11_2024,No,No,No,No,COMP_NO,No
8616,589929389778,06_11_2024,No,No,No,No,COMP_NO,No
8617,589929420933,06_11_2024,No,No,No,No,COMP_NO,No
8618,589929421112,06_11_2024,No,No,No,No,COMP_NO,No
8619,590064655577,07_11_2024,No,No,No,No,COMP_NO,No
8620,590064686911,07_11_2024,No,No,No,No,COMP_NO,No
8621,590064708584,07_11_2024,No,No,No,No,COMP_NO,No
8622,590064708785,07_11_2024,No,No,No,No,COMP_NO,No
8623,590064709248,07_11_2024,No,No,No,No,COMP_NO,No
8624,590064721928,07_11_2024,No,No,No,No,COMP_NO,No
8625,590064738377,07_11_2024,No,No,No,No,COMP_NO,No
8626,590064761129,07_11_2024,No,No,No,No,COMP_NO,No
8627,590064764277,07_11_2024,No,No,No,No,COMP_NO,No
8628,590064765404,07_11_2024,No,No,No,No,COMP_NO,No
8629,590064775464,07_11_2024,No,No,No,No,COMP_NO,No
8630,590064780007,07_11_2024,No,No,No,No,COMP_NO,No
8631,590064878348,07_11_2024,No,No,No,No,COMP_NO,No
8632,590064901020,07_11_2024,No,No,No,No,COMP_NO,No
8633,539048574626,17_09_2024,No,No,No,No,COMP_NO,No
8634,539048577099,17_09_2024,No,No,No,No,COMP_NO,No
8635,539048586710,17_09_2024,No,No,No,No,COMP_NO,No
8636,539048596649,17_09_2024,No,Yes,No,Yes,COMP_NO,No
8637,539048601669,17_09_2024,No,No,No,No,COMP_NO,No
8638,539048603764,17_09_2024,No,No,No,No,COMP_NO,No
8639,539048611975,17_09_2024,No,No,No,No,COMP_NO,No
8640,539048613666,17_09_2024,No,No,No,No,COMP_NO,No
8641,539048619255,17_09_2024,No,No,No,No,COMP_NO,No
8642,539048623935,17_09_2024,No,No,No,No,COMP_NO,No
8643,539048636140,17_09_2024,No,No,No,No,COMP_NO,No
8644,539048638876,17_09_2024,No,No,No,No,COMP_NO,No
8645,539048684555,17_09_2024,No,No,No,No,COMP_NO,No
8646,539048722342,17_09_2024,No,No,No,No,COMP_NO,No
8647,539048746206,17_09_2024,No,No,No,No,COMP_NO,No
8648,539048748972,17_09_2024,No,No,No,No,COMP_NO,No
8649,539048752072,17_09_2024,No,Yes,No,Yes,COMP_NO,No
8650,539048762749,17_09_2024,No,No,No,No,COMP_NO,No
8651,539048771071,17_09_2024,No,No,No,No,COMP_NO,No
8652,539048782630,17_09_2024,No,Yes,No,No,COMP_NO,No
8653,539048785017,17_09_2024,No,No,No,No,COMP_NO,No
8654,539048787826,17_09_2024,No,No,No,No,COMP_NO,No
8655,539048799285,17_09_2024,No,No,No,Yes,COMP_NO,No
8656,539048818803,17_09_2024,No,Yes,No,No,COMP_NO,No
8657,539048830159,17_09_2024,No,Yes,No,Yes,COMP_NO,No
8658,539048841417,17_09_2024,No,No,No,No,COMP_NO,No
8659,539048841485,17_09_2024,No,No,No,No,COMP_NO,No
8660,539048849042,17_09_2024,No,Yes,No,Yes,COMP_NO,No
8661,539048849455,17_09_2024,No,No,No,No,COMP_NO,No
8662,539048877872,17_09_2024,No,No,No,No,COMP_NO,No
8663,539048878292,17_09_2024,No,No,No,No,COMP_NO,No
8664,539048879451,17_09_2024,No,No,No,No,COMP_NO,No
8665,539048884950,17_09_2024,No,No,No,No,COMP_NO,No
8666,539048891769,17_09_2024,No,No,No,No,COMP_NO,No
8667,539048894657,17_09_2024,No,No,No,No,COMP_NO,No
8668,539048896628,17_09_2024,No,No,No,No,COMP_NO,No
8669,539048905405,17_09_2024,No,No,No,No,COMP_NO,No
8670,539048906429,17_09_2024,No,Yes,No,Yes,COMP_NO,No
8671,539048906949,17_09_2024,No,No,No,No,COMP_NO,No
8672,539048918078,17_09_2024,No,No,No,No,COMP_NO,No
8673,539048918409,17_09_2024,No,No,No,No,COMP_NO,No
8674,539048924804,17_09_2024,No,Yes,No,Yes,COMP_NO,No
8675,539048953347,17_09_2024,No,Yes,No,No,COMP_NO,No
8676,539048954278,17_09_2024,No,No,No,No,COMP_NO,No
8677,539048954854,17_09_2024,No,No,No,No,COMP_NO,No
8678,539048963309,17_09_2024,No,Yes,No,Yes,COMP_NO,No
8679,539048963697,17_09_2024,No,No,No,No,COMP_NO,No
8680,539048966919,17_09_2024,No,No,No,No,COMP_NO,No
8681,539048968919,17_09_2024,No,No,No,No,COMP_NO,No
8682,539048985769,17_09_2024,No,No,No,No,COMP_NO,No
8683,539048986771,17_09_2024,Yes,No,No,No,COMP_NO,Yes
8684,539049016785,17_09_2024,No,No,No,No,COMP_NO,No
8685,539049017918,17_09_2024,No,No,No,No,COMP_NO,No
8686,539049041585,17_09_2024,No,No,No,No,COMP_NO,No
8687,539049046805,17_09_2024,Yes,Yes,No,Yes,COMP_NO,Yes
8688,539049068610,17_09_2024,No,No,No,No,COMP_NO,No
8689,539049074723,17_09_2024,Yes,Yes,No,Yes,COMP_CH,Yes
8690,539049091423,17_09_2024,No,No,No,No,COMP_NO,No
8691,539049092745,17_09_2024,No,No,No,No,COMP_NO,No
8692,539049100021,17_09_2024,No,No,No,No,COMP_NO,No
8693,539049100091,17_09_2024,No,No,No,No,COMP_NO,No
8694,539049101463,17_09_2024,No,No,No,No,COMP_NO,No
8695,539049103620,17_09_2024,No,No,No,No,COMP_NO,No
8696,539049105901,17_09_2024,No,No,No,No,COMP_NO,No
8697,539049113151,17_09_2024,No,No,No,No,COMP_NO,No
8698,539049147118,17_09_2024,No,No,No,No,COMP_NO,No
8699,564375301191,10_10_2024,Yes,Yes,No,Yes,COMP_SM,Yes
8700,564542337019,14_10_2024,No,No,No,Yes,COMP_NO,No
8701,564542349065,14_10_2024,No,No,No,No,COMP_NO,No
8702,564542697100,14_10_2024,No,Yes,No,Yes,COMP_NO,Yes
8703,564542699133,14_10_2024,No,No,No,No,COMP_NO,No
8704,564542706746,14_10_2024,No,No,No,No,COMP_NO,No
8705,564542715353,14_10_2024,No,No,No,No,COMP_NO,No
8706,564543025311,15_10_2024,No,No,No,No,COMP_NO,No
8707,564543027964,15_10_2024,No,No,No,No,COMP_NO,No
8708,564543073813,15_10_2024,No,No,No,No,COMP_NO,No
8709,564543074868,15_10_2024,No,No,No,No,COMP_NO,No
8710,564543075674,15_10_2024,No,No,No,No,COMP_NO,No
8711,564543250064,15_10_2024,No,Yes,No,Yes,COMP_NO,No
8712,564543263081,15_10_2024,No,No,No,No,COMP_NO,No
8713,564543280519,15_10_2024,No,No,No,No,COMP_NO,No
8714,564543442620,15_10_2024,No,No,No,No,COMP_NO,No
8715,564543446497,15_10_2024,Yes,No,No,No,COMP_SA,Yes
8716,564543446745,15_10_2024,No,No,No,No,COMP_NO,No
8717,564543489880,15_10_2024,No,No,No,No,COMP_NO,No
8718,564543538533,15_10_2024,No,No,No,No,COMP_NO,No
8719,589779360516,04_11_2024,No,No,No,No,COMP_NO,No
8720,589927866930,05_11_2024,No,No,No,No,COMP_NO,No
8721,589927873530,05_11_2024,No,No,No,No,COMP_NO,No
8722,589928022767,05_11_2024,No,No,No,No,COMP_NO,No
8723,589928112426,05_11_2024,No,No,No,No,COMP_NO,No
8724,589928116115,05_11_2024,No,No,No,No,COMP_NO,No
8725,589928275392,05_11_2024,No,Yes,No,Yes,COMP_CH,Yes
8726,589928275558,05_11_2024,No,No,No,No,COMP_NO,No
8727,589928308797,05_11_2024,No,No,No,No,COMP_NO,No
8728,589928311329,05_11_2024,No,No,No,No,COMP_NO,No
8729,589928311493,05_11_2024,No,Yes,No,Yes,COMP_NO,Yes
8730,589928355597,05_11_2024,No,No,No,No,COMP_NO,No
8731,589928359745,05_11_2024,No,No,No,No,COMP_NO,No
8732,589928372885,05_11_2024,No,No,No,No,COMP_NO,No
8733,589928407267,05_11_2024,No,No,No,No,COMP_NO,No
8734,589928409618,05_11_2024,No,No,No,No,COMP_NO,No
8735,589928443484,05_11_2024,No,Yes,No,No,COMP_NO,No
8736,589928460075,05_11_2024,No,No,No,No,COMP_NO,No
8737,589928496045,05_11_2024,No,No,No,No,COMP_NO,No
8738,589928508250,05_11_2024,No,No,No,No,COMP_NO,No
8739,589928788988,06_11_2024,No,No,No,No,COMP_NO,No
8740,589928836716,06_11_2024,No,No,No,No,COMP_NO,No
8741,589928881037,06_11_2024,No,No,No,No,COMP_NO,No
8742,589928882796,06_11_2024,No,Yes,No,Yes,COMP_SA,Yes
8743,589928883903,06_11_2024,No,No,No,No,COMP_NO,No
8744,589928887951,06_11_2024,No,No,No,No,COMP_NO,No
8745,589928939434,06_11_2024,No,No,No,No,COMP_NO,No
8746,589928942849,06_11_2024,No,Yes,No,No,COMP_NO,No
8747,589928948311,06_11_2024,No,No,No,No,COMP_NO,No
8748,589928950832,06_11_2024,No,No,No,No,COMP_NO,No
8749,589928977989,06_11_2024,No,Yes,No,Yes,COMP_NO,No
8750,589928979329,06_11_2024,No,No,No,No,COMP_NO,No
8751,589928980509,06_11_2024,No,No,No,No,COMP_NO,No
8752,589929018970,06_11_2024,No,No,No,No,COMP_NO,No
8753,589929032027,06_11_2024,No,No,No,No,COMP_NO,No
8754,589929032381,06_11_2024,No,No,No,No,COMP_NO,No
8755,589929039307,06_11_2024,No,No,No,No,COMP_NO,No
8756,589929084545,06_11_2024,No,Yes,No,Yes,COMP_NO,No
8757,589929085560,06_11_2024,No,No,No,No,COMP_NO,No
8758,589929110578,06_11_2024,No,No,No,No,COMP_NO,No
8759,589929112034,06_11_2024,No,No,No,No,COMP_NO,No
8760,589929113533,06_11_2024,No,No,No,No,COMP_NO,No
8761,589929143270,06_11_2024,No,Yes,No,Yes,COMP_CH,Yes
8762,589929148177,06_11_2024,No,No,No,No,COMP_NO,No
8763,589929163976,06_11_2024,Yes,Yes,No,Yes,COMP_SM,Yes
8764,589929172971,06_11_2024,No,No,No,No,COMP_NO,No
8765,589929187348,06_11_2024,No,No,No,No,COMP_NO,No
8766,589929193538,06_11_2024,No,No,No,No,COMP_NO,No
8767,589929213167,06_11_2024,Yes,Yes,No,Yes,COMP_CO,Yes
8768,589929213954,06_11_2024,No,No,No,No,COMP_NO,No
8769,589929241970,06_11_2024,No,No,No,No,COMP_NO,No
8770,589929242019,06_11_2024,No,No,No,No,COMP_NO,No
8771,589929264722,06_11_2024,No,No,No,No,COMP_NO,No
8772,589929277581,06_11_2024,No,No,No,No,COMP_NO,No
8773,589929279781,06_11_2024,No,No,No,No,COMP_NO,No
8774,589929283660,06_11_2024,No,Yes,No,Yes,COMP_CH,Yes
8775,589929288293,06_11_2024,No,Yes,No,No,COMP_NO,No
8776,589929291122,06_11_2024,No,No,No,No,COMP_NO,No
8777,589929291246,06_11_2024,No,Yes,No,Yes,COMP_NO,No
8778,589929294771,06_11_2024,No,No,No,No,COMP_NO,No
8779,589929314409,06_11_2024,No,No,No,No,COMP_NO,No
8780,589929322542,06_11_2024,No,Yes,No,Yes,COMP_NO,No
8781,589929354884,06_11_2024,No,No,No,No,COMP_NO,No
8782,589929355071,06_11_2024,No,No,No,No,COMP_NO,No
8783,589929357530,06_11_2024,No,No,No,No,COMP_NO,No
8784,589929357675,06_11_2024,No,No,No,No,COMP_NO,No
8785,589929357864,06_11_2024,No,No,No,No,COMP_NO,No
8786,589929390451,06_11_2024,No,No,No,No,COMP_NO,No
8787,589929391215,06_11_2024,No,No,No,No,COMP_NO,No
8788,589929396978,06_11_2024,No,No,No,No,COMP_NO,No
8789,589929400960,06_11_2024,No,Yes,No,No,COMP_NO,No
8790,589929439843,06_11_2024,No,Yes,No,Yes,COMP_NO,No
8791,590064668368,07_11_2024,No,No,No,No,COMP_NO,No
8792,590064676027,07_11_2024,No,No,No,No,COMP_NO,No
8793,590064679885,07_11_2024,No,Yes,No,No,COMP_SM,Yes
8794,590064680226,07_11_2024,No,No,No,No,COMP_NO,No
8795,590064691941,07_11_2024,No,Yes,No,No,COMP_NO,No
8796,590064693073,07_11_2024,No,No,No,No,COMP_NO,No
8797,590064693607,07_11_2024,No,No,No,No,COMP_NO,No
8798,590064701421,07_11_2024,No,No,No,No,COMP_NO,No
8799,590064724100,07_11_2024,No,No,No,No,COMP_NO,No
8800,590064724498,07_11_2024,No,No,No,No,COMP_NO,No
8801,590064725190,07_11_2024,No,No,No,No,COMP_NO,No
8802,590064731164,07_11_2024,No,No,No,No,COMP_NO,No
8803,590064736505,07_11_2024,No,No,No,No,COMP_NO,No
8804,590064745801,07_11_2024,No,No,No,No,COMP_NO,No
8805,590064748261,07_11_2024,No,No,No,No,COMP_NO,No
8806,590064753001,07_11_2024,No,No,No,No,COMP_NO,No
8807,590064753972,07_11_2024,No,No,No,No,COMP_NO,No
8808,590064761065,07_11_2024,No,No,No,No,COMP_NO,No
8809,590064767187,07_11_2024,No,No,No,No,COMP_NO,No
8810,590064780897,07_11_2024,No,No,No,No,COMP_NO,No
8811,590064799077,07_11_2024,No,No,No,No,COMP_NO,No
8812,590064800366,07_11_2024,No,No,No,No,COMP_NO,No
8813,590064825195,07_11_2024,No,Yes,No,No,COMP_AC,Yes
8814,590064828458,07_11_2024,No,No,No,No,COMP_NO,No
8815,590064901450,07_11_2024,No,Yes,No,Yes,COMP_NO,Yes
8816,590064904336,07_11_2024,No,Yes,No,No,COMP_NO,No
8817,590064923542,07_11_2024,No,No,No,No,COMP_NO,No
8818,590064924588,07_11_2024,No,No,No,No,COMP_NO,No
8819,590064927154,07_11_2024,No,No,No,No,COMP_NO,No
8820,590064928619,07_11_2024,No,No,No,No,COMP_NO,No
8821,590064939921,07_11_2024,No,No,No,No,COMP_NO,No
8822,590064944215,07_11_2024,No,No,No,No,COMP_NO,No
8823,590064952953,07_11_2024,No,No,No,No,COMP_NO,No
8824,590064980099,07_11_2024,No,No,No,No,COMP_NO,No
8825,590064986249,07_11_2024,No,No,No,No,COMP_NO,No
8826,590064991317,07_11_2024,No,No,No,No,COMP_NO,No
8827,590064999911,07_11_2024,No,No,No,No,COMP_NO,No
8828,590065005373,07_11_2024,No,No,No,No,COMP_NO,No
8829,590065013188,07_11_2024,No,No,No,No,COMP_NO,No
8830,590065022332,07_11_2024,No,No,No,No,COMP_NO,No
8831,590065029530,07_11_2024,No,No,No,No,COMP_NO,No
8832,590065036952,07_11_2024,No,No,No,No,COMP_NO,No
8833,590065051031,07_11_2024,No,No,No,No,COMP_NO,No
8834,590065061609,07_11_2024,No,No,No,No,COMP_NO,No
8835,590065100248,07_11_2024,No,No,No,No,COMP_NO,No
8836,590065106396,07_11_2024,No,Yes,No,Yes,COMP_NO,No
8837,590065111221,07_11_2024,No,No,No,No,COMP_NO,No
8838,590065119988,07_11_2024,No,No,No,No,COMP_NO,No
8839,590065122029,07_11_2024,No,No,No,No,COMP_NO,No
8840,590065137334,07_11_2024,No,Yes,No,No,COMP_NO,No
8841,590065139987,07_11_2024,No,No,No,No,COMP_NO,No
8842,590065197059,07_11_2024,No,No,No,No,COMP_NO,No
8843,590065266080,07_11_2024,No,No,No,No,COMP_NO,No
8844,590065295598,07_11_2024,No,No,No,No,COMP_NO,No
8845,590065327042,07_11_2024,No,No,No,No,COMP_NO,No
8846,590065590615,08_11_2024,No,No,No,No,COMP_NO,No
8847,539048624618,17_09_2024,No,No,No,No,COMP_NO,No
8848,539048771119,17_09_2024,No,No,No,No,COMP_NO,No
8849,539048772330,17_09_2024,No,No,No,No,COMP_NO,No
8850,539048788910,17_09_2024,No,Yes,No,No,COMP_NO,No
8851,539048789807,17_09_2024,No,Yes,No,No,COMP_NO,No
8852,539048799824,17_09_2024,Yes,No,No,No,COMP_NO,Yes
8853,539048800534,17_09_2024,No,No,No,No,COMP_NO,No
8854,539048801933,17_09_2024,No,No,No,No,COMP_NO,No
8855,539048821236,17_09_2024,No,No,No,No,COMP_NO,No
8856,539048830189,17_09_2024,No,No,No,No,COMP_NO,No
8857,539048843787,17_09_2024,No,No,No,No,COMP_NO,No
8858,539048855921,17_09_2024,No,Yes,No,Yes,COMP_CH,Yes
8859,539048861743,17_09_2024,No,No,No,No,COMP_AC,Yes
8860,539048871662,17_09_2024,No,No,No,No,COMP_NO,No
8861,539048908843,17_09_2024,No,No,No,No,COMP_NO,No
8862,539048926376,17_09_2024,No,No,No,No,COMP_NO,No
8863,539048933390,17_09_2024,No,No,No,No,COMP_NO,No
8864,539048934577,17_09_2024,No,No,No,No,COMP_NO,No
8865,539048938796,17_09_2024,No,No,No,No,COMP_NO,No
8866,539048942384,17_09_2024,No,Yes,No,Yes,COMP_NO,No
8867,539048947513,17_09_2024,No,No,No,No,COMP_NO,No
8868,539048975331,17_09_2024,No,No,No,No,COMP_NO,No
8869,539048977255,17_09_2024,No,No,No,No,COMP_NO,No
8870,539048992227,17_09_2024,No,No,No,No,COMP_NO,No
8871,539048998039,17_09_2024,No,No,No,No,COMP_NO,No
8872,539048998858,17_09_2024,Yes,No,No,No,COMP_NO,Yes
8873,539048999375,17_09_2024,No,No,No,No,COMP_NO,No
8874,539049009338,17_09_2024,No,No,No,No,COMP_NO,No
8875,539049019487,17_09_2024,No,Yes,No,Yes,COMP_NO,No
8876,539049030113,17_09_2024,Yes,No,No,No,COMP_SA,Yes
8877,539049075503,17_09_2024,No,No,No,No,COMP_NO,No
8878,539049075884,17_09_2024,No,No,No,No,COMP_NO,No
8879,539049077216,17_09_2024,No,No,No,No,COMP_NO,No
8880,539049116382,17_09_2024,No,No,No,No,COMP_NO,No
8881,539049123265,17_09_2024,Yes,Yes,No,Yes,COMP_CH,Yes
8882,539049151033,17_09_2024,No,No,No,No,COMP_NO,No
8883,539049153063,17_09_2024,No,No,No,No,COMP_NO,No
8884,539049171860,17_09_2024,No,Yes,No,Yes,COMP_NO,No
8885,539049176178,17_09_2024,Yes,No,No,No,COMP_SA,Yes
8886,539049182650,17_09_2024,No,No,No,No,COMP_NO,No
8887,564542367733,14_10_2024,No,No,No,Yes,COMP_NO,No
8888,564542371318,14_10_2024,No,Yes,No,No,COMP_CH,Yes
8889,564542505035,14_10_2024,No,Yes,No,Yes,COMP_BE,Yes
8890,564542514849,14_10_2024,No,No,No,No,COMP_NO,No
8891,564542518910,14_10_2024,No,No,No,No,COMP_NO,No
8892,564542717397,14_10_2024,No,No,No,No,COMP_NO,No
8893,564543461967,15_10_2024,No,Yes,No,Yes,COMP_NO,No
8894,564543467191,15_10_2024,No,No,No,No,COMP_NO,No
8895,589928022775,05_11_2024,No,No,No,No,COMP_NO,No
8896,589928029841,05_11_2024,No,No,No,No,COMP_NO,No
8897,589928035467,05_11_2024,No,Yes,No,Yes,COMP_SI,Yes
8898,589928117078,05_11_2024,No,No,No,No,COMP_NO,No
8899,589928373834,05_11_2024,No,Yes,No,Yes,COMP_NO,No
8900,589928410191,05_11_2024,No,No,No,No,COMP_NO,No
8901,589928462505,05_11_2024,No,Yes,No,Yes,COMP_CO,Yes
8902,589928509647,05_11_2024,No,Yes,No,No,COMP_CH,Yes
8903,589928519414,05_11_2024,No,No,No,No,COMP_NO,No
8904,589928796757,06_11_2024,No,Yes,No,Yes,COMP_NO,No
8905,589928798127,06_11_2024,No,No,No,No,COMP_NO,No
8906,589928836890,06_11_2024,No,No,No,No,COMP_NO,No
8907,589928843361,06_11_2024,No,No,No,No,COMP_NO,No
8908,589928888876,06_11_2024,No,No,No,No,COMP_NO,No
8909,589928920726,06_11_2024,No,No,No,No,COMP_NO,No
8910,589928924266,06_11_2024,No,No,No,No,COMP_NO,No
8911,589928925782,06_11_2024,No,Yes,No,Yes,COMP_CH,Yes
8912,589928956862,06_11_2024,Yes,Yes,No,Yes,COMP_SA,Yes
8913,589928958496,06_11_2024,No,No,No,Yes,COMP_NO,No
8914,589928960017,06_11_2024,No,No,No,No,COMP_NO,No
8915,589928961439,06_11_2024,No,No,No,No,COMP_NO,No
8916,589928981117,06_11_2024,No,No,No,No,COMP_NO,No
8917,589929052990,06_11_2024,No,Yes,No,No,COMP_CH,Yes
8918,589929053140,06_11_2024,No,No,No,No,COMP_NO,No
8919,589929055695,06_11_2024,No,No,No,No,COMP_NO,No
8920,589929114949,06_11_2024,No,No,No,No,COMP_NO,No
8921,589929174830,06_11_2024,No,No,No,No,COMP_NO,No
8922,589929177107,06_11_2024,No,No,No,No,COMP_NO,No
8923,589929180209,06_11_2024,No,No,No,No,COMP_NO,No
8924,589929198518,06_11_2024,No,No,No,No,COMP_NO,No
8925,589929198641,06_11_2024,No,No,No,No,COMP_NO,No
8926,589929203783,06_11_2024,No,No,No,No,COMP_NO,No
8927,589929206423,06_11_2024,No,No,No,No,COMP_NO,No
8928,589929266779,06_11_2024,No,No,No,No,COMP_NO,No
8929,589929268513,06_11_2024,No,No,No,No,COMP_NO,No
8930,589929299933,06_11_2024,No,Yes,No,Yes,COMP_PR,Yes
8931,589929314517,06_11_2024,No,No,No,No,COMP_NO,No
8932,589929314693,06_11_2024,No,No,No,No,COMP_NO,No
8933,589929324212,06_11_2024,No,No,No,No,COMP_NO,No
8934,589929326089,06_11_2024,No,Yes,No,No,COMP_CH,Yes
8935,589929332721,06_11_2024,No,No,No,No,COMP_NO,No
8936,589929363560,06_11_2024,No,No,No,No,COMP_NO,No
8937,589929366919,06_11_2024,No,Yes,No,Yes,COMP_CH,Yes
8938,589929375448,06_11_2024,No,Yes,No,Yes,COMP_CH,Yes
8939,589929377835,06_11_2024,No,No,No,No,COMP_NO,No
8940,589929380219,06_11_2024,No,Yes,No,No,COMP_CH,Yes
8941,589929387240,06_11_2024,No,No,No,No,COMP_NO,No
8942,589929411602,06_11_2024,No,No,No,No,COMP_NO,No
8943,589929416590,06_11_2024,No,No,No,No,COMP_NO,No
8944,590064702620,07_11_2024,No,No,No,No,COMP_NO,No
8945,590064706829,07_11_2024,No,No,No,No,COMP_NO,No
8946,590064712292,07_11_2024,No,Yes,No,Yes,COMP_CH,Yes
8947,590064716527,07_11_2024,No,No,No,No,COMP_NO,No
8948,590064717758,07_11_2024,No,No,No,No,COMP_NO,No
8949,590064718432,07_11_2024,No,Yes,No,Yes,COMP_NO,No
8950,590064737665,07_11_2024,No,No,No,No,COMP_NO,No
8951,590064767323,07_11_2024,No,No,No,No,COMP_NO,No
8952,590064769438,07_11_2024,No,No,No,No,COMP_NO,No
8953,590064770850,07_11_2024,No,No,No,No,COMP_NO,No
8954,590064771053,07_11_2024,No,No,No,No,COMP_NO,No
8955,590064771135,07_11_2024,No,No,No,No,COMP_NO,No
8956,590064783622,07_11_2024,No,Yes,No,Yes,COMP_NO,No
8957,590064790872,07_11_2024,No,No,No,No,COMP_NO,No
8958,590064792259,07_11_2024,No,No,No,No,COMP_NO,Yes
8959,590064794792,07_11_2024,No,No,No,No,COMP_NO,No
8960,590064803124,07_11_2024,No,Yes,No,Yes,COMP_CH,Yes
8961,590064807033,07_11_2024,No,No,No,No,COMP_NO,No
8962,590064831178,07_11_2024,No,No,No,No,COMP_NO,No
8963,590064833966,07_11_2024,No,No,No,No,COMP_NO,No
8964,590064841847,07_11_2024,Yes,Yes,No,No,COMP_SA,Yes
8965,590064842554,07_11_2024,No,No,No,No,COMP_NO,No
8966,590064873657,07_11_2024,No,Yes,No,Yes,COMP_SM,Yes
8967,590064906822,07_11_2024,No,No,No,No,COMP_NO,No
8968,590064907345,07_11_2024,No,No,No,No,COMP_NO,No
8969,590064910722,07_11_2024,No,No,No,No,COMP_NO,No
8970,590064921119,07_11_2024,No,No,No,No,COMP_NO,No
8971,590064930309,07_11_2024,No,No,No,Yes,COMP_NO,No
8972,590064930333,07_11_2024,No,No,No,No,COMP_NO,No
8973,590064937251,07_11_2024,No,No,No,No,COMP_NO,No
8974,590064955519,07_11_2024,No,No,No,No,COMP_NO,No
8975,590064958356,07_11_2024,No,No,No,No,COMP_NO,No
8976,590064960103,07_11_2024,No,No,No,No,COMP_NO,No
8977,590064973494,07_11_2024,No,No,No,No,COMP_NO,No
8978,590064973529,07_11_2024,No,No,No,No,COMP_NO,No
8979,590064991503,07_11_2024,No,No,No,No,COMP_NO,No
8980,590064998278,07_11_2024,No,Yes,No,No,COMP_NO,Yes
8981,590065023372,07_11_2024,No,No,No,No,COMP_NO,No
8982,590065024037,07_11_2024,No,No,No,No,COMP_NO,No
8983,590065026113,07_11_2024,No,Yes,No,Yes,COMP_NO,No
8984,590065027770,07_11_2024,No,No,No,No,COMP_NO,No
8985,590065056885,07_11_2024,No,No,No,No,COMP_NO,No
8986,590065146607,07_11_2024,No,No,No,No,COMP_NO,No
8987,590065154418,07_11_2024,No,No,No,No,COMP_NO,No
8988,590065198561,07_11_2024,No,No,No,No,COMP_NO,No
8989,590065200800,07_11_2024,No,No,No,No,COMP_NO,No
8990,590065205834,07_11_2024,No,No,No,No,COMP_NO,No
8991,590065206927,07_11_2024,No,No,No,No,COMP_NO,No
8992,590065210941,07_11_2024,No,No,No,Yes,COMP_NO,No
8993,590065234432,07_11_2024,No,No,No,No,COMP_NO,No
8994,590065250151,07_11_2024,No,No,No,No,COMP_NO,No
8995,590065250416,07_11_2024,No,No,No,No,COMP_NO,No
8996,590065257803,07_11_2024,No,No,No,No,COMP_NO,No
8997,590065266774,07_11_2024,No,No,No,No,COMP_NO,No
8998,590065268325,07_11_2024,No,No,No,No,COMP_NO,No
8999,590065275862,07_11_2024,No,No,No,No,COMP_NO,No
9000,590065287218,07_11_2024,No,No,No,No,COMP_NO,No
9001,590065290149,07_11_2024,No,No,No,No,COMP_NO,No
9002,590065295309,07_11_2024,No,No,No,No,COMP_NO,No
9003,590065301195,07_11_2024,No,No,No,No,COMP_NO,No
9004,590065312645,07_11_2024,No,No,No,No,COMP_NO,No
9005,590065328667,07_11_2024,No,No,No,No,COMP_NO,No
9006,590065331309,07_11_2024,No,No,No,No,COMP_NO,No
9007,590065348361,07_11_2024,No,No,No,No,COMP_NO,No
9008,590065350318,07_11_2024,No,Yes,No,Yes,COMP_NO,Yes
9009,590065578217,08_11_2024,No,No,No,No,COMP_NO,No
9010,590065603139,08_11_2024,No,Yes,No,Yes,COMP_SM,Yes
9011,590065604186,08_11_2024,No,No,No,No,COMP_NO,No
9012,590065607981,08_11_2024,No,No,No,Yes,COMP_NO,No
9013,590065615413,08_11_2024,No,No,No,No,COMP_NO,No
9014,590065616654,08_11_2024,Yes,Yes,Yes,Yes,COMP_CH,Yes
9015,590065623985,08_11_2024,No,No,No,No,COMP_NO,No
9016,590065625687,08_11_2024,No,No,No,No,COMP_NO,No
9017,590065631212,08_11_2024,No,Yes,No,Yes,COMP_NO,No
9018,590065634720,08_11_2024,No,No,No,No,COMP_NO,No
9019,590065660850,08_11_2024,No,No,No,No,COMP_NO,No
9020,590065663169,08_11_2024,No,Yes,No,Yes,COMP_NO,No
9021,590065667271,08_11_2024,No,No,No,No,COMP_NO,No
9022,590065676512,08_11_2024,No,No,No,No,COMP_NO,No
9023,590065677015,08_11_2024,No,No,No,No,COMP_NO,No
9024,590065698880,08_11_2024,No,No,No,No,COMP_NO,No
9025,590065699545,08_11_2024,No,No,No,No,COMP_NO,No
9026,590065707277,08_11_2024,No,No,No,No,COMP_NO,No
9027,590065728668,08_11_2024,No,No,No,No,COMP_NO,No
9028,590065730059,08_11_2024,Yes,Yes,No,No,COMP_SA,Yes
9029,590065734638,08_11_2024,No,No,No,No,COMP_NO,No
9030,590065736169,08_11_2024,No,No,No,No,COMP_NO,No
9031,590065738650,08_11_2024,No,No,No,No,COMP_NO,No
9032,590065757780,08_11_2024,No,No,No,No,COMP_NO,No
9033,590065759602,08_11_2024,No,No,No,No,COMP_NO,No
9034,590065761658,08_11_2024,No,No,No,No,COMP_NO,No
9035,590065782703,08_11_2024,No,No,No,No,COMP_NO,No
9036,590065802201,08_11_2024,No,No,No,No,COMP_NO,No
9037,590065804707,08_11_2024,No,No,No,No,COMP_NO,No
9038,590065824241,08_11_2024,No,No,No,No,COMP_NO,No
9039,590065825846,08_11_2024,No,No,No,No,COMP_NO,No
9040,590065854715,08_11_2024,No,No,No,No,COMP_NO,No
9041,590065854902,08_11_2024,No,No,No,No,COMP_NO,No
9042,590065863864,08_11_2024,No,No,No,No,COMP_NO,No
9043,590065871508,08_11_2024,No,No,No,No,COMP_NO,No
9044,590065878571,08_11_2024,No,No,No,No,COMP_NO,No
9045,590065879951,08_11_2024,No,No,No,No,COMP_NO,No
9046,590065899541,08_11_2024,No,No,No,No,COMP_NO,No
9047,590065905322,08_11_2024,No,No,No,No,COMP_NO,No
9048,590065926199,08_11_2024,No,No,No,No,COMP_NO,No
9049,590065999717,08_11_2024,No,No,No,No,COMP_NO,No
9050,590066004122,08_11_2024,No,No,No,No,COMP_NO,No
9051,590066024552,08_11_2024,No,No,No,No,COMP_NO,No
9052,590066086131,08_11_2024,No,No,No,No,COMP_NO,No
9053,590066087531,08_11_2024,No,No,No,No,COMP_NO,No
9054,590066109107,08_11_2024,No,No,No,No,COMP_NO,No
9055,590066120727,08_11_2024,No,No,No,No,COMP_NO,No
9056,590066149938,08_11_2024,No,No,No,No,COMP_NO,No
9057,590066167248,08_11_2024,No,No,No,No,COMP_NO,No
9058,590066173442,08_11_2024,No,No,No,No,COMP_NO,No
9059,590066176106,08_11_2024,No,No,No,No,COMP_NO,No
9060,590248215278,11_11_2024,No,No,No,No,COMP_NO,No
9061,590248258939,11_11_2024,No,No,No,No,COMP_NO,No
9062,590248333591,11_11_2024,No,No,No,No,COMP_NO,No
9063,538861743065,13_09_2024,No,No,No,No,COMP_NO,No
9064,538862932160,16_09_2024,No,No,No,No,COMP_NO,No
9065,538862934907,16_09_2024,No,No,No,No,COMP_NO,No
9066,538863285355,16_09_2024,No,No,No,No,COMP_NO,No
9067,538863288572,16_09_2024,No,Yes,No,No,COMP_NO,No
9068,538863288917,16_09_2024,No,No,No,No,COMP_NO,No
9069,538863299420,16_09_2024,No,No,No,No,COMP_NO,No
9070,539048873329,17_09_2024,No,No,No,No,COMP_NO,No
9071,539049009399,17_09_2024,No,No,No,No,COMP_NO,No
9072,539049077257,17_09_2024,No,No,No,No,COMP_NO,No
9073,539049124739,17_09_2024,Yes,Yes,No,Yes,COMP_CH,Yes
9074,539049125627,17_09_2024,No,No,No,No,COMP_NO,No
9075,539049139644,17_09_2024,No,No,No,No,COMP_NO,No
9076,539049161514,17_09_2024,No,No,No,No,COMP_NO,No
9077,539049167505,17_09_2024,No,No,No,No,COMP_NO,No
9078,539049171775,17_09_2024,No,No,No,No,COMP_NO,No
9079,539385208387,25_09_2024,No,No,No,No,COMP_NO,No
9080,539385279688,25_09_2024,No,No,No,No,COMP_NO,No
9081,539385287364,25_09_2024,No,No,No,No,COMP_NO,No
9082,539385287495,25_09_2024,No,Yes,No,No,COMP_MI,Yes
9083,539385287926,25_09_2024,No,No,No,No,COMP_NO,No
9084,539385288869,25_09_2024,No,No,No,No,COMP_NO,No
9085,539385307784,25_09_2024,No,Yes,No,Yes,COMP_CO,Yes
9086,539385310837,25_09_2024,No,No,No,No,COMP_NO,No
9087,539385339188,25_09_2024,No,No,No,No,COMP_NO,No
9088,539385340091,25_09_2024,Yes,Yes,No,No,COMP_SA,Yes
9089,539385340323,25_09_2024,No,No,No,No,COMP_NO,No
9090,539385359511,25_09_2024,No,No,No,No,COMP_NO,No
9091,539385425782,25_09_2024,No,No,No,No,COMP_NO,No
9092,539385429337,25_09_2024,No,Yes,No,Yes,COMP_NO,No
9093,539385458045,25_09_2024,No,No,No,No,COMP_NO,No
9094,539385471848,25_09_2024,No,No,No,No,COMP_NO,No
9095,539385494553,25_09_2024,No,Yes,No,Yes,COMP_NO,No
9096,539385508655,25_09_2024,No,No,No,No,COMP_NO,No
9097,539385536072,25_09_2024,No,No,No,No,COMP_CH,Yes
9098,539385536584,25_09_2024,No,No,No,No,COMP_NO,No
9099,539570547977,25_09_2024,No,No,No,No,COMP_NO,No
9100,539570569818,25_09_2024,No,No,No,No,COMP_NO,No
9101,539570586788,25_09_2024,No,No,No,No,COMP_NO,No
9102,539570599599,25_09_2024,No,No,No,Yes,COMP_NO,No
9103,539570606714,25_09_2024,No,No,No,Yes,COMP_NO,No
9104,539570620247,25_09_2024,No,No,No,Yes,COMP_NO,No
9105,539570623266,25_09_2024,No,No,No,No,COMP_NO,No
9106,539570636344,25_09_2024,No,No,No,No,COMP_NO,No
9107,539570639754,25_09_2024,No,No,No,No,COMP_NO,No
9108,539570652696,25_09_2024,No,No,No,No,COMP_NO,No
9109,539570661383,25_09_2024,No,No,No,No,COMP_NO,No
9110,539570662677,25_09_2024,No,No,No,No,COMP_NO,No
9111,539570669901,25_09_2024,No,No,No,No,COMP_NO,No
9112,539570682617,25_09_2024,Yes,Yes,No,Yes,COMP_CH,Yes
9113,539570683978,25_09_2024,No,No,No,No,COMP_NO,No
9114,539570691223,25_09_2024,No,No,No,No,COMP_NO,No
9115,539570738277,25_09_2024,No,No,No,No,COMP_NO,No
9116,539570749804,25_09_2024,No,No,No,No,COMP_NO,No
9117,539570772039,25_09_2024,No,No,No,No,COMP_NO,No
9118,539570803894,25_09_2024,No,No,No,No,COMP_NO,No
9119,539570823431,25_09_2024,No,No,No,No,COMP_NO,No
9120,539571008164,26_09_2024,No,No,No,No,COMP_NO,No
9121,539571016392,26_09_2024,No,No,No,No,COMP_NO,No
9122,539571030718,26_09_2024,No,No,No,No,COMP_NO,No
9123,539571035052,26_09_2024,No,No,No,No,COMP_NO,No
9124,539571055580,26_09_2024,No,No,No,No,COMP_NO,No
9125,539571055740,26_09_2024,No,No,No,No,COMP_NO,No
9126,539571057866,26_09_2024,No,No,No,No,COMP_NO,No
9127,539571065004,26_09_2024,No,Yes,No,Yes,COMP_NO,No
9128,539571065516,26_09_2024,No,No,No,No,COMP_NO,No
9129,539571078435,26_09_2024,No,No,No,No,COMP_NO,No
9130,539571086773,26_09_2024,No,No,No,No,COMP_NO,No
9131,539571087957,26_09_2024,No,Yes,No,Yes,COMP_NO,No
9132,539571099865,26_09_2024,No,No,No,No,COMP_NO,No
9133,539571121353,26_09_2024,No,No,No,No,COMP_NO,No
9134,539571124787,26_09_2024,No,No,No,No,COMP_NO,No
9135,539571136148,26_09_2024,No,No,No,No,COMP_NO,No
9136,539571137580,26_09_2024,No,No,No,No,COMP_NO,No
9137,539571140875,26_09_2024,No,No,No,No,COMP_NO,No
9138,539571152247,26_09_2024,No,No,No,No,COMP_NO,No
9139,539571159763,26_09_2024,No,No,No,No,COMP_NO,No
9140,539571164913,26_09_2024,No,No,No,No,COMP_NO,No
9141,539571174934,26_09_2024,No,No,No,No,COMP_NO,No
9142,539571182581,26_09_2024,No,No,No,No,COMP_NO,No
9143,539571186449,26_09_2024,No,No,No,No,COMP_NO,No
9144,539571200040,26_09_2024,No,No,No,No,COMP_NO,No
9145,539571215718,26_09_2024,No,No,No,No,COMP_NO,No
9146,539571232491,26_09_2024,No,No,No,No,COMP_NO,No
9147,539571281920,26_09_2024,No,No,No,No,COMP_NO,No
9148,539571289476,26_09_2024,No,No,No,No,COMP_NO,No
9149,539571305076,26_09_2024,No,No,No,No,COMP_NO,No
9150,539571367124,26_09_2024,No,No,No,No,COMP_NO,No
9151,539571369293,26_09_2024,No,No,No,No,COMP_NO,No
9152,539571382921,26_09_2024,No,No,No,No,COMP_NO,No
9153,539571388702,26_09_2024,No,No,No,No,COMP_NO,No
9154,539571438241,26_09_2024,No,No,No,No,COMP_NO,No
9155,564542520204,14_10_2024,No,No,No,No,COMP_NO,No
9156,564542522930,14_10_2024,No,Yes,No,Yes,COMP_CO,Yes
9157,564543304869,15_10_2024,No,No,No,No,COMP_NO,No
9158,564543304873,15_10_2024,No,No,No,No,COMP_NO,No
9159,564543304997,15_10_2024,No,No,No,No,COMP_NO,No
9160,589928840991,06_11_2024,No,Yes,No,No,COMP_NO,No
9161,589929062291,06_11_2024,No,No,No,No,COMP_NO,No
9162,589929188919,06_11_2024,No,Yes,No,Yes,COMP_NO,No
9163,589929272260,06_11_2024,No,No,No,No,COMP_NO,No
9164,589929316933,06_11_2024,No,No,No,No,COMP_NO,No
9165,589929321259,06_11_2024,No,No,No,No,COMP_NO,No
9166,589929333704,06_11_2024,No,No,No,No,COMP_NO,No
9167,589929339887,06_11_2024,No,No,No,No,COMP_NO,No
9168,589929340032,06_11_2024,No,No,No,No,COMP_NO,No
9169,590064774145,07_11_2024,No,Yes,No,Yes,COMP_NO,No
9170,590064795131,07_11_2024,No,No,No,No,COMP_NO,No
9171,590064795491,07_11_2024,No,No,No,No,COMP_NO,No
9172,590064843172,07_11_2024,No,No,No,No,COMP_NO,No
9173,590064915732,07_11_2024,No,No,No,No,COMP_NO,No
9174,590064921984,07_11_2024,No,No,No,No,COMP_NO,No
9175,590065037313,07_11_2024,No,Yes,No,No,COMP_CH,Yes
9176,590065185589,07_11_2024,No,No,No,No,COMP_NO,No
9177,590065235205,07_11_2024,No,No,No,No,COMP_NO,No
9178,590065237693,07_11_2024,Yes,Yes,No,Yes,COMP_CO,Yes
9179,590065238158,07_11_2024,No,No,No,No,COMP_NO,No
9180,590065240917,07_11_2024,No,No,No,No,COMP_NO,No
9181,590065248508,07_11_2024,No,No,No,No,COMP_NO,No
9182,590065263714,07_11_2024,No,Yes,No,No,COMP_NO,No
9183,590065264711,07_11_2024,No,Yes,No,Yes,COMP_NO,No
9184,590065264755,07_11_2024,Yes,No,No,No,COMP_SA,Yes
9185,590065268392,07_11_2024,No,Yes,No,No,COMP_NO,No
9186,590065270056,07_11_2024,No,Yes,No,Yes,COMP_NO,No
9187,590065270821,07_11_2024,No,No,No,Yes,COMP_NO,No
9188,590065314618,07_11_2024,Yes,Yes,No,Yes,COMP_SM,Yes
9189,590065317639,07_11_2024,No,No,No,No,COMP_NO,No
9190,590065335355,07_11_2024,No,Yes,No,Yes,COMP_NO,No
9191,590065352367,07_11_2024,Yes,Yes,No,Yes,COMP_CO,Yes
9192,590065561370,08_11_2024,No,Yes,No,Yes,COMP_NO,No
9193,590065563224,08_11_2024,No,No,No,No,COMP_NO,No
9194,590065563715,08_11_2024,No,No,No,No,COMP_NO,No
9195,590065569973,08_11_2024,No,No,No,No,COMP_NO,No
9196,590065579619,08_11_2024,No,Yes,No,Yes,COMP_NO,No
9197,590065580828,08_11_2024,No,No,No,No,COMP_NO,No
9198,590065609032,08_11_2024,No,No,No,No,COMP_NO,No
9199,590065609293,08_11_2024,No,No,No,No,COMP_NO,No
9200,590065610885,08_11_2024,No,No,No,No,COMP_NO,No
9201,590065638379,08_11_2024,Yes,Yes,No,Yes,COMP_CH,Yes
9202,590065640952,08_11_2024,No,Yes,No,Yes,COMP_NO,Yes
9203,590065714742,08_11_2024,No,No,No,No,COMP_NO,No
9204,590065736107,08_11_2024,No,No,No,No,COMP_NO,No
9205,590065736193,08_11_2024,No,No,No,No,COMP_NO,No
9206,590065736721,08_11_2024,No,No,No,No,COMP_NO,No
9207,590065768854,08_11_2024,No,No,No,No,COMP_NO,No
9208,590065789941,08_11_2024,Yes,Yes,No,Yes,COMP_CO,Yes
9209,590065813973,08_11_2024,No,No,No,No,COMP_NO,No
9210,590065815649,08_11_2024,No,No,No,No,COMP_NO,No
9211,590065864692,08_11_2024,No,No,No,No,COMP_NO,No
9212,590065870597,08_11_2024,No,No,No,No,COMP_NO,No
9213,590065885023,08_11_2024,No,No,No,No,COMP_NO,No
9214,590065889257,08_11_2024,No,No,No,No,COMP_NO,No
9215,590065910186,08_11_2024,No,Yes,No,Yes,COMP_NO,No
9216,590065917848,08_11_2024,No,Yes,No,Yes,COMP_NO,No
9217,590065918427,08_11_2024,No,Yes,No,No,COMP_CI,Yes
9218,590065936951,08_11_2024,No,No,No,No,COMP_NO,No
9219,590065953404,08_11_2024,No,Yes,No,Yes,COMP_CH,Yes
9220,590065956520,08_11_2024,No,No,No,No,COMP_NO,No
9221,590066030394,08_11_2024,No,No,No,No,COMP_NO,No
9222,590066032191,08_11_2024,No,No,No,No,COMP_NO,No
9223,590066037114,08_11_2024,No,No,No,No,COMP_NO,No
9224,590066099221,08_11_2024,No,No,No,No,COMP_NO,No
9225,590066100093,08_11_2024,No,No,No,No,COMP_NO,No
9226,590066114406,08_11_2024,No,No,No,No,COMP_NO,No
9227,590066121259,08_11_2024,No,No,No,No,COMP_NO,No
9228,590066121399,08_11_2024,No,No,No,No,COMP_NO,No
9229,590066153231,08_11_2024,No,No,No,No,COMP_NO,No
9230,590066159107,08_11_2024,No,No,No,No,COMP_NO,No
9231,590066159761,08_11_2024,No,No,No,No,COMP_NO,No
9232,590066161113,08_11_2024,No,No,No,No,COMP_NO,No
9233,590066182884,08_11_2024,No,No,No,No,COMP_NO,No
9234,590066185318,08_11_2024,No,No,No,No,COMP_NO,No
9235,590066191212,08_11_2024,No,No,No,No,COMP_NO,No
9236,590066193449,08_11_2024,No,No,No,No,COMP_NO,No
9237,590066202416,08_11_2024,No,No,No,No,COMP_NO,No
9238,590248200890,11_11_2024,No,No,No,No,COMP_NO,No
9239,590248203311,11_11_2024,No,No,No,No,COMP_NO,No
9240,590248204403,11_11_2024,No,No,No,No,COMP_NO,No
9241,590248210941,11_11_2024,Yes,No,No,No,COMP_NO,Yes
9242,590248216391,11_11_2024,No,No,No,No,COMP_NO,No
9243,590248248132,11_11_2024,No,No,No,No,COMP_NO,No
9244,590248260133,11_11_2024,No,No,No,No,COMP_NO,No
9245,590248261126,11_11_2024,No,No,No,No,COMP_NO,No
9246,590248287962,11_11_2024,No,No,No,No,COMP_NO,No
9247,590248316635,11_11_2024,No,No,No,No,COMP_NO,No
9248,590248335307,11_11_2024,No,No,No,No,COMP_NO,No
9249,590248342073,11_11_2024,No,No,No,No,COMP_NO,No
9250,590248348989,11_11_2024,No,Yes,No,Yes,COMP_NO,Yes
9251,590248371308,11_11_2024,No,No,No,No,COMP_NO,No
9252,590248371679,11_11_2024,No,No,No,No,COMP_NO,No
9253,590248376639,11_11_2024,No,No,No,No,COMP_NO,No
9254,590248407187,11_11_2024,No,No,No,No,COMP_NO,No
9255,590248409949,11_11_2024,No,No,No,No,COMP_NO,No
9256,590248428567,11_11_2024,No,Yes,No,Yes,COMP_NO,No
9257,590248433534,11_11_2024,No,Yes,No,No,COMP_PE,Yes
9258,590248459148,11_11_2024,No,No,No,No,COMP_NO,No
9259,590248461013,11_11_2024,No,No,No,No,COMP_NO,No
9260,590248481186,11_11_2024,No,No,No,No,COMP_NO,No
9261,590248483353,11_11_2024,No,No,No,No,COMP_NO,No
9262,590248487583,11_11_2024,No,No,No,No,COMP_NO,No
9263,590248502479,11_11_2024,No,No,No,No,COMP_NO,No
9264,590248504483,11_11_2024,No,No,No,No,COMP_NO,No
9265,590248541909,11_11_2024,No,No,No,No,COMP_NO,No
9266,590248549615,11_11_2024,No,No,No,No,COMP_NO,No
9267,590248570773,11_11_2024,No,No,No,No,COMP_NO,No
9268,590248571389,11_11_2024,No,No,No,No,COMP_NO,No
9269,590248626782,11_11_2024,No,No,No,No,COMP_NO,No
9270,590248671248,11_11_2024,No,No,No,No,COMP_NO,No
9271,590248671615,11_11_2024,No,No,No,No,COMP_NO,No
9272,590248716444,11_11_2024,No,No,No,No,COMP_NO,No
9273,590248718468,11_11_2024,No,No,No,No,COMP_NO,No
9274,590248728366,11_11_2024,No,No,No,No,COMP_NO,No
9275,538862937219,16_09_2024,No,No,No,No,COMP_NO,No
9276,538862938678,16_09_2024,No,No,No,No,COMP_NO,No
9277,539049140552,17_09_2024,No,No,No,No,COMP_NO,No
9278,539049143823,17_09_2024,No,No,No,No,COMP_NO,No
9279,539385170107,25_09_2024,No,Yes,No,Yes,COMP_PR,Yes
9280,539385211155,25_09_2024,No,No,No,Yes,COMP_NO,No
9281,539385316001,25_09_2024,No,Yes,No,Yes,COMP_NO,No
9282,539385336202,25_09_2024,No,No,No,No,COMP_NO,No
9283,539385337753,25_09_2024,No,No,No,No,COMP_NO,No
9284,539385367081,25_09_2024,No,No,No,No,COMP_NO,No
9285,539385367259,25_09_2024,No,Yes,No,No,COMP_FA,Yes
9286,539385370014,25_09_2024,No,Yes,No,Yes,COMP_NO,No
9287,539385370210,25_09_2024,No,No,No,No,COMP_NO,No
9288,539385372254,25_09_2024,No,No,No,No,COMP_NO,No
9289,539385426230,25_09_2024,No,Yes,No,Yes,COMP_MA,Yes
9290,539385433121,25_09_2024,No,Yes,No,No,COMP_CO,Yes
9291,539385436843,25_09_2024,No,No,No,No,COMP_NO,No
9292,539385440065,25_09_2024,No,Yes,No,Yes,COMP_NO,No
9293,539385441489,25_09_2024,No,No,No,No,COMP_NO,No
9294,539385446587,25_09_2024,No,No,No,No,COMP_NO,No
9295,539385447673,25_09_2024,No,No,No,No,COMP_NO,No
9296,539385473540,25_09_2024,No,No,No,No,COMP_NO,No
9297,539385495049,25_09_2024,No,No,No,No,COMP_NO,No
9298,539385497401,25_09_2024,No,No,No,No,COMP_NO,No
9299,539385498100,25_09_2024,No,No,No,No,COMP_NO,No
9300,539385512540,25_09_2024,No,No,No,No,COMP_NO,No
9301,539385517907,25_09_2024,No,Yes,No,Yes,COMP_NO,No
9302,539385517978,25_09_2024,No,No,No,No,COMP_NO,No
9303,539570554723,25_09_2024,No,No,No,No,COMP_NO,No
9304,539570557658,25_09_2024,No,Yes,No,No,COMP_NO,No
9305,539570559374,25_09_2024,No,No,No,No,COMP_NO,No
9306,539570609125,25_09_2024,No,No,No,No,COMP_NO,No
9307,539570611864,25_09_2024,No,Yes,No,No,COMP_NO,Yes
9308,539570624470,25_09_2024,No,No,No,No,COMP_NO,No
9309,539570652746,25_09_2024,No,No,No,No,COMP_NO,No
9310,539570674805,25_09_2024,No,Yes,No,Yes,COMP_NO,No
9311,539570693970,25_09_2024,No,No,No,No,COMP_NO,No
9312,539570694583,25_09_2024,No,No,No,No,COMP_NO,No
9313,539570720424,25_09_2024,No,Yes,No,Yes,COMP_NO,No
9314,539570720547,25_09_2024,No,No,No,No,COMP_NO,No
9315,539570778883,25_09_2024,No,No,No,No,COMP_NO,No
9316,539570783499,25_09_2024,No,No,No,No,COMP_NO,No
9317,539570790874,25_09_2024,No,No,No,No,COMP_NO,No
9318,539570794684,25_09_2024,No,No,No,No,COMP_NO,No
9319,539571016995,26_09_2024,No,No,No,No,COMP_NO,No
9320,539571019809,26_09_2024,No,No,No,No,COMP_NO,No
9321,539571021969,26_09_2024,No,No,No,No,COMP_NO,No
9322,539571031259,26_09_2024,No,No,No,No,COMP_NO,No
9323,539571038189,26_09_2024,No,No,No,No,COMP_NO,No
9324,539571045699,26_09_2024,No,No,No,No,COMP_NO,No
9325,539571045959,26_09_2024,No,Yes,No,Yes,COMP_NO,No
9326,539571059231,26_09_2024,Yes,Yes,No,Yes,COMP_PQ,Yes
9327,539571059888,26_09_2024,No,No,No,No,COMP_NO,No
9328,539571075633,26_09_2024,No,No,No,No,COMP_NO,No
9329,539571078446,26_09_2024,No,No,No,No,COMP_NO,No
9330,539571097475,26_09_2024,No,No,No,No,COMP_NO,No
9331,539571099667,26_09_2024,No,No,No,No,COMP_NO,No
9332,539571105505,26_09_2024,No,Yes,No,Yes,COMP_CO,Yes
9333,539571112515,26_09_2024,No,No,No,No,COMP_NO,No
9334,539571126334,26_09_2024,No,No,No,No,COMP_NO,No
9335,539571129227,26_09_2024,No,No,No,No,COMP_NO,No
9336,539571130957,26_09_2024,No,No,No,No,COMP_NO,No
9337,539571135912,26_09_2024,No,No,No,No,COMP_NO,No
9338,539571140470,26_09_2024,No,No,No,No,COMP_NO,No
9339,539571146428,26_09_2024,No,No,No,No,COMP_NO,No
9340,539571148399,26_09_2024,No,No,No,No,COMP_NO,No
9341,539571153613,26_09_2024,No,Yes,No,Yes,COMP_NO,No
9342,539571165655,26_09_2024,No,No,No,No,COMP_NO,No
9343,539571168411,26_09_2024,No,No,No,No,COMP_NO,No
9344,539571171177,26_09_2024,No,No,No,No,COMP_NO,No
9345,539571172556,26_09_2024,No,No,No,No,COMP_NO,No
9346,539571176239,26_09_2024,Yes,Yes,No,No,COMP_CH,Yes
9347,539571177000,26_09_2024,No,No,No,No,COMP_NO,No
9348,539571178228,26_09_2024,No,No,No,No,COMP_NO,No
9349,539571192151,26_09_2024,No,No,No,No,COMP_NO,No
9350,539571195041,26_09_2024,Yes,No,No,No,COMP_NO,Yes
9351,539571195555,26_09_2024,No,No,No,No,COMP_NO,No
9352,539571196520,26_09_2024,No,No,No,No,COMP_NO,No
9353,539571202066,26_09_2024,No,Yes,No,No,COMP_NO,No
9354,539571206787,26_09_2024,No,No,No,No,COMP_NO,No
9355,539571207163,26_09_2024,No,No,No,No,COMP_NO,No
9356,539571211985,26_09_2024,No,No,No,No,COMP_NO,No
9357,539571228130,26_09_2024,No,No,No,No,COMP_NO,No
9358,539571228313,26_09_2024,No,No,No,No,COMP_NO,No
9359,539571228656,26_09_2024,No,No,No,No,COMP_NO,No
9360,539571230822,26_09_2024,No,No,No,No,COMP_NO,No
9361,539571231244,26_09_2024,No,No,No,No,COMP_NO,No
9362,539571232593,26_09_2024,No,No,No,No,COMP_NO,No
9363,539571238579,26_09_2024,No,No,No,No,COMP_NO,No
9364,539571266933,26_09_2024,No,No,No,No,COMP_NO,No
9365,539571267529,26_09_2024,No,Yes,No,Yes,COMP_FI,Yes
9366,539571268195,26_09_2024,No,No,No,No,COMP_NO,No
9367,539571272259,26_09_2024,No,No,No,No,COMP_NO,No
9368,539571281986,26_09_2024,Yes,No,No,No,COMP_NO,Yes
9369,539571283979,26_09_2024,No,No,No,No,COMP_NO,No
9370,539571294366,26_09_2024,No,Yes,No,No,COMP_SI,Yes
9371,539571310464,26_09_2024,No,No,No,No,COMP_NO,No
9372,539571312363,26_09_2024,No,No,No,No,COMP_NO,No
9373,539571312530,26_09_2024,No,No,No,No,COMP_NO,No
9374,539571320984,26_09_2024,No,No,No,No,COMP_NO,No
9375,539571321070,26_09_2024,No,No,No,No,COMP_NO,No
9376,539571337954,26_09_2024,No,No,No,No,COMP_NO,No
9377,539571340727,26_09_2024,No,No,No,No,COMP_NO,No
9378,539571348909,26_09_2024,No,Yes,No,Yes,COMP_NO,No
9379,539571349121,26_09_2024,No,No,No,No,COMP_NO,No
9380,539571362102,26_09_2024,Yes,No,No,No,COMP_NO,Yes
9381,539571372707,26_09_2024,No,No,No,No,COMP_NO,No
9382,539571383551,26_09_2024,No,No,No,No,COMP_NO,No
9383,539571389505,26_09_2024,No,No,No,No,COMP_NO,No
9384,539571391832,26_09_2024,No,No,No,No,COMP_NO,No
9385,539571392820,26_09_2024,No,No,No,No,COMP_NO,No
9386,539571397436,26_09_2024,No,No,No,No,COMP_NO,No
9387,539571407343,26_09_2024,No,No,No,No,COMP_NO,No
9388,539571409037,26_09_2024,No,No,No,No,COMP_NO,No
9389,539571412787,26_09_2024,No,No,No,No,COMP_NO,No
9390,539571413235,26_09_2024,No,No,No,No,COMP_NO,No
9391,539571419651,26_09_2024,No,Yes,No,Yes,COMP_NO,No
9392,539571421910,26_09_2024,No,No,No,No,COMP_NO,No
9393,539571423240,26_09_2024,No,No,No,No,COMP_NO,No
9394,539571428155,26_09_2024,No,No,No,No,COMP_NO,No
9395,539571432295,26_09_2024,No,No,No,No,COMP_NO,No
9396,539571432543,26_09_2024,No,No,No,No,COMP_NO,No
9397,539571435073,26_09_2024,No,No,No,No,COMP_NO,No
9398,539571435824,26_09_2024,No,No,No,No,COMP_NO,No
9399,539571438277,26_09_2024,No,No,No,No,COMP_NO,No
9400,539571442774,26_09_2024,No,Yes,No,Yes,COMP_NO,No
9401,539571443986,26_09_2024,No,Yes,No,Yes,COMP_NO,No
9402,539571447373,26_09_2024,No,No,No,No,COMP_NO,No
9403,539571448054,26_09_2024,No,No,No,No,COMP_NO,No
9404,539571451225,26_09_2024,No,No,No,No,COMP_NO,No
9405,539571451990,26_09_2024,No,No,No,No,COMP_NO,No
9406,539571452434,26_09_2024,No,No,No,No,COMP_NO,No
9407,539571453738,26_09_2024,No,No,No,No,COMP_NO,No
9408,539571458817,26_09_2024,No,No,No,No,COMP_NO,No
9409,539571459591,26_09_2024,No,No,No,No,COMP_NO,No
9410,539571459688,26_09_2024,No,No,No,No,COMP_NO,No
9411,539571461382,26_09_2024,No,No,No,No,COMP_NO,No
9412,539571465726,26_09_2024,No,No,No,No,COMP_NO,No
9413,539571466249,26_09_2024,No,No,No,No,COMP_NO,No
9414,539571466552,26_09_2024,No,No,No,No,COMP_NO,No
9415,539571467629,26_09_2024,No,No,No,No,COMP_NO,No
9416,539571468101,26_09_2024,No,No,No,No,COMP_NO,No
9417,539571475258,26_09_2024,No,No,No,No,COMP_NO,No
9418,539571477970,26_09_2024,No,No,No,No,COMP_NO,No
9419,539571478936,26_09_2024,No,No,No,No,COMP_NO,No
9420,539571479092,26_09_2024,No,Yes,No,Yes,COMP_NO,No
9421,539571494721,26_09_2024,No,No,No,No,COMP_NO,No
9422,539571495154,26_09_2024,No,No,No,No,COMP_NO,No
9423,539571515564,26_09_2024,No,No,No,No,COMP_NO,No
9424,539571517676,26_09_2024,No,No,No,No,COMP_NO,No
9425,539571519366,26_09_2024,No,No,No,No,COMP_NO,No
9426,539571520022,26_09_2024,No,No,No,No,COMP_NO,No
9427,539571520728,26_09_2024,No,No,No,No,COMP_NO,No
9428,539571521140,26_09_2024,No,No,No,No,COMP_NO,No
9429,539571529476,26_09_2024,No,No,No,No,COMP_NO,No
9430,539571535348,26_09_2024,No,No,No,No,COMP_NO,No
9431,539571539578,26_09_2024,No,No,No,No,COMP_NO,No
9432,539571540303,26_09_2024,No,No,No,No,COMP_NO,No
9433,539571547673,26_09_2024,No,No,No,No,COMP_NO,No
9434,539571547827,26_09_2024,No,No,No,No,COMP_NO,No
9435,539571552723,26_09_2024,No,No,No,No,COMP_NO,No
9436,539571559536,26_09_2024,No,No,No,No,COMP_NO,No
9437,539571561094,26_09_2024,No,No,No,No,COMP_NO,No
9438,539571570432,26_09_2024,No,No,No,No,COMP_NO,No
9439,539571571571,26_09_2024,No,No,No,No,COMP_NO,No
9440,539571574572,26_09_2024,No,No,No,No,COMP_NO,No
9441,539571583469,26_09_2024,No,No,No,No,COMP_NO,No
9442,539571584755,26_09_2024,No,No,No,No,COMP_NO,No
9443,539571610690,26_09_2024,No,No,No,No,COMP_NO,No
9444,539571611334,26_09_2024,No,No,No,No,COMP_NO,No
9445,539571620102,26_09_2024,No,No,No,No,COMP_NO,No
9446,539571800409,27_09_2024,Yes,Yes,No,No,COMP_SA,Yes
9447,539571800641,27_09_2024,No,No,No,No,COMP_NO,No
9448,539571804574,27_09_2024,No,No,No,No,COMP_NO,No
9449,539571805815,27_09_2024,No,No,No,No,COMP_NO,No
9450,539571806712,27_09_2024,No,No,No,No,COMP_NO,No
9451,539571811975,27_09_2024,No,No,No,No,COMP_NO,No
9452,539571821840,27_09_2024,No,No,No,No,COMP_NO,No
9453,539571821982,27_09_2024,No,No,No,No,COMP_NO,No
9454,539571823897,27_09_2024,No,No,No,No,COMP_NO,No
9455,539571837599,27_09_2024,No,No,No,No,COMP_NO,No
9456,539571885513,27_09_2024,No,No,No,No,COMP_NO,No
9457,539571887148,27_09_2024,No,No,No,No,COMP_NO,No
9458,539571907523,27_09_2024,No,No,No,No,COMP_NO,No
9459,539571908035,27_09_2024,No,No,No,No,COMP_NO,No
9460,539571946232,27_09_2024,No,No,No,No,COMP_NO,No
9461,539571963234,27_09_2024,No,No,No,No,COMP_NO,No
9462,539572055785,27_09_2024,No,No,No,No,COMP_NO,No
9463,564543299323,15_10_2024,Yes,Yes,No,Yes,COMP_CH,Yes
9464,564755842418,16_10_2024,No,No,No,No,COMP_NO,No
9465,564755867718,16_10_2024,No,No,No,No,COMP_NO,No
9466,564755897102,16_10_2024,No,No,No,No,COMP_NO,No
9467,564755973211,16_10_2024,No,No,No,No,COMP_NO,No
9468,564756008358,16_10_2024,No,No,No,No,COMP_NO,No
9469,564756016007,16_10_2024,No,No,No,No,COMP_NO,No
9470,564756055509,16_10_2024,No,No,No,No,COMP_NO,No
9471,564756127052,16_10_2024,No,No,No,No,COMP_NO,No
9472,564756142697,16_10_2024,No,No,No,No,COMP_NO,No
9473,564756196784,16_10_2024,No,No,No,No,COMP_NO,No
9474,564756232123,16_10_2024,No,No,No,No,COMP_NO,No
9475,564756242693,16_10_2024,No,No,No,No,COMP_NO,No
9476,564756274767,16_10_2024,No,No,No,No,COMP_NO,No
9477,564756308427,16_10_2024,Yes,No,No,No,COMP_NO,Yes
9478,564756428340,16_10_2024,No,No,No,No,COMP_NO,No
9479,564756625602,17_10_2024,No,No,No,No,COMP_NO,Yes
9480,564756635705,17_10_2024,No,No,No,No,COMP_NO,No
9481,564756637530,17_10_2024,No,No,No,No,COMP_NO,No
9482,564756698534,17_10_2024,No,No,No,No,COMP_NO,No
9483,564756723190,17_10_2024,No,No,No,No,COMP_NO,No
9484,564756742225,17_10_2024,No,No,No,No,COMP_NO,No
9485,564756839253,17_10_2024,No,No,No,No,COMP_NO,No
9486,564756853947,17_10_2024,No,No,No,No,COMP_NO,No
9487,564756911383,17_10_2024,Yes,Yes,No,Yes,COMP_NO,Yes
9488,564756973371,17_10_2024,No,No,No,No,COMP_NO,No
9489,564756975968,17_10_2024,No,No,No,No,COMP_NO,No
9490,564757045181,17_10_2024,No,No,No,No,COMP_NO,No
9491,564757113677,17_10_2024,No,No,No,No,COMP_NO,No
9492,564757139665,17_10_2024,No,No,No,No,COMP_NO,No
9493,538861700707,13_09_2024,No,No,No,No,COMP_NO,No
9494,539571127510,26_09_2024,No,No,No,No,COMP_NO,No
9495,539571313182,26_09_2024,No,Yes,No,Yes,COMP_NO,No
9496,539571496446,26_09_2024,Yes,Yes,No,Yes,COMP_SM,Yes
9497,539571526295,26_09_2024,No,No,No,No,COMP_NO,No
9498,539571876580,27_09_2024,No,No,No,No,COMP_NO,No
9499,539572026870,27_09_2024,No,No,No,No,COMP_NO,No
9500,564755987530,16_10_2024,No,No,No,No,COMP_NO,No
9501,564756066723,16_10_2024,No,No,No,No,COMP_NO,No
9502,564756638402,17_10_2024,No,No,No,No,COMP_NO,No
9503,564756807555,17_10_2024,No,No,No,No,COMP_NO,No
9504,564756861204,17_10_2024,No,No,No,No,COMP_NO,No
9505,564756997309,17_10_2024,No,No,No,No,COMP_NO,No
9506,564757139810,17_10_2024,No,No,No,No,COMP_NO,No
9507,564757200051,17_10_2024,No,No,No,No,COMP_NO,No
9508,590065068121,07_11_2024,Yes,Yes,No,Yes,COMP_CH,Yes
9509,590065550072,08_11_2024,No,No,No,No,COMP_NO,No
9510,590065748949,08_11_2024,No,No,No,No,COMP_NO,No
9511,590065750698,08_11_2024,No,No,No,No,COMP_NO,No
9512,590065940370,08_11_2024,No,No,No,No,COMP_NO,No
9513,590248254348,11_11_2024,No,Yes,No,Yes,COMP_NO,Yes
9514,590248256723,11_11_2024,No,No,No,No,COMP_NO,No
9515,590248566517,11_11_2024,No,No,No,No,COMP_NO,No
9516,590248686799,11_11_2024,No,No,No,No,COMP_NO,No
9517,590248689181,11_11_2024,No,No,No,No,COMP_NO,No
9518,590248732869,11_11_2024,No,No,No,No,COMP_CH,Yes
9519,590248747371,11_11_2024,No,No,No,No,COMP_NO,No
9520,590248781861,11_11_2024,No,Yes,No,No,COMP_NO,No
9521,590248796152,11_11_2024,No,Yes,No,Yes,COMP_NO,No
9522,590248822598,11_11_2024,No,No,No,No,COMP_NO,No
9523,590248823820,11_11_2024,No,Yes,No,Yes,COMP_NO,No
9524,590248863798,11_11_2024,No,Yes,No,No,COMP_NO,No
9525,590248866434,11_11_2024,No,No,No,No,COMP_NO,No
9526,590248871331,11_11_2024,No,No,No,No,COMP_NO,No
9527,590248893312,11_11_2024,No,No,No,No,COMP_NO,No
9528,590248911858,11_11_2024,No,Yes,No,Yes,COMP_NO,No
9529,590248993823,11_11_2024,No,No,No,No,COMP_NO,No
9530,590249169037,12_11_2024,No,No,No,No,COMP_NO,No
9531,590249174544,12_11_2024,No,No,No,No,COMP_NO,No
9532,590249228770,12_11_2024,No,No,No,No,COMP_CO,Yes
9533,590249229630,12_11_2024,No,No,No,No,COMP_NO,No
9534,590249229802,12_11_2024,No,No,No,No,COMP_NO,No
9535,590249262788,12_11_2024,No,No,No,No,COMP_NO,No
9536,590249309580,12_11_2024,No,Yes,No,No,COMP_CH,Yes
9537,590249318681,12_11_2024,No,No,No,No,COMP_NO,No
9538,590249318690,12_11_2024,No,No,No,No,COMP_NO,No
9539,590249321039,12_11_2024,No,No,No,No,COMP_NO,No
9540,590249323481,12_11_2024,No,No,No,No,COMP_NO,No
9541,590249345612,12_11_2024,No,Yes,No,Yes,COMP_NO,No
9542,590249355412,12_11_2024,No,Yes,No,Yes,COMP_NO,No
9543,590249358416,12_11_2024,No,No,No,No,COMP_NO,No
9544,590249387192,12_11_2024,No,No,No,No,COMP_NO,No
9545,590249387929,12_11_2024,No,No,No,No,COMP_NO,No
9546,590249400483,12_11_2024,No,No,No,No,COMP_NO,No
9547,590249400591,12_11_2024,No,No,No,No,COMP_NO,No
9548,590249430756,12_11_2024,No,No,No,No,COMP_NO,No
9549,590249453305,12_11_2024,No,No,No,No,COMP_NO,No
9550,590249458171,12_11_2024,No,No,No,No,COMP_NO,No
9551,590249472323,12_11_2024,No,No,No,No,COMP_NO,No
9552,590249474986,12_11_2024,No,No,No,No,COMP_NO,No
9553,590249476697,12_11_2024,No,No,No,No,COMP_NO,No
9554,590249490629,12_11_2024,No,Yes,No,Yes,COMP_NO,No
9555,590249498193,12_11_2024,No,No,No,No,COMP_NO,No
9556,590249502178,12_11_2024,No,No,No,No,COMP_NO,No
9557,590249534500,12_11_2024,No,Yes,No,Yes,COMP_NO,No
9558,590437581425,12_11_2024,No,No,No,No,COMP_NO,No
9559,590437597439,12_11_2024,No,No,No,No,COMP_NO,No
9560,590437612379,12_11_2024,No,No,No,No,COMP_NO,No
9561,590437616622,12_11_2024,No,No,No,No,COMP_NO,No
9562,590437620464,12_11_2024,No,No,No,No,COMP_NO,No
9563,590437633726,12_11_2024,No,No,No,No,COMP_NO,No
9564,590437636735,12_11_2024,No,No,No,No,COMP_NO,No
9565,590437638701,12_11_2024,No,No,No,No,COMP_NO,No
9566,590437658820,12_11_2024,No,No,No,No,COMP_NO,No
9567,590437659562,12_11_2024,No,No,No,No,COMP_NO,No
9568,590437676187,12_11_2024,No,No,No,No,COMP_NO,No
9569,590437680534,12_11_2024,No,No,No,No,COMP_NO,No
9570,590437698119,12_11_2024,No,No,No,No,COMP_NO,No
9571,590437720486,12_11_2024,No,No,No,No,COMP_NO,No
9572,590437720661,12_11_2024,No,No,No,No,COMP_NO,No
9573,590437722739,12_11_2024,No,No,No,No,COMP_NO,No
9574,590437746854,12_11_2024,No,No,No,No,COMP_NO,No
9575,590437767683,12_11_2024,No,No,No,No,COMP_NO,No
9576,590437770098,12_11_2024,No,No,No,No,COMP_NO,No
9577,590437790065,12_11_2024,No,No,No,No,COMP_NO,No
9578,590437790891,12_11_2024,No,No,No,No,COMP_NO,No
9579,590437791581,12_11_2024,No,No,No,No,COMP_NO,No
9580,590437791726,12_11_2024,No,No,No,No,COMP_NO,No
9581,590437795029,12_11_2024,No,No,No,No,COMP_NO,No
9582,590437810801,12_11_2024,No,No,No,No,COMP_NO,No
9583,590437813084,12_11_2024,No,No,No,No,COMP_NO,No
9584,590437814881,12_11_2024,No,No,No,No,COMP_NO,No
9585,590437819807,12_11_2024,No,No,No,No,COMP_NO,No
9586,590437828862,12_11_2024,No,No,No,No,COMP_NO,No
9587,590437834525,12_11_2024,No,No,No,No,COMP_NO,No
9588,590437837224,12_11_2024,No,No,No,No,COMP_NO,No
9589,590437846780,12_11_2024,No,No,No,No,COMP_NO,No
9590,590437848079,12_11_2024,No,No,No,No,COMP_NO,No
9591,590437874005,12_11_2024,No,No,No,No,COMP_NO,No
9592,590437885578,12_11_2024,No,No,No,No,COMP_NO,No
9593,590437887989,12_11_2024,No,No,No,No,COMP_NO,No
9594,590438144937,13_11_2024,No,No,No,No,COMP_NO,No
9595,590438168235,13_11_2024,No,No,No,No,COMP_NO,No
9596,590438174030,13_11_2024,No,No,No,No,COMP_NO,No
9597,590438191439,13_11_2024,No,No,No,No,COMP_NO,No
9598,590438193730,13_11_2024,No,No,No,No,COMP_NO,No
9599,590438194853,13_11_2024,No,No,No,No,COMP_NO,No
9600,590438194907,13_11_2024,No,No,No,No,COMP_NO,No
9601,590438208288,13_11_2024,No,No,No,No,COMP_NO,No
9602,590438246436,13_11_2024,No,No,No,No,COMP_NO,No
9603,590438247223,13_11_2024,No,No,No,No,COMP_NO,No
9604,590438247946,13_11_2024,No,No,No,No,COMP_NO,No
9605,590438260414,13_11_2024,No,No,No,No,COMP_NO,No
9606,590438262296,13_11_2024,No,No,No,No,COMP_NO,No
9607,590438262482,13_11_2024,No,No,No,No,COMP_NO,No
9608,590438263914,13_11_2024,No,No,No,No,COMP_NO,No
9609,590438270873,13_11_2024,No,No,No,No,COMP_NO,No
9610,590438270997,13_11_2024,No,Yes,No,No,COMP_MI,Yes
9611,590438284661,13_11_2024,No,No,No,No,COMP_NO,No
9612,590438285058,13_11_2024,No,No,No,No,COMP_NO,No
9613,590438285838,13_11_2024,No,No,No,No,COMP_NO,No
9614,590438286485,13_11_2024,No,No,No,No,COMP_NO,No
9615,590438289351,13_11_2024,No,No,No,No,COMP_NO,No
9616,590438319203,13_11_2024,No,No,No,No,COMP_NO,No
9617,590438321493,13_11_2024,No,No,No,No,COMP_NO,No
9618,590438324754,13_11_2024,No,No,No,No,COMP_NO,No
9619,590438331137,13_11_2024,No,No,No,No,COMP_NO,No
9620,590438333575,13_11_2024,No,No,No,No,COMP_NO,No
9621,590438360739,13_11_2024,No,No,No,No,COMP_NO,No
9622,590736793788,19_11_2024,No,No,No,No,COMP_NO,No
9623,590737181096,19_11_2024,No,Yes,No,Yes,COMP_NO,No
9624,590913982876,20_11_2024,No,No,No,No,COMP_NO,No
9625,590914031188,20_11_2024,No,No,No,Yes,COMP_ES,Yes
9626,590914051441,20_11_2024,No,No,No,No,COMP_NO,No
9627,590914181143,20_11_2024,No,No,No,No,COMP_NO,No
9628,590914198628,20_11_2024,No,No,No,No,COMP_NO,No
9629,590914589774,21_11_2024,No,No,No,No,COMP_NO,No
9630,590914648972,21_11_2024,No,No,No,No,COMP_NO,No
9631,590914843564,21_11_2024,No,Yes,No,Yes,COMP_NO,No
9632,590914845942,21_11_2024,No,No,No,No,COMP_NO,No
9633,590914936477,21_11_2024,Yes,No,No,Yes,COMP_NO,Yes
9634,590915103035,21_11_2024,No,No,No,No,COMP_NO,No
9635,590915346354,22_11_2024,Yes,Yes,No,Yes,COMP_AC,Yes
9636,590915351061,22_11_2024,No,No,No,No,COMP_NO,No
9637,590915351170,22_11_2024,No,No,No,No,COMP_NO,No
9638,590915386961,22_11_2024,No,Yes,No,Yes,COMP_NO,No
9639,590915389050,22_11_2024,No,No,No,No,COMP_NO,No
9640,590915425305,22_11_2024,No,Yes,No,No,COMP_CH,Yes
9641,590915446435,22_11_2024,No,Yes,No,No,COMP_CO,Yes
9642,590915449045,22_11_2024,No,Yes,No,Yes,COMP_CI,Yes
9643,590915476960,22_11_2024,Yes,Yes,No,Yes,COMP_PE,Yes
9644,590915505951,22_11_2024,No,Yes,No,Yes,COMP_NO,No
9645,590915509973,22_11_2024,No,No,No,No,COMP_NO,No
9646,590915524146,22_11_2024,No,No,No,No,COMP_NO,No
9647,590915544725,22_11_2024,No,Yes,No,Yes,COMP_CO,Yes
9648,591085616790,22_11_2024,No,Yes,No,Yes,COMP_12,Yes
9649,591085617295,22_11_2024,No,No,No,No,COMP_NO,No
9650,591085662845,22_11_2024,No,Yes,No,Yes,COMP_CI,Yes
9651,591085680201,22_11_2024,No,No,No,No,COMP_NO,No
9652,591085788712,22_11_2024,No,No,No,No,COMP_NO,No
9653,591085789740,22_11_2024,No,No,No,No,COMP_NO,No
9654,591085807319,22_11_2024,No,No,No,No,COMP_NO,No
9655,591085827287,22_11_2024,No,No,No,No,COMP_NO,No
9656,591085857010,22_11_2024,No,Yes,No,No,COMP_NO,No
9657,591085858120,22_11_2024,No,No,No,No,COMP_NO,No
9658,591085875841,22_11_2024,No,No,No,No,COMP_NO,No
9659,591085906925,22_11_2024,No,Yes,No,No,COMP_NO,No
9660,591085917297,22_11_2024,No,Yes,No,Yes,COMP_CH,Yes
9661,591085925784,22_11_2024,No,No,No,No,COMP_NO,No
9662,591085944242,22_11_2024,No,Yes,No,Yes,COMP_NO,No
9663,591087018559,25_11_2024,No,No,No,No,COMP_SA,Yes
9664,591087029468,25_11_2024,No,No,No,No,COMP_NO,No
9665,591087032008,25_11_2024,No,Yes,No,Yes,COMP_NO,No
9666,591087061594,25_11_2024,No,No,No,No,COMP_NO,No
9667,591087128514,25_11_2024,No,Yes,No,Yes,COMP_NO,No
9668,591087129746,25_11_2024,No,No,No,No,COMP_NO,No
9669,591087155304,25_11_2024,No,No,No,No,COMP_NO,No
9670,591087161056,25_11_2024,No,No,No,No,COMP_NO,No
9671,591087162146,25_11_2024,No,No,No,No,COMP_NO,No
9672,591087182593,25_11_2024,No,No,No,No,COMP_NO,No
9673,591087188461,25_11_2024,No,No,No,No,COMP_NO,No
9674,591087189513,25_11_2024,No,No,No,No,COMP_NO,No
9675,591087191516,25_11_2024,No,No,No,No,COMP_NO,No
9676,591087199236,25_11_2024,No,No,No,No,COMP_NO,No
9677,591087246795,25_11_2024,No,No,No,No,COMP_NO,No
9678,591087249461,25_11_2024,No,No,No,No,COMP_NO,No
9679,591087256732,25_11_2024,No,No,No,No,COMP_NO,No
9680,591087258595,25_11_2024,No,No,No,No,COMP_NO,No
9681,591087288050,25_11_2024,No,No,No,No,COMP_NO,No
9682,591087288661,25_11_2024,No,Yes,No,Yes,COMP_NO,Yes
9683,591087292983,25_11_2024,No,No,No,No,COMP_NO,No
9684,591087308486,25_11_2024,No,No,No,No,COMP_NO,No
9685,591087310959,25_11_2024,No,No,No,No,COMP_NO,No
9686,591087313566,25_11_2024,No,No,No,No,COMP_NO,No
9687,591087344477,25_11_2024,No,No,No,No,COMP_NO,No
9688,591087345834,25_11_2024,No,No,No,No,COMP_NO,No
9689,591087346353,25_11_2024,No,No,No,No,COMP_NO,No
9690,591087365308,25_11_2024,No,No,No,No,COMP_NO,No
9691,591087368536,25_11_2024,No,No,No,No,COMP_NO,No
9692,591087392127,25_11_2024,No,No,No,No,COMP_NO,No
9693,591087393572,25_11_2024,Yes,No,No,No,COMP_NO,Yes
9694,591087403986,25_11_2024,No,No,No,No,COMP_NO,No
9695,591087406237,25_11_2024,No,Yes,No,Yes,COMP_NO,No
9696,591087433891,25_11_2024,No,No,No,No,COMP_NO,No
9697,591087448756,25_11_2024,No,No,No,No,COMP_NO,No
9698,591087479469,25_11_2024,No,No,No,No,COMP_NO,No
9699,591233558723,25_11_2024,No,No,No,No,COMP_NO,No
9700,591233583184,25_11_2024,No,No,No,No,COMP_NO,No
9701,591233655285,25_11_2024,No,No,No,No,COMP_NO,No
9702,591233721225,25_11_2024,No,No,No,No,COMP_NO,No
9703,590065074512,07_11_2024,Yes,Yes,No,No,COMP_CH,Yes
9704,590065554029,08_11_2024,No,No,No,No,COMP_NO,No
9705,590065751994,08_11_2024,No,No,No,No,COMP_NO,No
9706,590248257953,11_11_2024,No,No,No,No,COMP_NO,No
9707,590248621031,11_11_2024,No,Yes,No,Yes,COMP_NO,No
9708,590248622709,11_11_2024,No,No,No,No,COMP_NO,No
9709,590248737611,11_11_2024,No,No,No,No,COMP_NO,No
9710,590248738032,11_11_2024,No,No,No,No,COMP_NO,No
9711,590248782055,11_11_2024,No,No,No,No,COMP_NO,No
9712,590248782534,11_11_2024,No,No,No,No,COMP_NO,No
9713,590248800983,11_11_2024,No,No,No,No,COMP_NO,No
9714,590248802192,11_11_2024,No,No,No,No,COMP_NO,No
9715,590248843447,11_11_2024,No,No,No,No,COMP_NO,No
9716,590248844563,11_11_2024,No,No,No,No,COMP_NO,No
9717,590248871565,11_11_2024,No,Yes,No,No,COMP_NO,No
9718,590248894215,11_11_2024,No,Yes,No,Yes,COMP_NO,No
9719,590248895174,11_11_2024,No,No,No,Yes,COMP_NO,No
9720,590248913188,11_11_2024,No,No,No,No,COMP_NO,No
9721,590249230902,12_11_2024,No,Yes,No,Yes,COMP_NO,No
9722,590249267473,12_11_2024,No,No,No,No,COMP_NO,No
9723,590249274610,12_11_2024,No,No,No,No,COMP_NO,No
9724,590249277537,12_11_2024,No,No,No,No,COMP_NO,No
9725,590249321234,12_11_2024,No,No,No,No,COMP_NO,No
9726,590249326632,12_11_2024,No,No,No,No,COMP_NO,No
9727,590249364761,12_11_2024,No,No,No,No,COMP_NO,No
9728,590249371341,12_11_2024,No,No,No,No,COMP_NO,No
9729,590249404212,12_11_2024,No,No,No,No,COMP_NO,No
9730,590249407787,12_11_2024,No,No,No,No,COMP_NO,No
9731,590249408038,12_11_2024,No,No,No,No,COMP_NO,No
9732,590249476975,12_11_2024,No,No,No,No,COMP_NO,No
9733,590249477145,12_11_2024,No,No,No,No,COMP_NO,No
9734,590249479491,12_11_2024,No,No,No,No,COMP_NO,No
9735,590249491844,12_11_2024,No,Yes,No,Yes,COMP_NO,No
9736,590249503235,12_11_2024,No,No,No,No,COMP_NO,No
9737,590249536261,12_11_2024,No,No,No,No,COMP_NO,No
9738,590249538805,12_11_2024,No,No,No,No,COMP_NO,No
9739,590437550375,12_11_2024,No,No,No,No,COMP_NO,No
9740,590437585247,12_11_2024,No,No,No,No,COMP_NO,No
9741,590437621191,12_11_2024,No,No,No,No,COMP_NO,No
9742,590437621768,12_11_2024,No,No,No,No,COMP_NO,No
9743,590437661975,12_11_2024,No,No,No,No,COMP_NO,No
9744,590437691732,12_11_2024,No,No,No,No,COMP_NO,No
9745,590437723212,12_11_2024,No,No,No,No,COMP_NO,No
9746,590437726908,12_11_2024,No,No,No,No,COMP_NO,No
9747,590437748700,12_11_2024,No,No,No,No,COMP_NO,No
9748,590437753357,12_11_2024,No,No,No,No,COMP_NO,No
9749,590437754863,12_11_2024,No,No,No,No,COMP_NO,No
9750,590437775175,12_11_2024,No,No,No,No,COMP_NO,No
9751,590437798105,12_11_2024,No,No,No,No,COMP_NO,No
9752,590437820380,12_11_2024,No,No,No,No,COMP_NO,No
9753,590437837655,12_11_2024,No,No,No,No,COMP_NO,No
9754,590437838971,12_11_2024,No,No,No,No,COMP_NO,No
9755,590437840420,12_11_2024,No,No,No,No,COMP_NO,No
9756,590437842896,12_11_2024,No,No,No,No,COMP_NO,No
9757,590437850779,12_11_2024,No,No,No,No,COMP_NO,No
9758,590437857393,12_11_2024,No,No,No,No,COMP_NO,No
9759,590437874656,12_11_2024,No,No,No,No,COMP_NO,No
9760,590437878032,12_11_2024,No,No,No,No,COMP_NO,No
9761,590438155714,13_11_2024,No,No,No,No,COMP_NO,No
9762,590438167983,13_11_2024,No,No,No,No,COMP_NO,No
9763,590438175315,13_11_2024,No,No,No,No,COMP_NO,No
9764,590438179798,13_11_2024,No,No,No,No,COMP_NO,No
9765,590438182535,13_11_2024,No,No,No,No,COMP_NO,No
9766,590438186318,13_11_2024,No,No,No,No,COMP_NO,No
9767,590438197643,13_11_2024,No,No,No,No,COMP_NO,No
9768,590438198636,13_11_2024,No,No,No,No,COMP_NO,No
9769,590438199940,13_11_2024,No,No,No,No,COMP_NO,No
9770,590438235435,13_11_2024,No,No,No,No,COMP_NO,No
9771,590438248585,13_11_2024,No,No,No,No,COMP_NO,No
9772,590438258189,13_11_2024,No,No,No,No,COMP_NO,No
9773,590438258578,13_11_2024,No,No,No,No,COMP_NO,No
9774,590438265373,13_11_2024,No,No,No,No,COMP_NO,No
9775,590438268587,13_11_2024,No,No,No,No,COMP_NO,No
9776,590438272541,13_11_2024,No,No,No,No,COMP_NO,No
9777,590438301006,13_11_2024,No,No,No,No,COMP_NO,No
9778,590438301693,13_11_2024,No,No,No,No,COMP_NO,No
9779,590438325967,13_11_2024,No,No,No,No,COMP_NO,No
9780,590438326132,13_11_2024,No,No,No,No,COMP_NO,No
9781,590438334595,13_11_2024,No,No,No,No,COMP_NO,No
9782,590438365203,13_11_2024,No,No,No,No,COMP_NO,No
9783,590438365429,13_11_2024,No,No,No,No,COMP_NO,No
9784,590438374754,13_11_2024,No,No,No,No,COMP_NO,No
9785,590438376014,13_11_2024,No,No,No,No,COMP_NO,No
9786,590438397923,13_11_2024,No,No,No,No,COMP_NO,No
9787,590438398932,13_11_2024,No,No,No,No,COMP_NO,No
9788,590438409364,13_11_2024,No,No,No,No,COMP_NO,No
9789,590438417063,13_11_2024,No,No,No,No,COMP_NO,No
9790,590438420082,13_11_2024,No,No,No,No,COMP_NO,No
9791,590438453692,13_11_2024,No,No,No,No,COMP_NO,No
9792,590438458179,13_11_2024,No,No,No,No,COMP_NO,No
9793,590438474163,13_11_2024,No,No,No,No,COMP_NO,No
9794,590438476056,13_11_2024,No,No,No,No,COMP_NO,No
9795,590438587978,13_11_2024,No,No,No,No,COMP_NO,No
9796,590438588098,13_11_2024,No,No,No,No,COMP_NO,No
9797,590438599458,13_11_2024,No,No,No,No,COMP_NO,No
9798,590438600086,13_11_2024,No,No,No,No,COMP_NO,No
9799,590438677769,13_11_2024,No,No,No,No,COMP_NO,No
9800,590913610431,20_11_2024,No,Yes,No,Yes,COMP_SM,Yes
9801,590914033382,20_11_2024,No,No,No,No,COMP_NO,No
9802,590914035012,20_11_2024,No,No,No,No,COMP_NO,No
9803,590914846955,21_11_2024,No,Yes,No,No,COMP_CH,Yes
9804,590914847297,21_11_2024,No,No,No,No,COMP_NO,No
9805,590915112487,21_11_2024,No,No,No,No,COMP_NO,No
9806,590915425932,22_11_2024,No,No,No,No,COMP_NO,No
9807,590915427610,22_11_2024,No,No,No,No,COMP_NO,No
9808,590915430564,22_11_2024,No,No,No,No,COMP_NO,No
9809,590915458171,22_11_2024,No,No,No,No,COMP_NO,No
9810,590915486720,22_11_2024,No,No,No,No,COMP_NO,No
9811,590915489230,22_11_2024,No,No,No,No,COMP_NO,No
9812,590915512174,22_11_2024,No,No,No,No,COMP_NO,No
9813,590915525479,22_11_2024,No,No,No,No,COMP_NO,No
9814,590915534836,22_11_2024,No,Yes,No,Yes,COMP_NO,No
9815,591085590510,22_11_2024,No,No,No,No,COMP_NO,No
9816,591085621517,22_11_2024,No,No,No,No,COMP_NO,No
9817,591085622862,22_11_2024,No,No,No,No,COMP_NO,No
9818,591085648003,22_11_2024,No,Yes,No,Yes,COMP_CO,Yes
9819,591085649418,22_11_2024,No,No,No,No,COMP_NO,No
9820,591085651031,22_11_2024,No,No,No,No,COMP_NO,No
9821,591085651970,22_11_2024,No,No,No,No,COMP_NO,No
9822,591085683909,22_11_2024,No,No,No,No,COMP_NO,No
9823,591085686607,22_11_2024,No,No,No,No,COMP_NO,No
9824,591085700370,22_11_2024,No,No,No,No,COMP_NO,No
9825,591085729191,22_11_2024,No,No,No,No,COMP_NO,No
9826,591085732534,22_11_2024,No,Yes,No,Yes,COMP_SI,Yes
9827,591085765865,22_11_2024,No,No,No,Yes,COMP_NO,No
9828,591085766148,22_11_2024,No,No,No,No,COMP_NO,No
9829,591085878462,22_11_2024,No,No,No,No,COMP_NO,No
9830,591085907151,22_11_2024,No,No,No,No,COMP_NO,No
9831,591085926833,22_11_2024,No,No,No,No,COMP_NO,No
9832,591085933689,22_11_2024,No,No,No,No,COMP_NO,No
9833,591085941130,22_11_2024,No,No,No,No,COMP_NO,No
9834,591085941620,22_11_2024,No,No,No,No,COMP_NO,No
9835,591085947494,22_11_2024,No,No,No,No,COMP_NO,No
9836,591085950107,22_11_2024,No,No,No,No,COMP_NO,No
9837,591085957846,22_11_2024,No,No,No,No,COMP_NO,No
9838,591087067571,25_11_2024,No,Yes,No,Yes,COMP_NO,No
9839,591087127313,25_11_2024,No,No,No,No,COMP_NO,No
9840,591087127945,25_11_2024,No,No,No,No,COMP_NO,No
9841,591087136082,25_11_2024,No,Yes,No,No,COMP_TO,Yes
9842,591087141624,25_11_2024,No,No,No,No,COMP_NO,No
9843,591087167044,25_11_2024,No,No,No,No,COMP_NO,No
9844,591087170283,25_11_2024,No,No,No,No,COMP_NO,No
9845,591087197969,25_11_2024,No,Yes,No,Yes,COMP_NO,No
9846,591087206092,25_11_2024,No,No,No,No,COMP_NO,No
9847,591087207708,25_11_2024,No,Yes,No,Yes,COMP_CH,Yes
9848,591087211952,25_11_2024,No,No,No,No,COMP_NO,No
9849,591087213989,25_11_2024,No,No,No,No,COMP_NO,No
9850,591087216485,25_11_2024,No,No,No,No,COMP_NO,No
9851,591087266477,25_11_2024,No,Yes,No,Yes,COMP_CH,Yes
9852,591087266813,25_11_2024,No,No,No,No,COMP_NO,No
9853,591087267840,25_11_2024,No,No,No,No,COMP_NO,No
9854,591087276737,25_11_2024,No,No,No,No,COMP_NO,No
9855,591087294272,25_11_2024,No,No,No,No,COMP_NO,No
9856,591087296082,25_11_2024,No,No,No,No,COMP_NO,No
9857,591087322099,25_11_2024,No,No,No,No,COMP_NO,No
9858,591087324825,25_11_2024,No,No,No,No,COMP_NO,No
9859,591087350103,25_11_2024,No,No,No,No,COMP_NO,No
9860,591087350823,25_11_2024,No,No,No,No,COMP_NO,No
9861,591087369901,25_11_2024,No,No,No,No,COMP_NO,No
9862,591087381061,25_11_2024,No,No,No,No,COMP_NO,No
9863,591087383947,25_11_2024,No,No,No,No,COMP_NO,No
9864,591087408382,25_11_2024,No,No,No,No,COMP_NO,No
9865,591087412429,25_11_2024,No,Yes,No,No,COMP_NO,No
9866,591087415255,25_11_2024,No,No,No,No,COMP_NO,No
9867,591087435832,25_11_2024,No,No,No,No,COMP_NO,No
9868,591087437335,25_11_2024,No,No,No,No,COMP_NO,No
9869,591087450412,25_11_2024,No,No,No,No,COMP_NO,No
9870,591087484592,25_11_2024,No,Yes,No,No,COMP_NO,No
9871,591087491849,25_11_2024,No,No,No,No,COMP_NO,No
9872,591087495857,25_11_2024,No,No,No,No,COMP_NO,No
9873,591087505777,25_11_2024,No,No,No,No,COMP_NO,No
9874,591087508996,25_11_2024,No,No,No,No,COMP_NO,No
9875,591233561724,25_11_2024,No,No,No,No,COMP_NO,No
9876,591233561740,25_11_2024,No,No,No,No,COMP_NO,No
9877,591233583831,25_11_2024,No,No,No,No,COMP_NO,No
9878,591233589924,25_11_2024,No,No,No,No,COMP_NO,No
9879,591233590053,25_11_2024,No,No,No,No,COMP_NO,No
9880,591233592993,25_11_2024,No,No,No,No,COMP_CO,Yes
9881,591233604193,25_11_2024,No,No,No,No,COMP_NO,No
9882,591233630310,25_11_2024,No,No,No,No,COMP_NO,No
9883,591233635125,25_11_2024,No,No,No,No,COMP_NO,No
9884,591233637571,25_11_2024,No,No,No,No,COMP_NO,No
9885,591233639893,25_11_2024,No,No,No,No,COMP_NO,No
9886,591233689280,25_11_2024,No,No,No,No,COMP_NO,No
9887,591233700312,25_11_2024,No,No,No,No,COMP_NO,No
9888,591233700988,25_11_2024,No,No,No,No,COMP_NO,No
9889,591233723062,25_11_2024,No,Yes,No,Yes,COMP_NO,No
9890,591233750679,25_11_2024,No,No,No,No,COMP_NO,No
9891,591233772736,25_11_2024,No,No,No,No,COMP_NO,No
9892,591233780387,25_11_2024,No,No,No,No,COMP_NO,No
9893,591233781787,25_11_2024,No,No,No,No,COMP_NO,No
9894,591233787855,25_11_2024,No,No,No,No,COMP_NO,No
9895,591234070135,26_11_2024,No,No,No,No,COMP_NO,No
9896,591234073234,26_11_2024,No,No,No,No,COMP_NO,No
9897,591234132608,26_11_2024,No,No,No,No,COMP_NO,No
9898,591234147840,26_11_2024,No,No,No,No,COMP_NO,No
9899,591234167869,26_11_2024,No,No,No,No,COMP_NO,No
9900,591234168717,26_11_2024,No,No,No,No,COMP_NO,No
9901,591234176869,26_11_2024,No,No,No,No,COMP_NO,No
9902,591234179365,26_11_2024,No,No,No,No,COMP_NO,No
9903,591234193850,26_11_2024,No,No,No,No,COMP_NO,No
9904,591234199276,26_11_2024,No,No,No,No,COMP_NO,No
9905,591234199535,26_11_2024,No,No,No,No,COMP_NO,No
9906,591234229108,26_11_2024,No,No,No,No,COMP_NO,No
9907,591234252353,26_11_2024,No,No,No,No,COMP_NO,No
9908,591234274640,26_11_2024,No,No,No,No,COMP_NO,No
9909,591234290253,26_11_2024,No,No,No,No,COMP_NO,No
9910,591234359416,26_11_2024,No,No,No,No,COMP_NO,No
9911,591234388671,26_11_2024,No,No,No,No,COMP_NO,No
9912,591234392101,26_11_2024,No,No,No,No,COMP_NO,No
9913,591234453165,26_11_2024,No,No,No,No,COMP_NO,No
9914,591234506832,26_11_2024,No,No,No,No,COMP_NO,No
9915,591234506900,26_11_2024,No,No,No,No,COMP_NO,No
9916,591234585447,26_11_2024,No,No,No,No,COMP_NO,No
9917,590065089769,07_11_2024,No,No,No,No,COMP_NO,No
9918,590065090829,07_11_2024,No,No,No,No,COMP_NO,No
9919,590065554678,08_11_2024,No,Yes,No,Yes,COMP_SS,Yes
9920,590248744218,11_11_2024,Yes,Yes,No,Yes,COMP_CO,Yes
9921,590248758939,11_11_2024,No,No,No,No,COMP_NO,No
9922,590249493466,12_11_2024,No,No,No,No,COMP_NO,No
9923,590249494378,12_11_2024,No,No,No,No,COMP_NO,No
9924,590249517759,12_11_2024,No,No,No,No,COMP_NO,No
9925,590249522383,12_11_2024,No,No,No,Yes,COMP_NO,No
9926,590437556279,12_11_2024,No,No,No,No,COMP_NO,No
9927,590437556639,12_11_2024,No,Yes,No,Yes,COMP_NO,No
9928,590437586077,12_11_2024,No,Yes,No,Yes,COMP_GR,Yes
9929,590437623599,12_11_2024,No,No,No,No,COMP_NO,No
9930,590437623810,12_11_2024,No,No,No,No,COMP_NO,No
9931,590437698385,12_11_2024,No,No,No,No,COMP_NO,No
9932,590437708415,12_11_2024,No,No,No,No,COMP_NO,No
9933,590437716025,12_11_2024,No,No,No,No,COMP_NO,No
9934,590437729098,12_11_2024,No,No,No,No,COMP_NO,No
9935,590437731144,12_11_2024,No,No,No,No,COMP_NO,No
9936,590437761517,12_11_2024,No,No,No,No,COMP_NO,No
9937,590437763337,12_11_2024,No,No,No,No,COMP_NO,No
9938,590437776555,12_11_2024,No,Yes,No,Yes,COMP_NO,No
9939,590437777153,12_11_2024,No,No,No,No,COMP_NO,No
9940,590437782149,12_11_2024,No,No,No,No,COMP_NO,No
9941,590437801031,12_11_2024,No,No,No,No,COMP_NO,No
9942,590437859538,12_11_2024,No,No,No,No,COMP_NO,No
9943,590437879055,12_11_2024,No,No,No,No,COMP_NO,No
9944,590438188630,13_11_2024,No,No,No,No,COMP_NO,No
9945,590438200641,13_11_2024,No,No,No,No,COMP_NO,No
9946,590438237913,13_11_2024,No,No,No,No,COMP_NO,No
9947,590438239382,13_11_2024,No,No,No,No,COMP_NO,No
9948,590438240919,13_11_2024,Yes,No,No,No,COMP_SA,Yes
9949,590438241280,13_11_2024,No,No,No,No,COMP_NO,No
9950,590438269789,13_11_2024,No,No,No,No,COMP_NO,No
9951,590438282094,13_11_2024,No,No,No,No,COMP_NO,No
9952,590438282854,13_11_2024,No,No,No,No,COMP_NO,No
9953,590438289795,13_11_2024,No,Yes,No,Yes,COMP_CH,Yes
9954,590438303432,13_11_2024,No,No,No,No,COMP_NO,No
9955,590438334901,13_11_2024,No,Yes,No,Yes,COMP_NO,No
9956,590438342013,13_11_2024,No,Yes,No,No,COMP_NO,No
9957,590438344430,13_11_2024,No,No,No,No,COMP_NO,No
9958,590438351476,13_11_2024,No,No,No,No,COMP_NO,No
9959,590438376516,13_11_2024,No,No,No,No,COMP_NO,No
9960,590438377032,13_11_2024,No,No,No,No,COMP_NO,No
9961,590438381357,13_11_2024,No,Yes,No,Yes,COMP_CO,Yes
9962,590438386204,13_11_2024,No,No,No,No,COMP_NO,No
9963,590438422284,13_11_2024,No,No,No,No,COMP_NO,No
9964,590438436318,13_11_2024,No,No,No,No,COMP_NO,No
9965,590438438858,13_11_2024,No,No,No,No,COMP_NO,No
9966,590438439421,13_11_2024,No,No,No,No,COMP_NO,No
9967,590438468395,13_11_2024,No,No,No,No,COMP_NO,No
9968,590438470492,13_11_2024,No,No,No,No,COMP_NO,No
9969,590438472659,13_11_2024,No,No,No,No,COMP_NO,No
9970,590438476182,13_11_2024,No,No,No,No,COMP_NO,No
9971,590438478487,13_11_2024,Yes,No,No,No,COMP_NO,Yes
9972,590438486836,13_11_2024,No,No,No,No,COMP_NO,No
9973,590438511551,13_11_2024,No,No,No,No,COMP_NO,No
9974,590438515732,13_11_2024,No,Yes,No,No,COMP_NO,No
9975,590438549348,13_11_2024,No,No,No,No,COMP_NO,No
9976,590438554908,13_11_2024,No,Yes,No,No,COMP_NO,No
9977,590438561965,13_11_2024,No,Yes,No,Yes,COMP_CH,Yes
9978,590438562518,13_11_2024,No,No,No,No,COMP_NO,No
9979,590438564885,13_11_2024,No,No,No,No,COMP_NO,No
9980,590438574711,13_11_2024,No,No,No,No,COMP_NO,No
9981,590438575948,13_11_2024,No,No,No,No,COMP_NO,No
9982,590438588126,13_11_2024,No,No,No,No,COMP_NO,No
9983,590438588971,13_11_2024,No,No,No,No,COMP_NO,No
9984,590438589378,13_11_2024,No,No,No,No,COMP_NO,No
9985,590438593783,13_11_2024,No,No,No,No,COMP_NO,No
9986,590438688585,13_11_2024,No,No,No,No,COMP_NO,No
9987,590438689800,13_11_2024,No,No,No,No,COMP_NO,No
9988,590438712742,13_11_2024,No,No,No,No,COMP_NO,No
9989,590438730041,13_11_2024,No,No,No,No,COMP_NO,No
9990,590438730189,13_11_2024,No,No,No,No,COMP_NO,No
9991,590438758431,13_11_2024,No,No,No,No,COMP_NO,No
9992,590438759618,13_11_2024,No,No,No,No,COMP_NO,No
9993,590438782451,13_11_2024,No,Yes,No,No,COMP_CH,Yes
9994,590438783355,13_11_2024,No,No,No,No,COMP_NO,No
9995,590438813673,13_11_2024,No,No,No,No,COMP_NO,No
9996,590438819351,13_11_2024,No,No,No,No,COMP_NO,No
9997,590438832910,13_11_2024,Yes,Yes,No,No,COMP_HS,Yes
9998,590438834383,13_11_2024,No,Yes,No,Yes,COMP_HS,Yes
9999,590439096579,14_11_2024,No,No,No,No,COMP_NO,No
10000,590439100067,14_11_2024,No,No,No,No,COMP_NO,No
10001,590439112131,14_11_2024,Yes,No,No,No,COMP_SA,Yes
10002,590439136682,14_11_2024,No,No,No,No,COMP_NO,No
10003,590439162419,14_11_2024,No,No,No,No,COMP_NO,No
10004,590439164022,14_11_2024,No,Yes,No,Yes,COMP_NO,No
10005,590439218545,14_11_2024,No,No,No,No,COMP_NO,No
10006,590439224633,14_11_2024,No,No,No,No,COMP_NO,No
10007,590439234810,14_11_2024,No,No,No,No,COMP_NO,No
10008,590439236571,14_11_2024,No,No,No,No,COMP_NO,No
10009,590439376329,14_11_2024,No,No,No,No,COMP_NO,No
10010,590439413237,14_11_2024,No,No,No,No,COMP_NO,No
10011,590557581254,14_11_2024,No,No,No,No,COMP_NO,No
10012,590914639915,21_11_2024,No,Yes,No,Yes,COMP_NO,No
10013,590914640131,21_11_2024,No,No,No,No,COMP_NO,No
10014,590915019905,21_11_2024,No,No,No,No,COMP_NO,No
10015,590915020748,21_11_2024,No,No,No,No,COMP_NO,No
10016,590915024754,21_11_2024,No,No,No,No,COMP_NO,No
10017,590915125829,21_11_2024,No,No,No,No,COMP_NO,No
10018,590915434834,22_11_2024,No,No,No,No,COMP_NO,No
10019,590915454030,22_11_2024,No,No,No,No,COMP_CO,Yes
10020,591085551650,22_11_2024,No,No,No,No,COMP_NO,No
10021,591085592809,22_11_2024,No,Yes,No,Yes,COMP_CH,Yes
10022,591085593944,22_11_2024,No,No,No,No,COMP_NO,No
10023,591085629493,22_11_2024,No,No,No,No,COMP_NO,No
10024,591085738589,22_11_2024,No,No,No,No,COMP_NO,No
10025,591085740035,22_11_2024,No,No,No,No,COMP_NO,No
10026,591085912404,22_11_2024,No,No,No,No,COMP_NO,No
10027,591085959924,22_11_2024,No,No,No,No,COMP_NO,No
10028,591085960072,22_11_2024,No,No,No,No,COMP_NO,No
10029,591087091737,25_11_2024,No,No,No,No,COMP_NO,No
10030,591087142639,25_11_2024,No,Yes,No,Yes,COMP_NO,No
10031,591087145372,25_11_2024,No,No,No,No,COMP_NO,No
10032,591087216467,25_11_2024,No,No,No,No,COMP_NO,No
10033,591087217760,25_11_2024,No,Yes,No,No,COMP_NO,No
10034,591087228641,25_11_2024,No,No,No,No,COMP_NO,No
10035,591087281247,25_11_2024,No,No,No,No,COMP_NO,No
10036,591087303781,25_11_2024,No,No,No,No,COMP_NO,No
10037,591087325644,25_11_2024,No,No,No,No,COMP_NO,No
10038,591087352396,25_11_2024,No,No,No,No,COMP_NO,No
10039,591087359481,25_11_2024,No,No,No,No,COMP_NO,No
10040,591087389582,25_11_2024,No,Yes,No,No,COMP_CO,Yes
10041,591087419945,25_11_2024,No,Yes,No,Yes,COMP_NO,No
10042,591087442792,25_11_2024,No,No,No,No,COMP_NO,No
10043,591087447919,25_11_2024,No,Yes,No,Yes,COMP_CH,Yes
10044,591087502556,25_11_2024,No,Yes,No,No,COMP_CH,Yes
10045,591087521129,25_11_2024,No,No,No,No,COMP_NO,No
10046,591087530153,25_11_2024,Yes,No,No,No,COMP_NO,Yes
10047,591087532283,25_11_2024,No,No,No,No,COMP_NO,No
10048,591087545113,25_11_2024,No,Yes,No,No,COMP_CO,Yes
10049,591233567095,25_11_2024,No,No,No,No,COMP_NO,No
10050,591233568046,25_11_2024,No,No,No,No,COMP_NO,No
10051,591233569990,25_11_2024,No,No,No,No,COMP_NO,No
10052,591233573421,25_11_2024,No,No,No,No,COMP_NO,No
10053,591233574204,25_11_2024,No,No,No,No,COMP_NO,No
10054,591233578739,25_11_2024,No,No,No,No,COMP_NO,No
10055,591233595353,25_11_2024,No,No,No,No,COMP_NO,No
10056,591233600067,25_11_2024,No,No,No,No,COMP_NO,No
10057,591233608472,25_11_2024,No,No,No,No,COMP_NO,No
10058,591233640174,25_11_2024,No,No,No,No,COMP_NO,No
10059,591233640650,25_11_2024,No,No,No,No,COMP_NO,No
10060,591233648365,25_11_2024,No,No,No,No,COMP_NO,No
10061,591233664262,25_11_2024,No,Yes,No,Yes,COMP_CH,Yes
10062,591233666460,25_11_2024,No,No,No,No,COMP_NO,No
10063,591233666787,25_11_2024,No,No,No,No,COMP_NO,No
10064,591233715341,25_11_2024,No,No,No,No,COMP_NO,No
10065,591233719520,25_11_2024,No,No,No,No,COMP_NO,No
10066,591233724403,25_11_2024,No,No,No,No,COMP_NO,No
10067,591233724989,25_11_2024,No,No,No,No,COMP_NO,No
10068,591233726730,25_11_2024,No,No,No,No,COMP_NO,No
10069,591233751688,25_11_2024,No,No,No,No,COMP_NO,No
10070,591233754727,25_11_2024,No,No,No,No,COMP_NO,No
10071,591233755526,25_11_2024,No,Yes,No,No,COMP_NO,No
10072,591233791961,25_11_2024,No,No,No,No,COMP_NO,No
10073,591233813190,25_11_2024,No,No,No,No,COMP_NO,No
10074,591234075519,26_11_2024,No,No,No,No,COMP_NO,No
10075,591234078858,26_11_2024,No,No,No,No,COMP_NO,No
10076,591234111668,26_11_2024,No,Yes,No,Yes,COMP_NO,No
10077,591234137059,26_11_2024,No,Yes,No,Yes,COMP_CH,Yes
10078,591234142943,26_11_2024,No,No,No,No,COMP_NO,No
10079,591234155086,26_11_2024,No,No,No,No,COMP_NO,No
10080,591234158415,26_11_2024,No,No,No,No,COMP_NO,No
10081,591234169445,26_11_2024,No,No,No,No,COMP_NO,No
10082,591234169663,26_11_2024,No,No,No,No,COMP_NO,No
10083,591234179831,26_11_2024,No,Yes,No,Yes,COMP_CH,Yes
10084,591234181264,26_11_2024,No,No,No,No,COMP_NO,No
10085,591234183379,26_11_2024,No,No,No,No,COMP_NO,No
10086,591234214194,26_11_2024,No,No,No,No,COMP_NO,No
10087,591234222955,26_11_2024,No,No,No,No,COMP_NO,No
10088,591234226150,26_11_2024,No,No,No,No,COMP_NO,No
10089,591234227148,26_11_2024,No,No,No,No,COMP_NO,No
10090,591234230578,26_11_2024,No,No,No,No,COMP_NO,No
10091,591234275332,26_11_2024,No,No,No,No,COMP_NO,No
10092,591234291384,26_11_2024,No,No,No,No,COMP_NO,No
10093,591234300784,26_11_2024,No,No,No,No,COMP_NO,No
10094,591234301100,26_11_2024,No,Yes,No,No,COMP_CO,Yes
10095,591234317406,26_11_2024,No,No,No,No,COMP_NO,No
10096,591234322971,26_11_2024,No,No,No,No,COMP_NO,No
10097,591234332919,26_11_2024,No,No,No,No,COMP_NO,No
10098,591234360078,26_11_2024,No,No,No,No,COMP_NO,No
10099,591234366237,26_11_2024,No,Yes,No,No,COMP_NO,No
10100,591234394953,26_11_2024,No,No,No,No,COMP_NO,No
10101,591234395511,26_11_2024,No,No,No,No,COMP_NO,No
10102,591234395570,26_11_2024,No,Yes,No,No,COMP_NO,No
10103,591234396675,26_11_2024,No,No,No,No,COMP_NO,No
10104,591234484063,26_11_2024,No,No,No,Yes,COMP_NO,No
10105,591234486364,26_11_2024,No,No,No,No,COMP_NO,No
10106,591234514183,26_11_2024,No,No,No,No,COMP_NO,No
10107,591234520927,26_11_2024,No,Yes,No,No,COMP_CO,Yes
10108,591234564527,26_11_2024,No,No,No,No,COMP_NO,No
10109,591234565057,26_11_2024,No,No,No,No,COMP_NO,No
10110,591234569013,26_11_2024,No,No,No,No,COMP_NO,No
10111,591234592745,26_11_2024,No,No,No,No,COMP_NO,No
10112,591234594206,26_11_2024,No,No,No,No,COMP_NO,No
10113,591234601323,26_11_2024,No,No,No,No,COMP_NO,No
10114,591234603416,26_11_2024,No,No,No,No,COMP_NO,No
10115,591234603995,26_11_2024,No,No,No,No,COMP_NO,No
10116,591234621588,26_11_2024,No,No,No,No,COMP_NO,No
10117,591234625840,26_11_2024,No,No,No,No,COMP_NO,No
10118,591234642726,26_11_2024,No,No,No,No,COMP_NO,No
10119,591234643556,26_11_2024,No,No,No,No,COMP_NO,No
10120,591234645963,26_11_2024,No,No,No,Yes,COMP_NO,No
10121,591234650218,26_11_2024,No,No,No,No,COMP_NO,No
10122,591234654175,26_11_2024,No,No,No,No,COMP_NO,No
10123,591234655394,26_11_2024,No,No,No,No,COMP_NO,No
10124,591234679495,26_11_2024,No,No,No,No,COMP_NO,No
10125,591234684814,26_11_2024,No,No,No,No,COMP_NO,No
10126,591234698285,26_11_2024,No,No,No,No,COMP_NO,No
10127,591234718415,26_11_2024,No,No,No,No,COMP_NO,No
10128,591234718839,26_11_2024,No,No,No,No,COMP_NO,No
10129,591234756710,26_11_2024,No,No,No,No,COMP_NO,No
10130,591234769810,26_11_2024,No,No,No,No,COMP_NO,No
10131,591234769816,26_11_2024,No,No,No,No,COMP_NO,No
10132,591234799183,26_11_2024,No,No,No,No,COMP_NO,No
10133,591234818781,26_11_2024,No,No,No,No,COMP_NO,No
10134,591234834291,26_11_2024,No,No,No,No,COMP_NO,No
10135,591235086737,27_11_2024,No,No,No,No,COMP_NO,No
10136,591235142425,27_11_2024,No,Yes,No,No,COMP_NO,No
10137,591235152794,27_11_2024,No,No,No,No,COMP_NO,No
10138,590065092861,07_11_2024,No,Yes,No,Yes,COMP_NO,No
10139,590065094784,07_11_2024,No,No,No,No,COMP_NO,No
10140,590248759353,11_11_2024,No,No,No,No,COMP_NO,No
10141,590248914761,11_11_2024,No,No,No,No,COMP_NO,No
10142,590248914841,11_11_2024,No,No,No,No,COMP_NO,No
10143,590249237240,12_11_2024,No,Yes,No,Yes,COMP_NO,No
10144,590249237628,12_11_2024,No,No,No,No,COMP_NO,No
10145,590249413068,12_11_2024,No,No,No,No,COMP_NO,No
10146,590437560516,12_11_2024,Yes,Yes,No,Yes,COMP_CO,Yes
10147,590437598742,12_11_2024,No,No,No,No,COMP_NO,No
10148,590437763581,12_11_2024,No,No,No,No,COMP_NO,No
10149,590437783888,12_11_2024,No,No,No,No,COMP_NO,No
10150,590437894105,12_11_2024,No,Yes,No,No,COMP_CH,Yes
10151,590437898936,12_11_2024,No,No,No,No,COMP_NO,No
10152,590437900055,12_11_2024,No,No,No,No,COMP_NO,No
10153,590437902174,12_11_2024,No,No,No,No,COMP_NO,No
10154,590438210668,13_11_2024,No,Yes,No,Yes,COMP_NO,No
10155,590438243240,13_11_2024,No,No,No,No,COMP_NO,No
10156,590438269886,13_11_2024,No,No,No,No,COMP_NO,No
10157,590438290211,13_11_2024,No,No,No,No,COMP_NO,No
10158,590438292678,13_11_2024,No,No,No,No,COMP_NO,No
10159,590438295760,13_11_2024,No,No,No,No,COMP_NO,No
10160,590438296646,13_11_2024,No,No,No,No,COMP_NO,No
10161,590438298776,13_11_2024,No,No,No,No,COMP_NO,No
10162,590438312138,13_11_2024,No,No,No,No,COMP_NO,No
10163,590438313041,13_11_2024,No,No,No,No,COMP_NO,No
10164,590438314425,13_11_2024,No,No,No,No,COMP_NO,Yes
10165,590438353080,13_11_2024,No,No,No,No,COMP_NO,No
10166,590438367177,13_11_2024,No,No,No,No,COMP_NO,No
10167,590438378718,13_11_2024,No,No,No,No,COMP_NO,No
10168,590438387462,13_11_2024,No,Yes,No,No,COMP_NO,No
10169,590438390018,13_11_2024,No,No,No,No,COMP_NO,No
10170,590438401090,13_11_2024,No,Yes,No,Yes,COMP_NO,No
10171,590438401807,13_11_2024,No,No,No,No,COMP_NO,No
10172,590438404812,13_11_2024,No,No,No,No,COMP_NO,No
10173,590438405033,13_11_2024,No,No,No,No,COMP_NO,No
10174,590438412254,13_11_2024,No,No,No,No,COMP_CH,Yes
10175,590438423304,13_11_2024,No,No,No,Yes,COMP_NO,No
10176,590438424835,13_11_2024,No,No,No,No,COMP_NO,No
10177,590438427090,13_11_2024,No,No,No,No,COMP_NO,No
10178,590438441253,13_11_2024,No,No,No,No,COMP_NO,No
10179,590438447260,13_11_2024,No,No,No,No,COMP_NO,No
10180,590438451686,13_11_2024,Yes,No,No,No,COMP_NO,Yes
10181,590438473031,13_11_2024,No,No,No,No,COMP_NO,No
10182,590438489083,13_11_2024,Yes,No,No,No,COMP_SA,Yes
10183,590438496138,13_11_2024,No,Yes,No,Yes,COMP_NO,No
10184,590438497792,13_11_2024,No,No,No,No,COMP_NO,No
10185,590438557502,13_11_2024,No,No,No,No,COMP_NO,No
10186,590438558087,13_11_2024,No,No,No,No,COMP_NO,No
10187,590438570889,13_11_2024,No,No,No,No,COMP_NO,No
10188,590438572665,13_11_2024,No,No,No,No,COMP_NO,No
10189,590438574327,13_11_2024,No,No,No,No,COMP_NO,No
10190,590438596545,13_11_2024,No,No,No,No,COMP_NO,No
10191,590438627237,13_11_2024,No,Yes,No,No,COMP_NO,No
10192,590438647589,13_11_2024,No,No,No,No,COMP_NO,No
10193,590438696148,13_11_2024,No,No,No,No,COMP_NO,No
10194,590438706236,13_11_2024,No,No,No,No,COMP_NO,No
10195,590438729106,13_11_2024,No,No,No,No,COMP_NO,No
10196,590438741431,13_11_2024,No,No,No,No,COMP_NO,No
10197,590438759824,13_11_2024,No,No,No,No,COMP_NO,No
10198,590438797989,13_11_2024,No,No,No,No,COMP_NO,No
10199,590438830058,13_11_2024,No,No,No,No,COMP_NO,No
10200,590439060359,14_11_2024,Yes,No,No,No,COMP_SA,Yes
10201,590439113985,14_11_2024,No,No,No,No,COMP_NO,No
10202,590439117931,14_11_2024,No,No,No,No,COMP_NO,No
10203,590439123933,14_11_2024,No,No,No,No,COMP_NO,No
10204,590439124350,14_11_2024,No,No,No,No,COMP_NO,No
10205,590439137856,14_11_2024,No,Yes,No,Yes,COMP_CO,Yes
10206,590439138225,14_11_2024,No,No,No,No,COMP_NO,No
10207,590439164053,14_11_2024,No,No,No,No,COMP_NO,No
10208,590439223818,14_11_2024,No,No,No,No,COMP_NO,No
10209,590439224716,14_11_2024,No,No,No,No,COMP_NO,No
10210,590439237734,14_11_2024,No,No,No,No,COMP_NO,No
10211,590439239837,14_11_2024,No,No,No,No,COMP_NO,No
10212,590439263737,14_11_2024,No,No,No,No,COMP_NO,No
10213,590439266527,14_11_2024,No,No,No,No,COMP_NO,No
10214,590439269498,14_11_2024,No,No,No,No,COMP_NO,No
10215,590439284644,14_11_2024,No,No,No,No,COMP_NO,No
10216,590439284653,14_11_2024,No,No,No,No,COMP_NO,No
10217,590439285983,14_11_2024,No,No,No,No,COMP_NO,No
10218,590439293546,14_11_2024,No,No,No,No,COMP_NO,No
10219,590439305443,14_11_2024,No,No,No,No,COMP_NO,No
10220,590439307505,14_11_2024,No,No,No,No,COMP_NO,No
10221,590439324406,14_11_2024,No,Yes,No,No,COMP_NQ,Yes
10222,590439326813,14_11_2024,No,No,No,No,COMP_NO,No
10223,590439335373,14_11_2024,No,No,No,No,COMP_NO,No
10224,590439356186,14_11_2024,No,No,No,No,COMP_NO,No
10225,590439360846,14_11_2024,No,No,No,No,COMP_NO,No
10226,590439378350,14_11_2024,No,No,No,No,COMP_NO,No
10227,590439384838,14_11_2024,No,Yes,No,No,COMP_NO,No
10228,590439393569,14_11_2024,No,No,No,No,COMP_NO,No
10229,590439418795,14_11_2024,No,No,No,No,COMP_NO,No
10230,590439420552,14_11_2024,No,No,No,No,COMP_NO,No
10231,590439453007,14_11_2024,No,No,No,No,COMP_NO,No
10232,590439537569,14_11_2024,No,No,No,No,COMP_NO,No
10233,590439539546,14_11_2024,No,No,No,No,COMP_NO,No
10234,590557568314,14_11_2024,No,No,No,No,COMP_NO,No
10235,590557571137,14_11_2024,Yes,No,No,No,COMP_NO,Yes
10236,590557578891,14_11_2024,No,No,No,No,COMP_NO,No
10237,590557590544,14_11_2024,No,No,No,No,COMP_NO,No
10238,590557650600,14_11_2024,No,No,No,No,COMP_NO,No
10239,590557650671,14_11_2024,No,No,No,No,COMP_NO,No
10240,590557688126,14_11_2024,No,No,No,No,COMP_NO,No
10241,590557717610,14_11_2024,No,No,No,No,COMP_NO,No
10242,590915323587,22_11_2024,No,No,No,No,COMP_NO,No
10243,590915327423,22_11_2024,No,No,No,No,COMP_NO,No
10244,591085716599,22_11_2024,No,No,No,No,COMP_NO,No
10245,591085719551,22_11_2024,No,No,No,No,COMP_NO,No
10246,591085913628,22_11_2024,No,Yes,No,Yes,COMP_NO,No
10247,591087282418,25_11_2024,No,Yes,No,No,COMP_SM,Yes
10248,591087284276,25_11_2024,No,No,No,Yes,COMP_NO,No
10249,591087285938,25_11_2024,No,No,No,No,COMP_NO,No
10250,591087327481,25_11_2024,No,Yes,No,Yes,COMP_CH,Yes
10251,591087328186,25_11_2024,No,No,No,No,COMP_NO,No
10252,591087452713,25_11_2024,No,No,No,No,COMP_NO,No
10253,591087452940,25_11_2024,No,No,No,No,COMP_NO,No
10254,591233556075,25_11_2024,No,No,No,No,COMP_NO,No
10255,591233648635,25_11_2024,No,No,No,No,COMP_NO,No
10256,591233653534,25_11_2024,No,No,No,No,COMP_NO,No
10257,591233761398,25_11_2024,No,No,No,No,COMP_NO,No
10258,591234112821,26_11_2024,No,Yes,No,No,COMP_IS,Yes
10259,591234113284,26_11_2024,No,No,No,No,COMP_NO,No
10260,591234113987,26_11_2024,Yes,No,No,No,COMP_SA,Yes
10261,591234172129,26_11_2024,No,No,No,No,COMP_NO,No
10262,591234173035,26_11_2024,No,No,No,No,COMP_NO,No
10263,591234230778,26_11_2024,Yes,Yes,No,Yes,COMP_CH,Yes
10264,591234235044,26_11_2024,No,No,No,No,COMP_NO,No
10265,591234239179,26_11_2024,No,No,No,No,COMP_NO,No
10266,591234252578,26_11_2024,No,No,No,No,COMP_NO,No
10267,591234275574,26_11_2024,No,No,No,No,COMP_NO,No
10268,591234328681,26_11_2024,No,No,No,No,COMP_NO,No
10269,591234329915,26_11_2024,No,No,No,No,COMP_NO,No
10270,591234330517,26_11_2024,No,No,No,No,COMP_NO,No
10271,591234336647,26_11_2024,No,No,No,No,COMP_NO,No
10272,591234341729,26_11_2024,No,Yes,No,Yes,COMP_NO,No
10273,591234373791,26_11_2024,No,No,No,No,COMP_NO,No
10274,591234374765,26_11_2024,No,No,No,No,COMP_NO,No
10275,591234397343,26_11_2024,No,No,No,No,COMP_NO,No
10276,591234470070,26_11_2024,No,Yes,No,Yes,COMP_CH,Yes
10277,591234498169,26_11_2024,No,Yes,No,Yes,COMP_NO,No
10278,591234503776,26_11_2024,No,No,No,No,COMP_NO,No
10279,591234504152,26_11_2024,No,No,No,No,COMP_NO,No
10280,591234535573,26_11_2024,No,No,No,No,COMP_NO,No
10281,591234539152,26_11_2024,No,No,No,No,COMP_NO,No
10282,591234570534,26_11_2024,No,No,No,No,COMP_NO,No
10283,591234572984,26_11_2024,No,No,No,No,COMP_NO,No
10284,591234596587,26_11_2024,No,Yes,No,Yes,COMP_NO,No
10285,591234601064,26_11_2024,No,No,No,No,COMP_NO,No
10286,591234606596,26_11_2024,No,No,No,No,COMP_NO,No
10287,591234627500,26_11_2024,No,No,No,No,COMP_NO,No
10288,591234628235,26_11_2024,No,No,No,No,COMP_NO,No
10289,591234667495,26_11_2024,No,No,No,No,COMP_NO,No
10290,591234673736,26_11_2024,No,No,No,No,COMP_NO,No
10291,591234699902,26_11_2024,No,Yes,No,No,COMP_CH,Yes
10292,591234701374,26_11_2024,Yes,No,No,No,COMP_SA,Yes
10293,591234727245,26_11_2024,No,No,No,No,COMP_NO,No
10294,591234728867,26_11_2024,No,No,No,No,COMP_NO,No
10295,591234762877,26_11_2024,No,Yes,No,Yes,COMP_NO,No
10296,591234764572,26_11_2024,No,No,No,No,COMP_NO,No
10297,591234777561,26_11_2024,No,No,No,No,COMP_NO,No
10298,591234778125,26_11_2024,No,No,No,No,COMP_NO,No
10299,591234784227,26_11_2024,No,Yes,No,Yes,COMP_CO,Yes
10300,591234800263,26_11_2024,No,Yes,No,Yes,COMP_CH,Yes
10301,591234805087,26_11_2024,No,Yes,No,Yes,COMP_NO,No
10302,591234821463,26_11_2024,No,Yes,No,Yes,COMP_NO,No
10303,591234835914,26_11_2024,No,No,No,No,COMP_NO,No
10304,591234838150,26_11_2024,No,No,No,No,COMP_NO,No
10305,591234839268,26_11_2024,No,No,No,No,COMP_NO,No
10306,591235095112,27_11_2024,No,No,No,No,COMP_NO,No
10307,591235123333,27_11_2024,No,No,No,No,COMP_NO,No
10308,591235131785,27_11_2024,No,Yes,No,Yes,COMP_NO,No
10309,591235144716,27_11_2024,No,No,No,No,COMP_NO,No
10310,591235145179,27_11_2024,No,No,No,No,COMP_NO,No
10311,591235157887,27_11_2024,No,No,No,No,COMP_NO,No
10312,591235177060,27_11_2024,No,No,No,No,COMP_NO,No
10313,591235182507,27_11_2024,No,No,No,No,COMP_NO,No
10314,591235189172,27_11_2024,No,No,No,No,COMP_NO,No
10315,591235194367,27_11_2024,No,No,No,No,COMP_NO,No
10316,591235201919,27_11_2024,No,No,No,No,COMP_NO,No
10317,591235223254,27_11_2024,No,No,No,No,COMP_NO,No
10318,591235225032,27_11_2024,No,No,No,No,COMP_NO,No
10319,591235235349,27_11_2024,No,No,No,No,COMP_NO,No
10320,591235242988,27_11_2024,No,No,No,No,COMP_NO,No
10321,591235257714,27_11_2024,No,No,No,No,COMP_NO,No
10322,591235259897,27_11_2024,No,No,No,No,COMP_NO,No
10323,591235275882,27_11_2024,No,No,No,No,COMP_NO,No
10324,591235275906,27_11_2024,No,No,No,No,COMP_NO,No
10325,591235286577,27_11_2024,No,No,No,No,COMP_NO,No
10326,591235287410,27_11_2024,No,No,No,No,COMP_NO,No
10327,591235312055,27_11_2024,No,No,No,No,COMP_NO,No
10328,591235325108,27_11_2024,No,No,No,No,COMP_NO,No
10329,591235329845,27_11_2024,No,Yes,No,No,COMP_CH,Yes
10330,591235333299,27_11_2024,No,No,No,No,COMP_NO,No
10331,591235340323,27_11_2024,No,No,No,No,COMP_NO,No
10332,591235366574,27_11_2024,No,No,No,No,COMP_NO,No
10333,591235378991,27_11_2024,No,No,No,No,COMP_NO,No
10334,591235389210,27_11_2024,No,No,No,No,COMP_NO,No
10335,591235389403,27_11_2024,No,No,No,No,COMP_NO,No
10336,591235391416,27_11_2024,No,No,No,No,COMP_NO,No
10337,591235391688,27_11_2024,No,No,No,No,COMP_NO,No
10338,591235393898,27_11_2024,No,No,No,No,COMP_NO,No
10339,591235403721,27_11_2024,No,No,No,No,COMP_NO,No
10340,591235452586,27_11_2024,No,No,No,No,COMP_NO,No
10341,591235454445,27_11_2024,No,No,No,No,COMP_NO,No
10342,591235495920,27_11_2024,No,No,No,No,COMP_NO,No
10343,591235544955,27_11_2024,No,No,No,No,COMP_NO,No
10344,590249279390,12_11_2024,No,Yes,No,No,COMP_CH,Yes
10345,590249411176,12_11_2024,No,Yes,No,Yes,COMP_NO,Yes
10346,590437606835,12_11_2024,No,No,No,No,COMP_NO,No
10347,590437906343,12_11_2024,No,No,No,No,COMP_NO,No
10348,590438218148,13_11_2024,No,Yes,No,Yes,COMP_NO,No
10349,590438227117,13_11_2024,No,No,No,No,COMP_NO,No
10350,590438230831,13_11_2024,No,No,No,No,COMP_NO,No
10351,590438244412,13_11_2024,No,No,No,No,COMP_NO,No
10352,590438246041,13_11_2024,No,No,No,No,COMP_NO,No
10353,590438314445,13_11_2024,No,No,No,No,COMP_NO,No
10354,590438356175,13_11_2024,No,Yes,No,Yes,COMP_NO,No
10355,590438358695,13_11_2024,No,No,No,No,COMP_NO,No
10356,590438367884,13_11_2024,No,No,No,No,COMP_NO,No
10357,590438369317,13_11_2024,No,No,No,No,COMP_NO,No
10358,590438391016,13_11_2024,No,Yes,No,Yes,COMP_NO,No
10359,590438392389,13_11_2024,No,No,No,No,COMP_NO,No
10360,590438407980,13_11_2024,No,Yes,No,Yes,COMP_CH,Yes
10361,590438412461,13_11_2024,No,No,No,No,COMP_NO,No
10362,590438413827,13_11_2024,No,No,No,No,COMP_NO,No
10363,590438428895,13_11_2024,No,No,No,No,COMP_NO,No
10364,590438452806,13_11_2024,No,No,No,No,COMP_NO,No
10365,590438531315,13_11_2024,No,No,No,No,COMP_NO,No
10366,590438538727,13_11_2024,No,No,No,No,COMP_NO,No
10367,590438539331,13_11_2024,No,No,No,No,COMP_NO,No
10368,590438583068,13_11_2024,No,No,No,Yes,COMP_NO,No
10369,590438583574,13_11_2024,No,No,No,No,COMP_NO,No
10370,590438661752,13_11_2024,No,No,No,No,COMP_NO,No
10371,590438753646,13_11_2024,No,Yes,No,No,COMP_PR,Yes
10372,590438798054,13_11_2024,No,No,No,No,COMP_NO,No
10373,590438804030,13_11_2024,No,No,No,No,COMP_NO,No
10374,590439076271,14_11_2024,No,No,No,No,COMP_NO,No
10375,590439076380,14_11_2024,No,No,No,No,COMP_NO,No
10376,590439084708,14_11_2024,No,No,No,No,COMP_NO,No
10377,590439086803,14_11_2024,No,No,No,No,COMP_NO,No
10378,590439102937,14_11_2024,No,Yes,No,Yes,COMP_AL,Yes
10379,590439127449,14_11_2024,No,No,No,No,COMP_NO,No
10380,590439127760,14_11_2024,No,No,No,Yes,COMP_NO,No
10381,590439138497,14_11_2024,No,No,No,No,COMP_NO,No
10382,590439139996,14_11_2024,No,No,No,No,COMP_NO,No
10383,590439141734,14_11_2024,No,No,No,No,COMP_NO,No
10384,590439142777,14_11_2024,No,No,No,No,COMP_NO,No
10385,590439174720,14_11_2024,No,No,No,No,COMP_NO,No
10386,590439175800,14_11_2024,No,No,No,No,COMP_NO,No
10387,590439178553,14_11_2024,No,Yes,No,Yes,COMP_NO,No
10388,590439197561,14_11_2024,No,No,No,No,COMP_NO,No
10389,590439197693,14_11_2024,No,No,No,No,COMP_NO,No
10390,590439227974,14_11_2024,No,No,No,No,COMP_NO,No
10391,590439246151,14_11_2024,No,No,No,No,COMP_NO,No
10392,590439270577,14_11_2024,No,No,No,No,COMP_NO,No
10393,590439275842,14_11_2024,No,No,No,No,COMP_NO,No
10394,590439276054,14_11_2024,No,No,No,No,COMP_NO,No
10395,590439279512,14_11_2024,No,No,No,No,COMP_NO,No
10396,590439290774,14_11_2024,No,No,No,No,COMP_NO,No
10397,590439296222,14_11_2024,No,Yes,No,Yes,COMP_NO,No
10398,590439301350,14_11_2024,No,No,No,No,COMP_NO,No
10399,590439303614,14_11_2024,No,No,No,No,COMP_NO,No
10400,590439308899,14_11_2024,No,No,No,No,COMP_NO,No
10401,590439321537,14_11_2024,No,No,No,No,COMP_NO,No
10402,590439322755,14_11_2024,No,Yes,No,No,COMP_SM,Yes
10403,590439323481,14_11_2024,No,No,No,No,COMP_NO,No
10404,590439337000,14_11_2024,No,No,No,No,COMP_NO,No
10405,590439338736,14_11_2024,No,No,No,No,COMP_NO,No
10406,590439363748,14_11_2024,No,Yes,No,No,COMP_NO,No
10407,590439365546,14_11_2024,No,No,No,No,COMP_NO,No
10408,590439365701,14_11_2024,No,No,No,No,COMP_NO,No
10409,590439369026,14_11_2024,No,No,No,No,COMP_NO,No
10410,590439395640,14_11_2024,No,No,No,No,COMP_NO,No
10411,590439408928,14_11_2024,No,No,No,No,COMP_NO,No
10412,590439421330,14_11_2024,No,No,No,No,COMP_NO,No
10413,590439423668,14_11_2024,No,No,No,No,COMP_NO,No
10414,590439426321,14_11_2024,No,No,No,No,COMP_NO,No
10415,590439456741,14_11_2024,No,Yes,No,Yes,COMP_NO,No
10416,590439470736,14_11_2024,No,Yes,No,Yes,COMP_NO,No
10417,590439480250,14_11_2024,No,No,No,No,COMP_NO,No
10418,590439542375,14_11_2024,Yes,Yes,No,Yes,COMP_CH,Yes
10419,590439547176,14_11_2024,No,No,No,No,COMP_NO,No
10420,590557548328,14_11_2024,No,No,No,No,COMP_NO,No
10421,590557579269,14_11_2024,No,No,No,No,COMP_NO,No
10422,590557592051,14_11_2024,No,No,No,No,COMP_NO,No
10423,590557592890,14_11_2024,No,No,No,No,COMP_NO,No
10424,590557594489,14_11_2024,No,No,No,No,COMP_NO,No
10425,590557653922,14_11_2024,No,No,No,No,COMP_NO,No
10426,590557669282,14_11_2024,No,Yes,No,No,COMP_AC,Yes
10427,590557697403,14_11_2024,Yes,No,No,No,COMP_NO,Yes
10428,590557699432,14_11_2024,No,No,No,No,COMP_NO,No
10429,590557700034,14_11_2024,No,No,No,No,COMP_NO,No
10430,590557718831,14_11_2024,No,No,No,No,COMP_NO,No
10431,590557719124,14_11_2024,No,No,No,No,COMP_NO,No
10432,591087330050,25_11_2024,No,No,No,No,COMP_NO,No
10433,591087469849,25_11_2024,No,Yes,No,Yes,COMP_OU,Yes
10434,591233613764,25_11_2024,No,Yes,No,Yes,COMP_NO,No
10435,591233614478,25_11_2024,No,No,No,No,COMP_NO,No
10436,591233674377,25_11_2024,No,Yes,No,Yes,COMP_NO,No
10437,591233742352,25_11_2024,No,No,No,No,COMP_NO,No
10438,591233742579,25_11_2024,No,No,No,No,COMP_NO,No
10439,591233768825,25_11_2024,No,No,No,Yes,COMP_NO,No
10440,591233770164,25_11_2024,No,No,No,No,COMP_NO,No
10441,591234084375,26_11_2024,No,No,No,No,COMP_NO,No
10442,591234092526,26_11_2024,No,No,No,No,COMP_NO,No
10443,591234096745,26_11_2024,No,No,No,No,COMP_NO,No
10444,591234101163,26_11_2024,No,No,No,No,COMP_NO,No
10445,591234114182,26_11_2024,No,No,No,No,COMP_NO,No
10446,591234118932,26_11_2024,No,No,No,No,COMP_NO,No
10447,591234160027,26_11_2024,No,Yes,No,Yes,COMP_NO,No
10448,591234174443,26_11_2024,No,No,No,No,COMP_NO,No
10449,591234176580,26_11_2024,No,No,No,No,COMP_NO,No
10450,591234241234,26_11_2024,No,No,No,No,COMP_NO,No
10451,591234241379,26_11_2024,No,No,No,No,COMP_NO,No
10452,591234256820,26_11_2024,No,No,No,No,COMP_NO,No
10453,591234258418,26_11_2024,No,No,No,No,COMP_NO,No
10454,591234276430,26_11_2024,No,No,No,No,COMP_NO,No
10455,591234277140,26_11_2024,Yes,Yes,No,No,COMP_SA,Yes
10456,591234331011,26_11_2024,No,No,No,No,COMP_NO,No
10457,591234342905,26_11_2024,No,No,No,No,COMP_NO,No
10458,591234400101,26_11_2024,No,No,No,No,COMP_NO,No
10459,591234504154,26_11_2024,No,No,No,No,COMP_NO,No
10460,591234536373,26_11_2024,No,No,No,No,COMP_NO,No
10461,591234541257,26_11_2024,No,Yes,No,Yes,COMP_NO,No
10462,591234542722,26_11_2024,No,No,No,No,COMP_NO,No
10463,591234546540,26_11_2024,No,No,No,No,COMP_NO,No
10464,591234575591,26_11_2024,No,No,No,No,COMP_NO,No
10465,591234582566,26_11_2024,No,No,No,No,COMP_NO,No
10466,591234601109,26_11_2024,No,Yes,No,Yes,COMP_NO,No
10467,591234629643,26_11_2024,No,Yes,No,No,COMP_CH,Yes
10468,591234631350,26_11_2024,No,No,No,No,COMP_NO,No
10469,591234634237,26_11_2024,No,No,No,No,COMP_NO,No
10470,591234653182,26_11_2024,No,No,No,No,COMP_NO,No
10471,591234676006,26_11_2024,No,No,No,No,COMP_NO,No
10472,591234685484,26_11_2024,No,No,No,Yes,COMP_NO,No
10473,591234691501,26_11_2024,No,No,No,No,COMP_NO,No
10474,591234691554,26_11_2024,No,No,No,No,COMP_NO,No
10475,591234693334,26_11_2024,No,No,No,No,COMP_NO,No
10476,591234704360,26_11_2024,Yes,No,No,No,COMP_AL,Yes
10477,591234706418,26_11_2024,No,Yes,No,No,COMP_SA,Yes
10478,591234717440,26_11_2024,No,No,No,No,COMP_NO,No
10479,591234732321,26_11_2024,No,Yes,No,Yes,COMP_NO,No
10480,591234752310,26_11_2024,No,No,No,No,COMP_NO,No
10481,591234756067,26_11_2024,No,No,No,No,COMP_NO,No
10482,591234791164,26_11_2024,No,No,No,No,COMP_NO,No
10483,591234792397,26_11_2024,No,No,No,No,COMP_NO,No
10484,591234796554,26_11_2024,No,No,No,No,COMP_NO,No
10485,591234809123,26_11_2024,No,No,No,No,COMP_NO,No
10486,591234809236,26_11_2024,No,No,No,No,COMP_NO,No
10487,591234814501,26_11_2024,No,No,No,No,COMP_NO,No
10488,591234830144,26_11_2024,No,No,No,No,COMP_NO,No
10489,591234839702,26_11_2024,No,No,No,No,COMP_NO,No
10490,591234842506,26_11_2024,No,No,No,No,COMP_NO,No
10491,591234847245,26_11_2024,No,No,No,No,COMP_NO,No
10492,591234857272,26_11_2024,No,No,No,No,COMP_NO,No
10493,591235110210,27_11_2024,No,No,No,No,COMP_NO,No
10494,591235138855,27_11_2024,No,No,No,No,COMP_NO,No
10495,591235139122,27_11_2024,No,No,No,No,COMP_NO,No
10496,591235145201,27_11_2024,No,No,No,Yes,COMP_NO,No
10497,591235201658,27_11_2024,No,No,No,No,COMP_NO,No
10498,591235203002,27_11_2024,No,No,No,No,COMP_NO,No
10499,591235231089,27_11_2024,No,No,No,No,COMP_NO,No
10500,591235238486,27_11_2024,No,No,No,No,COMP_NO,No
10501,591235239597,27_11_2024,No,No,No,No,COMP_NO,No
10502,591235240644,27_11_2024,No,No,No,No,COMP_NO,No
10503,591235262247,27_11_2024,No,Yes,No,Yes,COMP_NO,No
10504,591235263467,27_11_2024,No,Yes,No,Yes,COMP_NO,No
10505,591235291586,27_11_2024,No,Yes,No,No,COMP_SA,Yes
10506,591235292753,27_11_2024,No,No,No,No,COMP_NO,No
10507,591235295904,27_11_2024,No,No,No,No,COMP_NO,No
10508,591235297459,27_11_2024,No,No,No,No,COMP_NO,No
10509,591235314279,27_11_2024,No,No,No,Yes,COMP_CO,Yes
10510,591235333563,27_11_2024,No,No,No,No,COMP_NO,No
10511,591235336325,27_11_2024,Yes,No,No,No,COMP_SA,Yes
10512,591235343346,27_11_2024,No,Yes,No,Yes,COMP_NO,No
10513,591235344228,27_11_2024,No,No,No,No,COMP_NO,No
10514,591235346048,27_11_2024,No,No,No,No,COMP_NO,No
10515,591235367232,27_11_2024,No,No,No,No,COMP_NO,No
10516,591235383140,27_11_2024,No,Yes,No,Yes,COMP_CH,Yes
10517,591235397748,27_11_2024,No,No,No,No,COMP_NO,No
10518,591235402376,27_11_2024,No,No,No,No,COMP_NO,No
10519,591235409589,27_11_2024,No,No,No,No,COMP_NO,No
10520,591235409666,27_11_2024,No,No,No,No,COMP_NO,No
10521,591235412807,27_11_2024,No,No,No,No,COMP_NO,No
10522,591235467466,27_11_2024,No,Yes,No,Yes,COMP_NO,No
10523,591235500826,27_11_2024,No,No,No,No,COMP_NO,No
10524,591235525606,27_11_2024,No,No,No,No,COMP_NO,No
10525,591235525938,27_11_2024,No,No,No,No,COMP_SA,Yes
10526,591235546789,27_11_2024,No,No,No,No,COMP_NO,No
10527,591368548695,27_11_2024,No,No,No,No,COMP_NO,No
10528,591368550409,27_11_2024,No,No,No,No,COMP_NO,No
10529,591368550690,27_11_2024,No,No,No,No,COMP_NO,No
10530,591368550836,27_11_2024,No,No,No,No,COMP_NO,No
10531,591368558010,27_11_2024,No,No,No,No,COMP_NO,No
10532,591368561658,27_11_2024,No,No,No,No,COMP_NO,No
10533,591368561980,27_11_2024,No,No,No,No,COMP_NO,No
10534,591368569669,27_11_2024,No,No,No,No,COMP_NO,No
10535,591368578369,27_11_2024,No,No,No,No,COMP_NO,No
10536,591368593798,27_11_2024,No,No,No,No,COMP_NO,No
10537,591368593964,27_11_2024,No,No,No,No,COMP_NO,No
10538,591368603080,27_11_2024,No,No,No,No,COMP_NO,No
10539,591368605461,27_11_2024,No,No,No,No,COMP_NO,No
10540,591368607141,27_11_2024,No,No,No,No,COMP_NO,No
10541,591368629801,27_11_2024,No,No,No,No,COMP_NO,No
10542,591368629937,27_11_2024,No,No,No,No,COMP_NO,No
10543,591368670628,27_11_2024,No,No,No,No,COMP_NO,No
10544,591368673356,27_11_2024,No,No,No,No,COMP_NO,No
10545,591368704105,27_11_2024,No,No,No,No,COMP_NO,No
10546,591368731086,27_11_2024,No,No,No,No,COMP_NO,No
10547,591368733332,27_11_2024,No,No,No,No,COMP_NO,No
10548,591368745790,27_11_2024,No,No,No,No,COMP_NO,No
10549,591368778341,27_11_2024,No,No,No,No,COMP_NO,No
10550,591368779764,27_11_2024,No,No,No,No,COMP_NO,No
10551,591368784219,27_11_2024,No,No,No,No,COMP_NO,No
10552,591368786093,27_11_2024,No,No,No,No,COMP_NO,No
10553,591368795476,27_11_2024,No,No,No,No,COMP_NO,No
10554,591369112143,28_11_2024,No,No,No,No,COMP_NO,No
10555,591369116493,28_11_2024,No,No,No,No,COMP_NO,No
10556,591369132856,28_11_2024,No,No,No,No,COMP_NO,No
10557,591369145250,28_11_2024,No,No,No,No,COMP_NO,No
10558,591369155290,28_11_2024,No,No,No,No,COMP_NO,No
10559,591369191036,28_11_2024,No,No,No,No,COMP_NO,No
10560,591369201736,28_11_2024,No,No,No,No,COMP_NO,No
10561,591369224707,28_11_2024,No,No,No,No,COMP_NO,No
10562,591369235809,28_11_2024,No,No,No,No,COMP_NO,No
10563,590249240726,12_11_2024,No,No,No,No,COMP_NO,No
10564,590249245510,12_11_2024,No,No,No,No,COMP_NO,No
10565,590249246053,12_11_2024,No,No,No,No,COMP_NO,No
10566,590438316253,13_11_2024,No,No,No,Yes,COMP_NO,No
10567,590438415973,13_11_2024,No,No,No,No,COMP_NO,No
10568,590438587501,13_11_2024,No,No,No,No,COMP_NO,No
10569,590438663243,13_11_2024,No,Yes,No,Yes,COMP_CH,Yes
10570,590438677596,13_11_2024,No,No,No,No,COMP_NO,No
10571,590438755657,13_11_2024,No,No,No,No,COMP_NO,No
10572,590438764515,13_11_2024,No,Yes,No,Yes,COMP_NO,No
10573,590438804869,13_11_2024,No,No,No,No,COMP_NO,No
10574,590438807362,13_11_2024,No,No,No,No,COMP_NO,No
10575,590439128133,14_11_2024,No,No,No,No,COMP_NO,No
10576,590439133913,14_11_2024,No,No,No,No,COMP_NO,No
10577,590439145313,14_11_2024,No,No,No,No,COMP_NO,No
10578,590439150959,14_11_2024,No,No,No,No,COMP_NO,No
10579,590439154960,14_11_2024,No,No,No,No,COMP_NO,No
10580,590439184452,14_11_2024,No,No,No,No,COMP_NO,No
10581,590439187094,14_11_2024,No,No,No,No,COMP_NO,No
10582,590439187117,14_11_2024,No,No,No,No,COMP_NO,No
10583,590439206326,14_11_2024,No,No,No,No,COMP_NO,No
10584,590439209041,14_11_2024,No,No,No,No,COMP_NO,No
10585,590439209688,14_11_2024,No,No,No,No,COMP_NO,No
10586,590439212560,14_11_2024,No,No,No,No,COMP_NO,No
10587,590439215937,14_11_2024,No,No,No,No,COMP_NO,No
10588,590439250296,14_11_2024,No,No,No,No,COMP_NO,No
10589,590439258528,14_11_2024,No,No,No,No,COMP_NO,No
10590,590439323810,14_11_2024,No,No,No,No,COMP_NO,No
10591,590439341650,14_11_2024,No,No,No,No,COMP_PE,Yes
10592,590439342091,14_11_2024,No,No,No,No,COMP_NO,No
10593,590439351538,14_11_2024,No,No,No,No,COMP_NO,No
10594,590439409278,14_11_2024,Yes,Yes,No,Yes,COMP_AT,Yes
10595,590439442378,14_11_2024,Yes,No,No,No,COMP_SA,Yes
10596,590439481362,14_11_2024,No,No,No,No,COMP_NO,No
10597,590557552563,14_11_2024,No,Yes,No,No,COMP_CH,Yes
10598,590557555106,14_11_2024,No,No,No,No,COMP_NO,No
10599,590557559606,14_11_2024,No,Yes,No,No,COMP_SM,Yes
10600,590557595879,14_11_2024,No,No,No,Yes,COMP_NO,No
10601,590557596173,14_11_2024,No,No,No,No,COMP_NO,No
10602,590557602891,14_11_2024,No,No,No,No,COMP_NO,No
10603,590557607850,14_11_2024,No,No,No,No,COMP_NO,No
10604,590557618273,14_11_2024,No,No,No,No,COMP_NO,No
10605,590557620382,14_11_2024,No,No,No,No,COMP_NO,No
10606,590557626246,14_11_2024,No,No,No,Yes,COMP_NO,No
10607,590557627100,14_11_2024,No,No,No,No,COMP_NO,No
10608,590557629059,14_11_2024,No,No,No,No,COMP_NO,No
10609,590557707117,14_11_2024,No,Yes,No,Yes,COMP_NO,No
10610,590557708514,14_11_2024,No,No,No,No,COMP_NO,No
10611,590557721324,14_11_2024,No,Yes,No,No,COMP_NO,No
10612,590557730756,14_11_2024,No,No,No,Yes,COMP_NO,No
10613,590557737262,14_11_2024,No,No,No,No,COMP_NO,No
10614,591085552149,22_11_2024,No,Yes,No,Yes,COMP_CH,Yes
10615,591085554312,22_11_2024,No,No,No,No,COMP_NO,No
10616,591085561297,22_11_2024,No,No,No,No,COMP_NO,No
10617,591085562819,22_11_2024,No,No,No,No,COMP_NO,No
10618,591087335825,25_11_2024,No,No,No,No,COMP_NO,No
10619,591233745585,25_11_2024,No,No,No,No,COMP_NO,No
10620,591233749893,25_11_2024,No,No,No,No,COMP_NO,No
10621,591234104051,26_11_2024,No,No,No,No,COMP_NO,No
10622,591234124167,26_11_2024,No,No,No,No,COMP_NO,No
10623,591234241551,26_11_2024,No,No,No,No,COMP_NO,No
10624,591234282581,26_11_2024,No,No,No,No,COMP_NO,No
10625,591234349963,26_11_2024,No,Yes,No,No,COMP_NO,No
10626,591234351782,26_11_2024,No,No,No,No,COMP_NO,No
10627,591234402545,26_11_2024,No,Yes,No,Yes,COMP_SM,Yes
10628,591234405328,26_11_2024,No,Yes,No,Yes,COMP_SA,Yes
10629,591234410961,26_11_2024,No,No,No,No,COMP_NO,No
10630,591234548053,26_11_2024,No,Yes,No,Yes,COMP_CH,Yes
10631,591234768644,26_11_2024,No,Yes,No,Yes,COMP_CH,Yes
10632,591234833425,26_11_2024,No,No,No,No,COMP_NO,No
10633,591235115147,27_11_2024,No,No,No,No,COMP_NO,No
10634,591235146441,27_11_2024,No,No,No,No,COMP_NO,No
10635,591235149388,27_11_2024,No,No,No,No,COMP_NO,No
10636,591235152574,27_11_2024,No,No,No,No,COMP_NO,No
10637,591235212972,27_11_2024,No,Yes,No,No,COMP_NO,No
10638,591235213097,27_11_2024,No,No,No,No,COMP_NO,No
10639,591235270383,27_11_2024,Yes,No,No,No,COMP_NO,Yes
10640,591235270736,27_11_2024,No,No,No,No,COMP_NO,No
10641,591235273581,27_11_2024,No,No,No,No,COMP_NO,No
10642,591235299019,27_11_2024,No,No,No,No,COMP_NO,No
10643,591235300259,27_11_2024,No,No,No,No,COMP_NO,No
10644,591235319469,27_11_2024,No,No,No,No,COMP_NO,No
10645,591235352778,27_11_2024,No,Yes,No,Yes,COMP_CO,Yes
10646,591235356688,27_11_2024,No,No,No,No,COMP_NO,No
10647,591235403019,27_11_2024,No,Yes,No,Yes,COMP_CH,Yes
10648,591235412921,27_11_2024,No,No,No,No,COMP_NO,No
10649,591235414421,27_11_2024,No,No,No,No,COMP_NO,No
10650,591235415910,27_11_2024,No,No,No,No,COMP_NO,No
10651,591235424547,27_11_2024,No,No,No,No,COMP_NO,No
10652,591235482049,27_11_2024,No,No,No,No,COMP_NO,No
10653,591235493434,27_11_2024,No,No,No,No,COMP_NO,No
10654,591235500920,27_11_2024,No,Yes,No,Yes,COMP_NO,No
10655,591235501980,27_11_2024,No,No,No,No,COMP_NO,No
10656,591235527716,27_11_2024,No,No,No,No,COMP_NO,No
10657,591235534572,27_11_2024,No,No,No,No,COMP_NO,No
10658,591235534715,27_11_2024,No,No,No,No,COMP_NO,No
10659,591368571369,27_11_2024,No,No,No,No,COMP_NO,No
10660,591368589921,27_11_2024,No,Yes,No,Yes,COMP_CH,Yes
10661,591368608438,27_11_2024,No,No,No,No,COMP_NO,No
10662,591368622434,27_11_2024,No,Yes,No,No,COMP_FA,Yes
10663,591368631931,27_11_2024,No,Yes,No,No,COMP_NO,No
10664,591368638198,27_11_2024,No,No,No,No,COMP_NO,No
10665,591368638798,27_11_2024,No,No,No,No,COMP_NO,No
10666,591368646246,27_11_2024,No,Yes,No,Yes,COMP_NO,No
10667,591368648566,27_11_2024,No,No,No,No,COMP_NO,No
10668,591368649876,27_11_2024,No,Yes,No,No,COMP_NO,No
10669,591368689859,27_11_2024,No,No,No,No,COMP_NO,No
10670,591368693846,27_11_2024,No,No,No,No,COMP_NO,No
10671,591368694791,27_11_2024,No,No,No,No,COMP_NO,No
10672,591368697413,27_11_2024,No,No,No,No,COMP_NO,No
10673,591368701247,27_11_2024,No,No,No,No,COMP_NO,No
10674,591368702208,27_11_2024,No,No,No,No,COMP_NO,No
10675,591368706328,27_11_2024,No,No,No,No,COMP_NO,No
10676,591368707095,27_11_2024,Yes,No,No,No,COMP_NO,Yes
10677,591368739624,27_11_2024,No,Yes,No,Yes,COMP_NO,No
10678,591368754268,27_11_2024,No,No,No,No,COMP_NO,No
10679,591368756923,27_11_2024,No,No,No,No,COMP_NO,No
10680,591368786864,27_11_2024,No,No,No,No,COMP_NO,No
10681,591368788805,27_11_2024,No,No,No,No,COMP_NO,No
10682,591368805519,27_11_2024,No,No,No,No,COMP_NO,No
10683,591368819753,27_11_2024,No,No,No,No,COMP_NO,No
10684,591368822881,27_11_2024,No,No,No,No,COMP_NO,No
10685,591368830094,27_11_2024,No,No,No,No,COMP_NO,No
10686,591368830231,27_11_2024,Yes,No,No,No,COMP_NO,Yes
10687,591368831082,27_11_2024,No,No,No,No,COMP_NO,No
10688,591368834948,27_11_2024,No,No,No,No,COMP_NO,No
10689,591368837018,27_11_2024,No,No,No,No,COMP_NO,No
10690,591368838256,27_11_2024,No,No,No,No,COMP_NO,No
10691,591369124088,28_11_2024,No,No,No,No,COMP_NO,No
10692,591369136192,28_11_2024,Yes,Yes,No,No,COMP_NO,Yes
10693,591369137086,28_11_2024,No,No,No,No,COMP_NO,No
10694,591369147192,28_11_2024,No,No,No,No,COMP_NO,No
10695,591369149033,28_11_2024,No,No,No,No,COMP_NO,No
10696,591369152544,28_11_2024,No,No,No,No,COMP_NO,No
10697,591369159269,28_11_2024,No,No,No,No,COMP_NO,No
10698,591369176252,28_11_2024,No,Yes,No,No,COMP_CH,Yes
10699,591369176604,28_11_2024,Yes,No,No,No,COMP_NO,Yes
10700,591369176950,28_11_2024,No,No,No,No,COMP_AL,Yes
10701,591369176972,28_11_2024,Yes,No,No,No,COMP_SA,Yes
10702,591369191640,28_11_2024,No,No,No,No,COMP_NO,No
10703,591369192865,28_11_2024,No,No,No,No,COMP_NO,No
10704,591369193123,28_11_2024,No,No,No,No,COMP_NO,No
10705,591369204930,28_11_2024,No,No,No,No,COMP_NO,No
10706,591369216926,28_11_2024,No,No,No,No,COMP_NO,No
10707,591369220107,28_11_2024,No,No,No,No,COMP_NO,No
10708,591369228434,28_11_2024,No,No,No,No,COMP_NO,No
10709,591369230765,28_11_2024,No,Yes,No,No,COMP_NO,No
10710,591369236897,28_11_2024,No,No,No,No,COMP_NO,No
10711,591369237099,28_11_2024,No,No,No,No,COMP_NO,No
10712,591369237552,28_11_2024,No,No,No,No,COMP_NO,No
10713,591369257255,28_11_2024,No,No,No,No,COMP_NO,No
10714,591369258402,28_11_2024,No,No,No,No,COMP_NO,No
10715,591369259266,28_11_2024,No,No,No,No,COMP_NO,No
10716,591369262490,28_11_2024,No,No,No,No,COMP_NO,Yes
10717,591369262615,28_11_2024,No,No,No,No,COMP_NO,No
10718,591369285051,28_11_2024,No,No,No,No,COMP_NO,No
10719,591369285604,28_11_2024,No,No,No,No,COMP_NO,No
10720,591369289423,28_11_2024,No,Yes,No,Yes,COMP_NO,No
10721,591369290389,28_11_2024,No,No,No,No,COMP_NO,No
10722,591369294080,28_11_2024,No,Yes,No,No,COMP_NO,No
10723,591369295878,28_11_2024,No,No,No,No,COMP_NO,No
10724,591369302908,28_11_2024,No,No,No,No,COMP_NO,No
10725,591369306289,28_11_2024,No,No,No,No,COMP_NO,No
10726,591369307528,28_11_2024,No,No,No,Yes,COMP_NO,No
10727,591369313263,28_11_2024,No,No,No,No,COMP_NO,No
10728,591369313583,28_11_2024,No,No,No,No,COMP_NO,No
10729,591369316058,28_11_2024,Yes,No,No,No,COMP_NO,Yes
10730,591369326966,28_11_2024,No,No,No,No,COMP_NO,No
10731,591369343388,28_11_2024,No,No,No,No,COMP_NO,No
10732,591369344777,28_11_2024,No,No,No,No,COMP_NO,No
10733,591369350942,28_11_2024,No,No,No,Yes,COMP_NO,No
10734,591369351317,28_11_2024,Yes,Yes,No,No,COMP_SA,Yes
10735,591369351907,28_11_2024,No,No,No,No,COMP_NO,No
10736,591369352310,28_11_2024,No,No,No,No,COMP_NO,No
10737,591369362422,28_11_2024,No,No,No,No,COMP_NO,No
10738,591369363347,28_11_2024,No,No,No,No,COMP_NO,No
10739,591369373071,28_11_2024,No,No,No,No,COMP_NO,No
10740,591369376221,28_11_2024,No,No,No,No,COMP_NO,No
10741,591369376989,28_11_2024,No,No,No,No,COMP_NO,No
10742,591369381898,28_11_2024,No,No,No,No,COMP_NO,No
10743,591369395310,28_11_2024,No,Yes,No,Yes,COMP_NO,No
10744,591369400336,28_11_2024,No,No,No,No,COMP_NO,No
10745,591369420684,28_11_2024,No,No,No,No,COMP_NO,No
10746,591369438305,28_11_2024,No,No,No,No,COMP_NO,No
10747,591369438373,28_11_2024,No,No,No,No,COMP_NO,No
10748,591369459158,28_11_2024,No,No,No,No,COMP_NO,No
10749,591369461553,28_11_2024,No,No,No,No,COMP_NO,No
10750,591369468636,28_11_2024,No,No,No,Yes,COMP_NO,No
10751,591369469318,28_11_2024,No,No,No,No,COMP_NO,No
10752,591369473356,28_11_2024,No,No,No,No,COMP_NO,No
10753,591369476179,28_11_2024,No,No,No,No,COMP_NO,No
10754,591369477078,28_11_2024,No,No,No,No,COMP_NO,No
10755,591369495561,28_11_2024,No,No,No,No,COMP_NO,No
10756,591369497173,28_11_2024,No,Yes,No,Yes,COMP_NO,No
10757,591369517598,28_11_2024,No,No,No,No,COMP_NO,No
10758,591369549541,28_11_2024,Yes,No,No,No,COMP_SA,Yes
10759,591369552253,28_11_2024,No,No,No,No,COMP_NO,No
10760,591369552536,28_11_2024,No,Yes,No,Yes,COMP_NO,No
10761,591369554958,28_11_2024,No,No,No,No,COMP_NO,No
10762,591369593002,28_11_2024,No,No,No,No,COMP_NO,No
10763,591369601820,28_11_2024,No,No,No,No,COMP_NO,No
10764,591369619543,28_11_2024,No,No,No,No,COMP_NO,No
10765,591369620406,28_11_2024,No,No,No,No,COMP_NO,No
10766,591369626327,28_11_2024,No,No,No,No,COMP_NO,No
10767,591369633515,28_11_2024,No,No,No,No,COMP_NO,No
10768,591369638586,28_11_2024,No,No,No,No,COMP_NO,No
10769,591369654556,28_11_2024,No,No,No,No,COMP_NO,No
10770,591369666272,28_11_2024,No,No,No,No,COMP_NO,No
10771,591369668501,28_11_2024,No,No,No,No,COMP_NO,No
10772,591369691836,28_11_2024,No,Yes,No,Yes,COMP_NO,No
10773,591369693955,28_11_2024,No,No,No,No,COMP_NO,No
10774,591369698516,28_11_2024,No,No,No,No,COMP_NO,No
10775,591369738306,28_11_2024,No,No,No,No,COMP_NO,No
10776,591369742085,28_11_2024,No,No,No,No,COMP_NO,No
10777,591369771144,28_11_2024,No,No,No,No,COMP_NO,No
10778,591370084836,29_11_2024,No,No,No,No,COMP_NO,No
10779,590249247595,12_11_2024,No,Yes,No,Yes,COMP_NO,No
10780,590249249226,12_11_2024,No,No,No,No,COMP_NO,No
10781,590438607866,13_11_2024,No,No,No,No,COMP_NO,No
10782,590438612649,13_11_2024,No,No,No,No,COMP_NO,No
10783,590438613454,13_11_2024,No,Yes,No,No,COMP_CI,Yes
10784,590438624958,13_11_2024,No,No,No,No,COMP_NO,No
10785,590439106787,14_11_2024,Yes,Yes,No,Yes,COMP_CO,Yes
10786,590439109909,14_11_2024,No,No,No,No,COMP_NO,No
10787,590439217457,14_11_2024,No,No,No,No,COMP_NO,No
10788,590439259369,14_11_2024,No,Yes,No,Yes,COMP_NO,No
10789,590439262266,14_11_2024,No,No,No,No,COMP_NO,No
10790,590439481555,14_11_2024,No,No,No,No,COMP_NO,No
10791,590557566609,14_11_2024,No,No,No,No,COMP_NO,No
10792,590557636584,14_11_2024,No,No,No,No,COMP_NO,No
10793,591234289515,26_11_2024,No,Yes,No,Yes,COMP_NO,No
10794,591234289573,26_11_2024,No,No,No,No,COMP_NO,No
10795,591234290216,26_11_2024,No,No,No,No,COMP_NO,No
10796,591234376423,26_11_2024,No,No,No,No,COMP_NO,No
10797,591234423004,26_11_2024,No,No,No,No,COMP_NO,No
10798,591234561408,26_11_2024,No,Yes,No,Yes,COMP_NO,No
10799,591234562824,26_11_2024,No,No,No,No,COMP_NO,No
10800,591234563723,26_11_2024,No,No,No,No,COMP_NO,No
10801,591235121713,27_11_2024,No,No,No,No,COMP_NO,No
10802,591235123015,27_11_2024,No,No,No,No,COMP_NO,No
10803,591235152789,27_11_2024,No,No,No,No,COMP_NO,No
10804,591235217475,27_11_2024,No,No,No,No,COMP_NO,No
10805,591235302492,27_11_2024,No,No,No,No,COMP_NO,No
10806,591235304336,27_11_2024,No,No,No,No,COMP_NO,No
10807,591235305790,27_11_2024,No,No,No,No,COMP_NO,No
10808,591235321520,27_11_2024,No,No,No,No,COMP_NO,No
10809,591235368782,27_11_2024,Yes,Yes,No,Yes,COMP_CH,Yes
10810,591235375194,27_11_2024,Yes,No,No,No,COMP_NO,Yes
10811,591235376432,27_11_2024,No,No,No,No,COMP_NO,No
10812,591235376606,27_11_2024,No,No,No,No,COMP_NO,No
10813,591235438843,27_11_2024,No,No,No,No,COMP_NO,No
10814,591235494823,27_11_2024,No,No,No,No,COMP_NO,No
10815,591235511076,27_11_2024,No,No,No,No,COMP_NO,No
10816,591235542599,27_11_2024,No,No,No,Yes,COMP_NO,No
10817,591368651930,27_11_2024,No,No,No,No,COMP_NO,No
10818,591368654679,27_11_2024,Yes,Yes,No,Yes,COMP_AL,Yes
10819,591368718328,27_11_2024,No,Yes,No,Yes,COMP_CH,Yes
10820,591368718593,27_11_2024,No,No,No,No,COMP_NO,No
10821,591368763698,27_11_2024,No,Yes,No,Yes,COMP_CO,Yes
10822,591368765258,27_11_2024,No,No,No,No,COMP_NO,No
10823,591368854132,27_11_2024,No,No,No,No,COMP_NO,No
10824,591369143228,28_11_2024,No,Yes,No,Yes,COMP_NO,No
10825,591369144107,28_11_2024,No,No,No,No,COMP_NO,No
10826,591369162570,28_11_2024,No,Yes,No,Yes,COMP_CH,Yes
10827,591369162761,28_11_2024,No,No,No,No,COMP_NO,No
10828,591369167602,28_11_2024,No,No,No,No,COMP_NO,No
10829,591369186638,28_11_2024,No,No,No,No,COMP_NO,No
10830,591369201298,28_11_2024,No,No,No,No,COMP_NO,No
10831,591369237884,28_11_2024,No,Yes,No,Yes,COMP_CH,Yes
10832,591369244276,28_11_2024,No,No,No,No,COMP_NO,No
10833,591369263824,28_11_2024,No,No,No,No,COMP_NO,No
10834,591369268330,28_11_2024,No,Yes,No,Yes,COMP_CO,Yes
10835,591369268478,28_11_2024,No,No,No,No,COMP_NO,No
10836,591369291127,28_11_2024,No,No,No,No,COMP_NO,No
10837,591369292074,28_11_2024,No,No,No,No,COMP_NO,No
10838,591369299152,28_11_2024,No,No,No,No,COMP_NO,No
10839,591369313111,28_11_2024,No,Yes,No,No,COMP_NO,No
10840,591369318366,28_11_2024,No,Yes,No,No,COMP_NO,No
10841,591369320893,28_11_2024,No,Yes,No,No,COMP_CH,Yes
10842,591369324687,28_11_2024,No,No,No,No,COMP_NO,No
10843,591369324690,28_11_2024,No,Yes,No,No,COMP_NO,No
10844,591369333042,28_11_2024,No,Yes,No,Yes,COMP_CO,Yes
10845,591369335192,28_11_2024,No,No,No,No,COMP_NO,No
10846,591369345810,28_11_2024,No,No,No,No,COMP_NO,No
10847,591369348690,28_11_2024,No,Yes,No,No,COMP_NO,No
10848,591369360668,28_11_2024,No,No,No,No,COMP_NO,No
10849,591369361067,28_11_2024,No,No,No,No,COMP_NO,No
10850,591369368850,28_11_2024,No,No,No,No,COMP_NO,No
10851,591369372299,28_11_2024,No,No,No,No,COMP_NO,No
10852,591369385285,28_11_2024,No,No,No,No,COMP_NO,No
10853,591369387240,28_11_2024,No,Yes,No,Yes,COMP_NO,No
10854,591369417138,28_11_2024,No,No,No,No,COMP_NO,No
10855,591369424227,28_11_2024,No,No,No,No,COMP_NO,No
10856,591369434130,28_11_2024,No,Yes,No,Yes,COMP_NO,No
10857,591369447583,28_11_2024,No,No,No,No,COMP_NO,No
10858,591369450610,28_11_2024,No,No,No,No,COMP_NO,No
10859,591369461835,28_11_2024,No,Yes,No,No,COMP_NO,No
10860,591369478744,28_11_2024,No,No,No,No,COMP_NO,No
10861,591369482620,28_11_2024,No,No,No,No,COMP_NO,No
10862,591369489706,28_11_2024,No,No,No,No,COMP_NO,No
10863,591369492278,28_11_2024,No,No,No,No,COMP_NO,No
10864,591369493708,28_11_2024,No,No,No,No,COMP_NO,No
10865,591369505968,28_11_2024,No,No,No,No,COMP_NO,No
10866,591369508617,28_11_2024,Yes,No,No,No,COMP_SA,Yes
10867,591369508916,28_11_2024,No,No,No,No,COMP_NO,No
10868,591369535338,28_11_2024,No,No,No,No,COMP_NO,No
10869,591369561595,28_11_2024,No,No,No,No,COMP_NO,No
10870,591369571918,28_11_2024,No,No,No,No,COMP_NO,No
10871,591369574682,28_11_2024,Yes,No,No,No,COMP_NO,Yes
10872,591369579580,28_11_2024,No,Yes,No,Yes,COMP_CO,Yes
10873,591369596487,28_11_2024,No,Yes,No,No,COMP_NO,Yes
10874,591369599876,28_11_2024,No,Yes,No,Yes,COMP_NO,No
10875,591369600779,28_11_2024,No,No,No,No,COMP_NO,No
10876,591369601985,28_11_2024,No,No,No,No,COMP_NO,No
10877,591369603641,28_11_2024,No,No,No,No,COMP_NO,No
10878,591369606820,28_11_2024,No,Yes,No,Yes,COMP_NO,No
10879,591369639565,28_11_2024,No,No,No,No,COMP_NO,No
10880,591369643848,28_11_2024,No,No,No,No,COMP_NO,No
10881,591369645617,28_11_2024,No,No,No,No,COMP_NO,No
10882,591369651899,28_11_2024,No,No,No,No,COMP_NO,No
10883,591369652729,28_11_2024,No,No,No,No,COMP_NO,No
10884,591369671084,28_11_2024,No,No,No,No,COMP_NO,No
10885,591369677853,28_11_2024,No,Yes,No,Yes,COMP_CH,Yes
10886,591369684459,28_11_2024,No,No,No,No,COMP_NO,No
10887,591369684525,28_11_2024,Yes,No,No,No,COMP_NO,Yes
10888,591369700692,28_11_2024,No,No,No,No,COMP_NO,No
10889,591369701909,28_11_2024,No,No,No,No,COMP_NO,No
10890,591369719450,28_11_2024,No,Yes,No,Yes,COMP_NO,No
10891,591369726951,28_11_2024,No,No,No,Yes,COMP_NO,No
10892,591369727469,28_11_2024,No,No,No,No,COMP_NO,No
10893,591369754457,28_11_2024,No,Yes,No,Yes,COMP_NO,No
10894,591369756049,28_11_2024,No,No,No,No,COMP_NO,No
10895,591369762629,28_11_2024,No,No,No,No,COMP_NO,No
10896,591369775365,28_11_2024,No,No,No,No,COMP_NO,No
10897,591369792291,28_11_2024,No,No,No,No,COMP_NO,No
10898,591369797458,28_11_2024,No,Yes,No,No,COMP_NO,No
10899,591369800902,28_11_2024,No,No,No,No,COMP_NO,No
10900,591370092605,29_11_2024,No,No,No,No,COMP_NO,No
10901,591370095008,29_11_2024,No,No,No,No,COMP_NO,No
10902,591370098228,29_11_2024,No,Yes,No,No,COMP_NO,No
10903,591370102540,29_11_2024,No,No,No,No,COMP_NO,No
10904,591370105653,29_11_2024,No,No,No,No,COMP_NO,No
10905,591370106201,29_11_2024,No,No,No,No,COMP_NO,No
10906,591370106757,29_11_2024,No,No,No,No,COMP_NO,No
10907,591370133472,29_11_2024,No,No,No,No,COMP_NO,No
10908,591370138790,29_11_2024,No,No,No,No,COMP_NO,No
10909,591370143180,29_11_2024,No,No,No,No,COMP_NO,No
10910,591370143857,29_11_2024,No,No,No,No,COMP_NO,No
10911,591370150237,29_11_2024,No,No,No,No,COMP_NO,No
10912,591370151459,29_11_2024,No,No,No,No,COMP_NO,No
10913,591370159307,29_11_2024,No,No,No,No,COMP_NO,No
10914,591370159501,29_11_2024,No,Yes,No,Yes,COMP_NO,No
10915,591370164314,29_11_2024,No,No,No,No,COMP_NO,No
10916,591370164496,29_11_2024,No,No,No,No,COMP_NO,No
10917,591370175137,29_11_2024,No,No,No,No,COMP_NO,No
10918,591370175984,29_11_2024,No,No,No,No,COMP_NO,No
10919,591370181029,29_11_2024,No,No,No,No,COMP_NO,No
10920,591370183799,29_11_2024,No,No,No,No,COMP_NO,No
10921,591370184658,29_11_2024,No,No,No,No,COMP_NO,No
10922,591370202965,29_11_2024,Yes,No,No,No,COMP_SA,Yes
10923,591370203904,29_11_2024,No,No,No,No,COMP_NO,No
10924,591370204652,29_11_2024,No,No,No,No,COMP_NO,No
10925,591370212863,29_11_2024,Yes,No,No,No,COMP_NO,Yes
10926,591370214250,29_11_2024,No,No,No,No,COMP_NO,No
10927,591370215023,29_11_2024,No,Yes,No,Yes,COMP_NO,No
10928,591370215039,29_11_2024,No,Yes,No,No,COMP_CI,Yes
10929,591370227901,29_11_2024,No,Yes,No,Yes,COMP_NO,No
10930,591370258955,29_11_2024,No,No,No,No,COMP_NO,No
10931,591370263038,29_11_2024,No,No,No,No,COMP_NO,No
10932,591370272280,29_11_2024,No,No,No,No,COMP_NO,No
10933,591370274442,29_11_2024,No,No,No,No,COMP_NO,No
10934,591370281152,29_11_2024,No,No,No,Yes,COMP_NO,No
10935,591370290608,29_11_2024,No,No,No,No,COMP_NO,No
10936,591370300176,29_11_2024,No,No,No,No,COMP_NO,No
10937,591370308253,29_11_2024,No,No,No,No,COMP_NO,No
10938,591370323907,29_11_2024,No,No,No,No,COMP_NO,No
10939,591370342095,29_11_2024,No,No,No,No,COMP_NO,No
10940,591370342685,29_11_2024,No,No,No,No,COMP_NO,No
10941,591370344492,29_11_2024,No,No,No,No,COMP_NO,No
10942,591370347829,29_11_2024,No,No,No,No,COMP_NO,No
10943,591370349808,29_11_2024,No,No,No,No,COMP_NO,No
10944,591370351967,29_11_2024,No,No,No,No,COMP_NO,No
10945,591370362505,29_11_2024,No,Yes,No,No,COMP_NO,No
10946,591370364754,29_11_2024,No,Yes,No,No,COMP_NO,No
10947,591370367052,29_11_2024,No,No,No,No,COMP_NO,No
10948,591370373528,29_11_2024,No,No,No,No,COMP_NO,No
10949,591370374575,29_11_2024,No,No,No,No,COMP_NO,No
10950,591370376049,29_11_2024,No,No,No,No,COMP_NO,No
10951,591370376447,29_11_2024,No,No,No,No,COMP_NO,No
10952,591370383230,29_11_2024,No,No,No,No,COMP_NO,No
10953,591370383383,29_11_2024,No,No,No,No,COMP_NO,No
10954,591370387757,29_11_2024,No,Yes,No,No,COMP_NO,No
10955,591370407293,29_11_2024,Yes,No,No,No,COMP_NO,Yes
10956,591370410393,29_11_2024,Yes,Yes,No,Yes,COMP_CH,Yes
10957,591370410481,29_11_2024,No,No,No,No,COMP_NO,No
10958,591370421508,29_11_2024,No,No,No,No,COMP_NO,No
10959,591370437178,29_11_2024,No,Yes,No,No,COMP_NO,No
10960,591370440304,29_11_2024,No,No,No,No,COMP_NO,No
10961,591370454391,29_11_2024,No,Yes,No,No,COMP_SC,Yes
10962,591370489431,29_11_2024,No,No,No,No,COMP_NO,No
10963,591370528385,29_11_2024,No,No,No,No,COMP_NO,No
10964,591370531095,29_11_2024,No,No,No,No,COMP_NO,No
10965,591512562980,29_11_2024,No,No,No,No,COMP_NO,No
10966,591512567689,29_11_2024,No,No,No,No,COMP_NO,No
10967,591512580626,29_11_2024,No,No,No,No,COMP_NO,No
10968,591512600418,29_11_2024,No,No,No,No,COMP_NO,No
10969,591512621955,29_11_2024,No,Yes,No,Yes,COMP_NO,No
10970,591512646660,29_11_2024,No,No,No,No,COMP_NO,No
10971,591512649297,29_11_2024,No,No,No,No,COMP_NO,No
10972,591512654113,29_11_2024,No,No,No,No,COMP_NO,No
10973,591512729728,29_11_2024,No,No,No,No,COMP_NO,No
10974,590438601303,13_11_2024,No,Yes,No,Yes,COMP_NO,No
10975,590439261248,14_11_2024,No,No,No,No,COMP_NO,No
10976,590557643073,14_11_2024,No,Yes,No,Yes,COMP_NO,No
10977,590557924769,15_11_2024,No,No,No,No,COMP_NO,No
10978,590557927052,15_11_2024,No,No,No,No,COMP_NO,No
10979,590557941311,15_11_2024,No,No,No,No,COMP_NO,No
10980,590557946196,15_11_2024,No,No,No,No,COMP_NO,No
10981,590557987534,15_11_2024,No,No,No,No,COMP_NO,No
10982,590558019683,15_11_2024,No,No,No,No,COMP_NO,No
10983,590558019811,15_11_2024,No,No,No,No,COMP_NO,No
10984,590558021639,15_11_2024,No,No,No,No,COMP_NO,No
10985,590558029594,15_11_2024,No,No,No,No,COMP_NO,No
10986,590558086625,15_11_2024,No,No,No,No,COMP_NO,No
10987,590558111607,15_11_2024,No,No,No,No,COMP_NO,No
10988,590558148767,15_11_2024,No,No,No,No,COMP_NO,No
10989,590558166292,15_11_2024,No,No,No,No,COMP_NO,No
10990,590558189207,15_11_2024,No,No,No,No,COMP_NO,No
10991,590558219433,15_11_2024,Yes,Yes,No,No,COMP_CH,Yes
10992,590558259108,15_11_2024,No,No,No,No,COMP_NO,No
10993,590558259315,15_11_2024,No,No,No,No,COMP_NO,No
10994,590558270295,15_11_2024,No,No,No,No,COMP_NO,No
10995,590558273027,15_11_2024,No,No,No,No,COMP_NO,No
10996,590558305989,15_11_2024,No,No,No,No,COMP_NO,No
10997,590558306172,15_11_2024,No,No,No,No,COMP_NO,No
10998,590558322267,15_11_2024,No,No,No,No,COMP_NO,No
10999,590558398765,15_11_2024,No,No,No,No,COMP_NO,No
11000,590558399233,15_11_2024,No,No,No,No,COMP_NO,No
11001,590558402089,15_11_2024,No,No,No,No,COMP_NO,No
11002,590558402841,15_11_2024,No,No,No,No,COMP_NO,No
11003,590558415839,15_11_2024,No,No,No,No,COMP_NO,No
11004,590558451710,15_11_2024,No,No,No,No,COMP_NO,No
11005,590558451729,15_11_2024,No,No,No,No,COMP_NO,No
11006,590558469738,15_11_2024,No,No,No,No,COMP_NO,No
11007,590558499159,15_11_2024,No,No,No,No,COMP_NO,No
11008,590558505537,15_11_2024,No,No,No,No,COMP_NO,No
11009,590558513138,15_11_2024,No,No,No,No,COMP_NO,No
11010,590558525796,15_11_2024,No,No,No,No,COMP_NO,No
11011,590559520256,18_11_2024,No,No,No,No,COMP_NO,No
11012,590735568418,18_11_2024,Yes,No,No,No,COMP_NO,Yes
11013,590735604318,18_11_2024,No,No,No,No,COMP_NO,No
11014,590735611500,18_11_2024,No,No,No,No,COMP_NO,No
11015,590735633306,18_11_2024,No,No,No,No,COMP_NO,No
11016,590735653868,18_11_2024,No,No,No,No,COMP_NO,No
11017,590735684335,18_11_2024,No,No,No,No,COMP_NO,No
11018,590735687974,18_11_2024,No,No,No,No,COMP_NO,No
11019,590735689325,18_11_2024,No,No,No,No,COMP_NO,No
11020,590735734517,18_11_2024,No,No,No,No,COMP_NO,No
11021,590735756323,18_11_2024,No,No,No,No,COMP_NO,No
11022,590735775524,18_11_2024,No,No,No,No,COMP_NO,No
11023,590735797198,18_11_2024,No,No,No,No,COMP_NO,No
11024,590735845064,18_11_2024,No,No,No,No,COMP_NO,No
11025,590735914342,18_11_2024,No,No,No,No,COMP_NO,No
11026,590735915254,18_11_2024,No,No,No,No,COMP_NO,No
11027,590735920101,18_11_2024,No,No,No,No,COMP_NO,No
11028,590735935798,18_11_2024,No,No,No,No,COMP_NO,No
11029,590735937563,18_11_2024,No,No,No,No,COMP_NO,No
11030,590736022505,18_11_2024,No,No,No,No,COMP_NO,No
11031,590736024920,18_11_2024,No,No,No,No,COMP_NO,No
11032,590736037189,18_11_2024,No,No,No,No,COMP_NO,No
11033,590736040466,18_11_2024,No,No,No,No,COMP_NO,No
11034,590736052509,18_11_2024,No,No,No,No,COMP_NO,No
11035,590736144514,18_11_2024,No,No,No,No,COMP_NO,No
11036,590736173790,18_11_2024,No,No,No,No,COMP_NO,No
11037,591235308083,27_11_2024,No,No,No,No,COMP_NO,No
11038,591235383608,27_11_2024,No,No,No,No,COMP_NO,No
11039,591235383774,27_11_2024,No,No,No,No,COMP_NO,No
11040,591235388051,27_11_2024,No,No,No,No,COMP_NO,No
11041,591368658904,27_11_2024,No,No,No,No,COMP_NO,No
11042,591368660264,27_11_2024,No,No,No,No,COMP_NO,No
11043,591368663757,27_11_2024,No,No,No,No,COMP_NO,No
11044,591368668355,27_11_2024,No,No,No,No,COMP_NO,No
11045,591368721387,27_11_2024,No,No,No,No,COMP_NO,No
11046,591369080517,28_11_2024,No,Yes,No,Yes,COMP_NO,No
11047,591369102215,28_11_2024,No,No,No,No,COMP_NO,No
11048,591369168959,28_11_2024,No,No,No,No,COMP_NO,No
11049,591369173462,28_11_2024,No,No,No,No,COMP_NO,No
11050,591369173681,28_11_2024,No,No,No,No,COMP_NO,No
11051,591369190283,28_11_2024,No,Yes,No,No,COMP_NO,No
11052,591369248764,28_11_2024,No,No,No,No,COMP_NO,No
11053,591369248864,28_11_2024,No,No,No,No,COMP_NO,No
11054,591369252242,28_11_2024,No,No,No,No,COMP_NO,No
11055,591369254570,28_11_2024,No,No,No,No,COMP_NO,No
11056,591369292340,28_11_2024,No,No,No,No,COMP_NO,No
11057,591369326621,28_11_2024,No,No,No,No,COMP_NO,No
11058,591369349198,28_11_2024,No,No,No,No,COMP_NO,No
11059,591369512915,28_11_2024,No,Yes,No,Yes,COMP_NO,No
11060,591369548139,28_11_2024,No,No,No,No,COMP_NO,No
11061,591369611234,28_11_2024,No,No,No,No,COMP_NO,No
11062,591369612294,28_11_2024,No,No,No,No,COMP_NO,No
11063,591369616772,28_11_2024,Yes,No,No,No,COMP_NO,Yes
11064,591369716713,28_11_2024,No,No,No,No,COMP_NO,No
11065,591369786063,28_11_2024,No,No,No,No,COMP_NO,No
11066,591369787367,28_11_2024,No,No,No,No,COMP_NO,No
11067,591369788670,28_11_2024,No,No,No,No,COMP_NO,No
11068,591369791080,28_11_2024,No,Yes,No,Yes,COMP_SA,Yes
11069,591369808312,28_11_2024,No,No,No,No,COMP_NO,No
11070,591369814208,28_11_2024,No,No,No,Yes,COMP_NO,No
11071,591370072807,29_11_2024,No,No,No,No,COMP_NO,No
11072,591370076584,29_11_2024,No,No,No,No,COMP_NO,No
11073,591370154478,29_11_2024,No,Yes,No,Yes,COMP_NO,No
11074,591370155782,29_11_2024,No,No,No,No,COMP_NO,No
11075,591370158322,29_11_2024,No,Yes,No,Yes,COMP_NO,No
11076,591370185703,29_11_2024,No,No,No,No,COMP_NO,No
11077,591370219911,29_11_2024,No,No,No,No,COMP_NO,No
11078,591370223134,29_11_2024,Yes,Yes,No,Yes,COMP_SM,Yes
11079,591370223639,29_11_2024,Yes,No,No,No,COMP_NO,Yes
11080,591370228461,29_11_2024,No,Yes,No,Yes,COMP_NO,No
11081,591370231720,29_11_2024,No,No,No,No,COMP_NO,No
11082,591370234797,29_11_2024,No,Yes,No,Yes,COMP_NO,No
11083,591370240327,29_11_2024,No,No,No,No,COMP_NO,No
11084,591370250727,29_11_2024,No,No,No,No,COMP_NO,No
11085,591370251779,29_11_2024,No,No,No,No,COMP_NO,No
11086,591370278898,29_11_2024,No,No,No,No,COMP_NO,No
11087,591370295921,29_11_2024,No,No,No,No,COMP_NO,No
11088,591370297180,29_11_2024,No,No,No,No,COMP_NO,No
11089,591370297264,29_11_2024,No,No,No,No,COMP_NO,No
11090,591370354545,29_11_2024,No,No,No,No,COMP_NO,No
11091,591370358080,29_11_2024,No,Yes,No,Yes,COMP_NO,No
11092,591370360120,29_11_2024,No,Yes,No,Yes,COMP_NO,No
11093,591370369965,29_11_2024,No,No,No,No,COMP_NO,No
11094,591370377061,29_11_2024,No,Yes,No,Yes,COMP_NO,No
11095,591370378864,29_11_2024,No,No,No,No,COMP_NO,No
11096,591370388860,29_11_2024,No,No,No,No,COMP_NO,No
11097,591370397096,29_11_2024,No,No,No,No,COMP_NO,No
11098,591370398542,29_11_2024,No,No,No,No,COMP_NO,No
11099,591370411074,29_11_2024,No,Yes,No,Yes,COMP_NO,No
11100,591370413267,29_11_2024,No,No,No,No,COMP_NO,No
11101,591370413853,29_11_2024,No,No,No,No,COMP_NO,No
11102,591370418675,29_11_2024,No,No,No,No,COMP_NO,No
11103,591370419194,29_11_2024,No,No,No,No,COMP_NO,No
11104,591370421184,29_11_2024,No,No,No,No,COMP_NO,No
11105,591370423190,29_11_2024,No,No,No,No,COMP_NO,No
11106,591370430547,29_11_2024,No,No,No,No,COMP_NO,No
11107,591370432816,29_11_2024,No,No,No,No,COMP_NO,No
11108,591370455648,29_11_2024,No,No,No,Yes,COMP_NO,No
11109,591370459533,29_11_2024,No,No,No,No,COMP_NO,No
11110,591370459722,29_11_2024,No,Yes,No,Yes,COMP_SM,Yes
11111,591370474567,29_11_2024,No,No,No,No,COMP_NO,No
11112,591370474826,29_11_2024,No,No,No,No,COMP_NO,No
11113,591370491180,29_11_2024,No,No,No,No,COMP_NO,No
11114,591370493553,29_11_2024,No,No,No,No,COMP_NO,No
11115,591370508960,29_11_2024,No,No,No,No,COMP_NO,No
11116,591370513255,29_11_2024,No,No,No,No,COMP_NO,No
11117,591370514575,29_11_2024,No,No,No,No,COMP_NO,No
11118,591370519468,29_11_2024,No,Yes,No,Yes,COMP_CH,Yes
11119,591370524474,29_11_2024,No,No,No,No,COMP_NO,No
11120,591370525856,29_11_2024,No,No,No,No,COMP_NO,No
11121,591370534835,29_11_2024,No,No,No,No,COMP_NO,No
11122,591370537759,29_11_2024,No,No,No,No,COMP_NO,No
11123,591370541899,29_11_2024,No,No,No,No,COMP_NO,No
11124,591512549232,29_11_2024,No,No,No,No,COMP_NO,No
11125,591512552329,29_11_2024,No,No,No,No,COMP_NO,No
11126,591512583676,29_11_2024,No,No,No,No,COMP_NO,No
11127,591512584308,29_11_2024,No,No,No,No,COMP_NO,No
11128,591512594734,29_11_2024,No,No,No,No,COMP_NO,No
11129,591512613075,29_11_2024,No,No,No,No,COMP_NO,No
11130,591512616140,29_11_2024,No,Yes,No,Yes,COMP_NO,No
11131,591512616462,29_11_2024,No,No,No,No,COMP_NO,No
11132,591512622517,29_11_2024,No,No,No,No,COMP_NO,No
11133,591512622688,29_11_2024,No,No,No,No,COMP_NO,No
11134,591512638596,29_11_2024,No,Yes,No,Yes,COMP_NO,No
11135,591512643105,29_11_2024,No,No,No,No,COMP_NO,No
11136,591512651238,29_11_2024,No,No,No,No,COMP_NO,No
11137,591512654235,29_11_2024,No,No,No,No,COMP_NO,No
11138,591512662286,29_11_2024,Yes,Yes,No,No,COMP_SA,Yes
11139,591512664439,29_11_2024,No,No,No,No,COMP_NO,No
11140,591512667082,29_11_2024,No,Yes,No,Yes,COMP_NO,No
11141,591512675942,29_11_2024,No,Yes,No,No,COMP_CH,Yes
11142,591512678733,29_11_2024,No,No,No,No,COMP_NO,No
11143,591512680208,29_11_2024,No,No,No,No,COMP_NO,No
11144,591512680331,29_11_2024,No,No,No,No,COMP_NO,No
11145,591512685241,29_11_2024,No,No,No,No,COMP_NO,No
11146,591512691417,29_11_2024,No,No,No,No,COMP_NO,No
11147,591512702407,29_11_2024,No,No,No,No,COMP_NO,No
11148,591512717567,29_11_2024,No,No,No,No,COMP_NO,No
11149,591512717595,29_11_2024,No,No,No,No,COMP_NO,No
11150,591512718383,29_11_2024,No,No,No,No,COMP_NO,No
11151,591512731388,29_11_2024,No,No,No,No,COMP_NO,No
11152,591512735961,29_11_2024,No,No,No,No,COMP_NO,No
11153,591512742015,29_11_2024,No,No,No,No,COMP_NO,No
11154,591512746010,29_11_2024,No,No,No,No,COMP_NO,No
11155,590557927173,15_11_2024,No,No,No,No,COMP_NO,No
11156,590557929248,15_11_2024,No,No,No,No,COMP_NO,No
11157,590557932370,15_11_2024,No,No,No,No,COMP_NO,No
11158,590557933018,15_11_2024,No,No,No,No,COMP_NO,No
11159,590557938131,15_11_2024,No,No,No,No,COMP_NO,No
11160,590557940606,15_11_2024,No,No,No,No,COMP_NO,No
11161,590557942844,15_11_2024,No,No,No,No,COMP_NO,No
11162,590557945000,15_11_2024,No,No,No,No,COMP_NO,No
11163,590557948271,15_11_2024,No,Yes,No,Yes,COMP_NO,No
11164,590557964703,15_11_2024,No,No,No,No,COMP_NO,No
11165,590557977884,15_11_2024,No,No,No,No,COMP_NO,No
11166,590557986983,15_11_2024,No,No,No,No,COMP_NO,No
11167,590557991056,15_11_2024,No,No,No,No,COMP_NO,No
11168,590557993992,15_11_2024,No,No,No,No,COMP_NO,No
11169,590558010761,15_11_2024,No,No,No,No,COMP_NO,No
11170,590558010821,15_11_2024,No,No,No,No,COMP_NO,No
11171,590558026329,15_11_2024,No,Yes,No,Yes,COMP_NO,No
11172,590558030141,15_11_2024,No,No,No,Yes,COMP_NO,No
11173,590558036516,15_11_2024,No,No,No,No,COMP_NO,No
11174,590558048213,15_11_2024,No,No,No,No,COMP_NO,No
11175,590558052238,15_11_2024,No,No,No,No,COMP_NO,No
11176,590558052386,15_11_2024,No,Yes,No,Yes,COMP_NO,No
11177,590558053684,15_11_2024,No,No,No,No,COMP_NO,No
11178,590558054395,15_11_2024,No,No,No,No,COMP_NO,No
11179,590558083786,15_11_2024,No,No,No,No,COMP_NO,No
11180,590558088060,15_11_2024,No,No,No,No,COMP_NO,No
11181,590558089373,15_11_2024,No,No,No,No,COMP_NO,No
11182,590558093490,15_11_2024,No,No,No,No,COMP_NO,No
11183,590558097516,15_11_2024,No,No,No,No,COMP_NO,No
11184,590558100334,15_11_2024,No,No,No,No,COMP_NO,No
11185,590558104535,15_11_2024,No,No,No,No,COMP_NO,No
11186,590558105386,15_11_2024,No,No,No,No,COMP_NO,No
11187,590558119679,15_11_2024,No,No,No,No,COMP_NO,No
11188,590558119772,15_11_2024,No,No,No,No,COMP_NO,No
11189,590558120390,15_11_2024,No,No,No,No,COMP_NO,No
11190,590558128305,15_11_2024,No,No,No,No,COMP_NO,No
11191,590558150598,15_11_2024,No,No,No,No,COMP_NO,No
11192,590558151342,15_11_2024,No,No,No,No,COMP_NO,No
11193,590558153136,15_11_2024,No,No,No,No,COMP_NO,No
11194,590558157179,15_11_2024,No,No,No,No,COMP_NO,No
11195,590558171119,15_11_2024,No,No,No,No,COMP_NO,No
11196,590558172177,15_11_2024,No,No,No,No,COMP_NO,No
11197,590558177167,15_11_2024,No,Yes,No,No,COMP_CH,Yes
11198,590558189311,15_11_2024,No,Yes,No,Yes,COMP_CH,Yes
11199,590558196026,15_11_2024,No,No,No,No,COMP_NO,No
11200,590558196445,15_11_2024,No,No,No,No,COMP_NO,No
11201,590558202810,15_11_2024,No,No,No,No,COMP_NO,No
11202,590558222833,15_11_2024,No,No,No,No,COMP_NO,No
11203,590558233378,15_11_2024,No,No,No,No,COMP_NO,No
11204,590558235409,15_11_2024,No,No,No,No,COMP_NO,No
11205,590558238120,15_11_2024,Yes,No,No,No,COMP_SA,Yes
11206,590558266826,15_11_2024,No,No,No,No,COMP_NO,No
11207,590558267080,15_11_2024,No,No,No,No,COMP_NO,No
11208,590558267446,15_11_2024,No,No,No,No,COMP_NO,No
11209,590558269589,15_11_2024,No,No,No,No,COMP_NO,No
11210,590558273892,15_11_2024,No,No,No,No,COMP_NO,No
11211,590558274941,15_11_2024,No,No,No,No,COMP_NO,No
11212,590558289363,15_11_2024,Yes,Yes,No,No,COMP_CH,Yes
11213,590558291926,15_11_2024,No,No,No,No,COMP_NO,No
11214,590558292310,15_11_2024,No,No,No,No,COMP_NO,No
11215,590558307959,15_11_2024,No,No,No,No,COMP_NO,No
11216,590558309922,15_11_2024,No,No,No,No,COMP_NO,No
11217,590558327601,15_11_2024,No,No,No,No,COMP_NO,No
11218,590558354272,15_11_2024,No,Yes,No,No,COMP_NO,No
11219,590558362072,15_11_2024,No,No,No,No,COMP_NO,No
11220,590558363722,15_11_2024,No,No,No,No,COMP_NO,No
11221,590558372816,15_11_2024,Yes,Yes,No,No,COMP_SA,Yes
11222,590558375386,15_11_2024,No,No,No,No,COMP_NO,No
11223,590558405175,15_11_2024,No,No,No,No,COMP_NO,No
11224,590558406260,15_11_2024,No,No,No,No,COMP_NO,No
11225,590558412081,15_11_2024,No,No,No,No,COMP_NO,No
11226,590558416741,15_11_2024,No,No,No,No,COMP_NO,No
11227,590558420032,15_11_2024,No,No,No,No,COMP_NO,No
11228,590558420871,15_11_2024,No,No,No,No,COMP_NO,No
11229,590558425804,15_11_2024,No,No,No,No,COMP_NO,No
11230,590558427401,15_11_2024,No,No,No,No,COMP_NO,No
11231,590558434777,15_11_2024,No,Yes,No,Yes,COMP_NO,No
11232,590558435417,15_11_2024,No,No,No,No,COMP_NO,No
11233,590558437851,15_11_2024,No,No,No,No,COMP_NO,No
11234,590558441258,15_11_2024,No,No,No,No,COMP_NO,No
11235,590558445368,15_11_2024,No,No,No,No,COMP_NO,No
11236,590558478957,15_11_2024,No,No,No,No,COMP_NO,No
11237,590558483196,15_11_2024,No,Yes,No,Yes,COMP_NO,No
11238,590558484679,15_11_2024,No,No,No,No,COMP_NO,No
11239,590558499319,15_11_2024,No,No,No,No,COMP_NO,No
11240,590558500664,15_11_2024,No,No,No,No,COMP_NO,No
11241,590558504286,15_11_2024,No,No,No,No,COMP_NO,No
11242,590558513874,15_11_2024,No,No,No,No,COMP_NO,No
11243,590558520284,15_11_2024,No,No,No,No,COMP_NO,No
11244,590558526159,15_11_2024,No,Yes,No,No,COMP_NO,No
11245,590558528441,15_11_2024,No,No,No,No,COMP_NO,No
11246,590559496600,18_11_2024,No,Yes,No,Yes,COMP_NO,No
11247,590559521081,18_11_2024,No,Yes,No,Yes,COMP_CH,Yes
11248,590559525402,18_11_2024,No,No,No,No,COMP_NO,No
11249,590735568532,18_11_2024,No,No,No,No,COMP_NO,No
11250,590735575743,18_11_2024,No,No,No,No,COMP_NO,No
11251,590735576111,18_11_2024,No,No,No,No,COMP_NO,No
11252,590735578183,18_11_2024,No,No,No,No,COMP_NO,No
11253,590735579327,18_11_2024,No,No,No,No,COMP_NO,No
11254,590735579485,18_11_2024,No,No,No,No,COMP_NO,No
11255,590735581715,18_11_2024,No,No,No,No,COMP_NO,No
11256,590735582984,18_11_2024,No,No,No,No,COMP_NO,No
11257,590735584407,18_11_2024,No,No,No,No,COMP_NO,No
11258,590735585068,18_11_2024,No,No,No,No,COMP_NO,No
11259,590735587446,18_11_2024,No,No,No,No,COMP_NO,No
11260,590735591217,18_11_2024,No,No,No,No,COMP_NO,No
11261,590735591688,18_11_2024,No,No,No,No,COMP_NO,No
11262,590735592327,18_11_2024,No,No,No,No,COMP_NO,No
11263,590735592440,18_11_2024,No,No,No,No,COMP_NO,No
11264,590735605576,18_11_2024,No,No,No,No,COMP_NO,No
11265,590735605620,18_11_2024,No,Yes,No,Yes,COMP_NO,No
11266,590735606311,18_11_2024,No,No,No,No,COMP_NO,No
11267,590735607285,18_11_2024,Yes,No,No,No,COMP_NO,Yes
11268,590735607612,18_11_2024,No,No,No,No,COMP_NO,No
11269,590735613810,18_11_2024,No,No,No,No,COMP_NO,No
11270,590735614577,18_11_2024,No,No,No,No,COMP_NO,No
11271,590735615607,18_11_2024,No,No,No,No,COMP_NO,No
11272,590735619283,18_11_2024,No,No,No,No,COMP_NO,No
11273,590735621485,18_11_2024,No,No,No,No,COMP_NO,No
11274,590735624563,18_11_2024,No,No,No,No,COMP_NO,No
11275,590735627806,18_11_2024,No,No,No,No,COMP_NO,No
11276,590735635557,18_11_2024,No,No,No,No,COMP_NO,No
11277,590735645007,18_11_2024,No,No,No,No,COMP_NO,No
11278,590735661339,18_11_2024,No,No,No,No,COMP_NO,No
11279,590735669896,18_11_2024,No,No,No,No,COMP_NO,No
11280,590735683382,18_11_2024,No,No,No,No,COMP_NO,No
11281,590735683787,18_11_2024,No,No,No,No,COMP_NO,No
11282,590735690495,18_11_2024,No,No,No,No,COMP_NO,No
11283,590735690500,18_11_2024,No,No,No,No,COMP_NO,No
11284,590735702700,18_11_2024,No,No,No,No,COMP_NO,No
11285,590735703722,18_11_2024,No,No,No,No,COMP_NO,No
11286,590735721592,18_11_2024,No,No,No,No,COMP_NO,No
11287,590735723641,18_11_2024,No,No,No,No,COMP_NO,No
11288,590735737397,18_11_2024,No,No,No,No,COMP_NO,No
11289,590735758764,18_11_2024,No,Yes,No,Yes,COMP_AC,Yes
11290,590735759042,18_11_2024,No,No,No,No,COMP_NO,No
11291,590735767669,18_11_2024,Yes,No,No,No,COMP_NO,Yes
11292,590735769749,18_11_2024,No,No,No,No,COMP_NO,No
11293,590735779372,18_11_2024,No,No,No,No,COMP_NO,No
11294,590735806429,18_11_2024,No,No,No,No,COMP_NO,No
11295,590735806979,18_11_2024,No,No,No,No,COMP_NO,No
11296,590735817081,18_11_2024,No,No,No,No,COMP_NO,No
11297,590735820291,18_11_2024,No,No,No,No,COMP_NO,No
11298,590735823384,18_11_2024,No,No,No,No,COMP_NO,No
11299,590735827309,18_11_2024,No,No,No,No,COMP_NO,No
11300,590735827323,18_11_2024,No,No,No,No,COMP_NO,No
11301,590735828691,18_11_2024,No,No,No,No,COMP_NO,No
11302,590735830101,18_11_2024,No,No,No,No,COMP_NO,No
11303,590735830454,18_11_2024,No,No,No,No,COMP_NO,No
11304,590735834682,18_11_2024,No,No,No,No,COMP_NO,No
11305,590735887817,18_11_2024,Yes,No,No,Yes,COMP_CH,Yes
11306,590735924688,18_11_2024,No,No,No,No,COMP_NO,No
11307,590735932734,18_11_2024,No,Yes,No,No,COMP_NO,No
11308,590735940211,18_11_2024,No,No,No,No,COMP_NO,No
11309,590735943409,18_11_2024,No,No,No,No,COMP_NO,No
11310,590735947152,18_11_2024,No,No,No,No,COMP_NO,No
11311,590735947454,18_11_2024,No,No,No,No,COMP_NO,No
11312,590735952907,18_11_2024,No,No,No,No,COMP_NO,No
11313,590735953845,18_11_2024,No,Yes,No,No,COMP_NO,No
11314,590735956805,18_11_2024,No,No,No,No,COMP_NO,No
11315,590735967128,18_11_2024,No,No,No,No,COMP_NO,No
11316,590735976580,18_11_2024,No,No,No,No,COMP_NO,No
11317,590735980557,18_11_2024,Yes,Yes,Yes,Yes,COMP_NO,Yes
11318,590735982634,18_11_2024,No,No,No,No,COMP_NO,No
11319,590735985065,18_11_2024,No,No,No,No,COMP_NO,No
11320,590735990303,18_11_2024,No,No,No,No,COMP_NO,No
11321,590735996904,18_11_2024,No,No,No,No,COMP_NO,No
11322,590735998486,18_11_2024,No,No,No,No,COMP_NO,No
11323,590736001421,18_11_2024,No,No,No,No,COMP_NO,No
11324,590736007628,18_11_2024,No,No,No,No,COMP_NO,No
11325,590736011106,18_11_2024,No,No,No,No,COMP_NO,No
11326,590736014969,18_11_2024,No,No,No,No,COMP_NO,No
11327,590736027340,18_11_2024,No,No,No,No,COMP_NO,No
11328,590736031609,18_11_2024,No,No,No,No,COMP_NO,No
11329,590736032207,18_11_2024,No,No,No,No,COMP_NO,No
11330,590736032967,18_11_2024,No,No,No,No,COMP_NO,No
11331,590736033310,18_11_2024,No,No,No,No,COMP_NO,No
11332,590736043824,18_11_2024,No,No,No,No,COMP_NO,No
11333,590736052561,18_11_2024,No,Yes,No,Yes,COMP_CO,Yes
11334,590736052749,18_11_2024,No,Yes,No,No,COMP_JV,Yes
11335,590736057687,18_11_2024,No,No,No,No,COMP_NO,No
11336,590736064024,18_11_2024,No,No,No,No,COMP_NO,No
11337,590736069047,18_11_2024,No,Yes,No,Yes,COMP_SM,Yes
11338,590736073024,18_11_2024,No,No,No,No,COMP_NO,No
11339,590736074494,18_11_2024,Yes,Yes,No,Yes,COMP_CH,Yes
11340,590736091492,18_11_2024,No,Yes,No,Yes,COMP_NO,No
11341,590736091822,18_11_2024,No,No,No,No,COMP_NO,No
11342,590736096848,18_11_2024,No,No,No,No,COMP_NO,No
11343,590736110482,18_11_2024,No,No,No,No,COMP_NO,No
11344,590736114929,18_11_2024,No,No,No,No,COMP_NO,No
11345,590736116420,18_11_2024,No,No,No,No,COMP_NO,No
11346,590736122899,18_11_2024,No,No,No,No,COMP_NO,No
11347,590736124795,18_11_2024,No,No,No,No,COMP_NO,No
11348,590736182686,18_11_2024,No,No,No,No,COMP_NO,No
11349,590736183574,18_11_2024,No,Yes,No,Yes,COMP_NO,No
11350,590736185534,18_11_2024,No,No,No,No,COMP_NO,No
11351,590736195056,18_11_2024,No,No,No,No,COMP_NO,No
11352,590736196836,18_11_2024,No,Yes,No,No,COMP_CO,Yes
11353,590736199509,18_11_2024,No,No,No,No,COMP_NO,No
11354,590736203707,18_11_2024,No,No,No,No,COMP_NO,No
11355,590736208272,18_11_2024,No,No,No,No,COMP_NO,No
11356,590736259773,18_11_2024,No,No,No,No,COMP_NO,No
11357,590736268223,18_11_2024,No,No,No,No,COMP_NO,No
11358,590736296162,18_11_2024,Yes,Yes,No,Yes,COMP_DW,Yes
11359,590736537316,19_11_2024,No,No,No,No,COMP_NO,No
11360,590736543644,19_11_2024,No,No,No,No,COMP_NO,No
11361,590736582779,19_11_2024,Yes,Yes,No,No,COMP_CO,Yes
11362,590736609683,19_11_2024,No,No,No,No,COMP_NO,No
11363,590736623106,19_11_2024,No,No,No,No,COMP_NO,No
11364,590736686801,19_11_2024,No,No,No,No,COMP_NO,No
11365,590736686983,19_11_2024,No,No,No,No,COMP_NO,No
11366,590736701812,19_11_2024,No,No,No,No,COMP_NO,No
11367,590736718624,19_11_2024,No,No,No,No,COMP_NO,No
11368,591369256452,28_11_2024,No,Yes,No,Yes,COMP_NO,No
11369,590557997554,15_11_2024,No,No,No,No,COMP_NO,No
11370,590558002144,15_11_2024,No,No,No,No,COMP_NO,No
11371,590558013034,15_11_2024,No,No,No,No,COMP_NO,No
11372,590558013675,15_11_2024,No,No,No,No,COMP_NO,No
11373,590558018271,15_11_2024,No,No,No,No,COMP_NO,No
11374,590558027977,15_11_2024,No,No,No,No,COMP_NO,No
11375,590558037486,15_11_2024,No,Yes,No,No,COMP_AL,Yes
11376,590558038671,15_11_2024,No,Yes,No,No,COMP_NO,No
11377,590558056365,15_11_2024,No,No,No,No,COMP_NO,No
11378,590558062410,15_11_2024,No,No,No,No,COMP_NO,No
11379,590558105581,15_11_2024,No,No,No,No,COMP_NO,No
11380,590558124044,15_11_2024,No,No,No,No,COMP_NO,Yes
11381,590558162718,15_11_2024,No,No,No,No,COMP_NO,No
11382,590558164623,15_11_2024,No,No,No,No,COMP_NO,No
11383,590558213543,15_11_2024,No,No,No,No,COMP_NO,No
11384,590558214481,15_11_2024,No,No,No,No,COMP_NO,No
11385,590558243352,15_11_2024,No,No,No,No,COMP_NO,No
11386,590558244138,15_11_2024,No,No,No,No,COMP_NO,No
11387,590558255020,15_11_2024,No,No,No,No,COMP_NO,Yes
11388,590558276948,15_11_2024,No,No,No,No,COMP_NO,No
11389,590558277051,15_11_2024,No,No,No,No,COMP_NO,No
11390,590558278949,15_11_2024,No,No,No,Yes,COMP_NO,No
11391,590558293715,15_11_2024,No,No,No,No,COMP_NO,No
11392,590558312963,15_11_2024,No,Yes,No,Yes,COMP_CO,Yes
11393,590558315072,15_11_2024,No,No,No,No,COMP_NO,No
11394,590558315690,15_11_2024,No,No,No,No,COMP_CH,Yes
11395,590558316722,15_11_2024,No,No,No,No,COMP_NO,No
11396,590558318040,15_11_2024,No,No,No,No,COMP_NO,No
11397,590558331639,15_11_2024,No,No,No,No,COMP_NO,No
11398,590558339017,15_11_2024,No,No,No,No,COMP_NO,No
11399,590558348149,15_11_2024,No,No,No,No,COMP_NO,No
11400,590558350470,15_11_2024,No,No,No,No,COMP_NO,No
11401,590558375421,15_11_2024,No,No,No,No,COMP_NO,No
11402,590558376679,15_11_2024,No,No,No,No,COMP_NO,No
11403,590558452160,15_11_2024,No,Yes,No,Yes,COMP_NO,No
11404,590558452400,15_11_2024,No,No,No,No,COMP_NO,No
11405,590558455289,15_11_2024,No,No,No,No,COMP_NO,No
11406,590558456408,15_11_2024,No,No,No,No,COMP_NO,No
11407,590558465958,15_11_2024,No,No,No,No,COMP_NO,No
11408,590558467217,15_11_2024,No,No,No,No,COMP_NO,No
11409,590559511214,18_11_2024,No,No,No,No,COMP_NO,No
11410,590559541693,18_11_2024,No,No,No,Yes,COMP_NO,No
11411,590735559495,18_11_2024,No,No,No,No,COMP_NO,No
11412,590735560438,18_11_2024,No,No,No,No,COMP_NO,No
11413,590735567574,18_11_2024,No,No,No,No,COMP_NO,No
11414,590735597714,18_11_2024,No,No,No,No,COMP_NO,No
11415,590735607802,18_11_2024,No,No,No,No,COMP_NO,No
11416,590735627896,18_11_2024,No,Yes,No,Yes,COMP_NO,No
11417,590735648287,18_11_2024,No,No,No,No,COMP_NO,No
11418,590735653063,18_11_2024,No,No,No,No,COMP_NO,No
11419,590735737536,18_11_2024,No,No,No,No,COMP_NO,No
11420,590735738098,18_11_2024,No,No,No,No,COMP_NO,No
11421,590735738641,18_11_2024,No,No,No,No,COMP_NO,No
11422,590735741382,18_11_2024,No,No,No,No,COMP_NO,No
11423,590735748422,18_11_2024,No,No,No,No,COMP_NO,No
11424,590735765225,18_11_2024,No,No,No,No,COMP_NO,No
11425,590735772997,18_11_2024,No,No,No,No,COMP_NO,No
11426,590735774000,18_11_2024,No,No,No,No,COMP_NO,No
11427,590735774572,18_11_2024,No,No,No,No,COMP_NO,No
11428,590735780577,18_11_2024,No,No,No,No,COMP_NO,No
11429,590735781902,18_11_2024,No,Yes,No,Yes,COMP_CH,Yes
11430,590735827131,18_11_2024,No,No,No,No,COMP_NO,No
11431,590735838523,18_11_2024,No,No,No,No,COMP_NO,No
11432,590735841587,18_11_2024,No,No,No,No,COMP_NO,No
11433,590735848090,18_11_2024,No,Yes,No,Yes,COMP_NO,Yes
11434,590735856240,18_11_2024,No,Yes,No,Yes,COMP_NO,No
11435,590735861153,18_11_2024,No,No,No,No,COMP_NO,No
11436,590735891136,18_11_2024,No,No,No,No,COMP_NO,No
11437,590735904755,18_11_2024,No,No,No,No,COMP_NO,No
11438,590736017249,18_11_2024,No,Yes,No,Yes,COMP_NO,No
11439,590736020468,18_11_2024,No,No,No,No,COMP_NO,No
11440,590736048223,18_11_2024,No,Yes,No,Yes,COMP_OP,Yes
11441,590736050703,18_11_2024,No,No,No,No,COMP_NO,No
11442,590736052242,18_11_2024,No,No,No,No,COMP_NO,No
11443,590736064802,18_11_2024,Yes,No,No,No,COMP_NO,Yes
11444,590736068184,18_11_2024,No,No,No,No,COMP_NO,No
11445,590736082612,18_11_2024,No,No,No,No,COMP_NO,No
11446,590736112863,18_11_2024,No,No,No,No,COMP_NO,No
11447,590736135931,18_11_2024,No,No,No,No,COMP_NO,No
11448,590736145515,18_11_2024,No,Yes,No,Yes,COMP_CH,Yes
11449,590736145656,18_11_2024,No,No,No,No,COMP_NO,No
11450,590736148663,18_11_2024,No,No,No,No,COMP_NO,No
11451,590736151691,18_11_2024,No,No,No,No,COMP_NO,No
11452,590736152300,18_11_2024,No,No,No,No,COMP_NO,No
11453,590736189005,18_11_2024,No,No,No,No,COMP_NO,No
11454,590736217059,18_11_2024,No,No,No,No,COMP_NO,No
11455,590736217639,18_11_2024,No,No,No,No,COMP_NO,No
11456,590736226201,18_11_2024,No,No,No,No,COMP_NO,No
11457,590736228647,18_11_2024,No,Yes,No,Yes,COMP_NO,No
11458,590736229400,18_11_2024,No,No,No,No,COMP_NO,No
11459,590736243514,18_11_2024,No,No,No,No,COMP_NO,No
11460,590736273288,18_11_2024,No,Yes,No,Yes,COMP_NO,No
11461,590736301275,18_11_2024,No,Yes,No,Yes,COMP_NO,No
11462,590736302201,18_11_2024,No,Yes,No,Yes,COMP_NO,No
11463,590736521382,19_11_2024,No,Yes,No,Yes,COMP_VE,Yes
11464,590736527284,19_11_2024,No,No,No,No,COMP_NO,No
11465,590736544033,19_11_2024,No,No,No,No,COMP_NO,No
11466,590736545833,19_11_2024,No,No,No,No,COMP_NO,No
11467,590736548558,19_11_2024,No,No,No,No,COMP_NO,No
11468,590736553167,19_11_2024,No,No,No,No,COMP_NO,No
11469,590736554033,19_11_2024,No,Yes,No,No,COMP_CH,Yes
11470,590736582938,19_11_2024,No,No,No,No,COMP_NO,No
11471,590736587705,19_11_2024,No,No,No,No,COMP_NO,No
11472,590736592552,19_11_2024,No,No,No,No,COMP_NO,No
11473,590736599407,19_11_2024,No,No,No,No,COMP_NO,No
11474,590736610513,19_11_2024,No,No,No,No,COMP_NO,No
11475,590736615367,19_11_2024,No,No,No,No,COMP_NO,No
11476,590736619880,19_11_2024,No,Yes,No,Yes,COMP_NO,No
11477,590736620680,19_11_2024,No,No,No,No,COMP_NO,No
11478,590736627362,19_11_2024,No,No,No,No,COMP_NO,No
11479,590736627664,19_11_2024,No,No,No,No,COMP_NO,No
11480,590736629004,19_11_2024,No,Yes,No,Yes,COMP_NO,No
11481,590736634210,19_11_2024,No,No,No,No,COMP_NO,No
11482,590736635536,19_11_2024,No,No,No,No,COMP_NO,No
11483,590736638371,19_11_2024,No,No,No,No,COMP_NO,No
11484,590736647943,19_11_2024,No,No,No,Yes,COMP_NO,No
11485,590736648599,19_11_2024,No,No,No,No,COMP_NO,No
11486,590736649240,19_11_2024,No,No,No,No,COMP_NO,No
11487,590736649565,19_11_2024,No,No,No,No,COMP_NO,No
11488,590736664800,19_11_2024,No,No,No,No,COMP_NO,No
11489,590736666678,19_11_2024,No,No,No,No,COMP_NO,No
11490,590736671524,19_11_2024,No,No,No,No,COMP_NO,No
11491,590736675637,19_11_2024,No,No,No,No,COMP_NO,No
11492,590736675684,19_11_2024,No,No,No,No,COMP_NO,No
11493,590736679009,19_11_2024,No,No,No,No,COMP_NO,No
11494,590736680352,19_11_2024,No,Yes,No,Yes,COMP_NO,No
11495,590736688498,19_11_2024,No,No,No,No,COMP_NO,No
11496,590736707854,19_11_2024,No,No,No,No,COMP_NO,No
11497,590736708303,19_11_2024,No,No,No,No,COMP_NO,No
11498,590736719927,19_11_2024,Yes,Yes,No,Yes,COMP_AC,Yes
11499,590736720526,19_11_2024,No,No,No,No,COMP_NO,No
11500,590736726777,19_11_2024,No,No,No,No,COMP_NO,No
11501,590736731284,19_11_2024,No,No,No,No,COMP_NO,No
11502,590736736767,19_11_2024,No,No,No,No,COMP_NO,No
11503,590736764162,19_11_2024,No,No,No,No,COMP_NO,No
11504,590736764630,19_11_2024,No,No,No,No,COMP_NO,No
11505,590736772854,19_11_2024,No,No,No,No,COMP_NO,No
11506,590736772959,19_11_2024,No,Yes,No,Yes,COMP_NO,No
11507,590736808452,19_11_2024,No,No,No,No,COMP_NO,No
11508,590736809179,19_11_2024,No,No,No,No,COMP_NO,No
11509,590736811641,19_11_2024,No,No,No,No,COMP_NO,No
11510,590736822862,19_11_2024,No,No,No,No,COMP_NO,No
11511,590736824132,19_11_2024,No,Yes,No,No,COMP_NO,No
11512,590736837499,19_11_2024,No,No,No,No,COMP_NO,No
11513,590736870869,19_11_2024,No,No,No,No,COMP_NO,No
11514,590736872188,19_11_2024,No,No,No,No,COMP_NO,No
11515,590736873845,19_11_2024,No,No,No,No,COMP_NO,No
11516,590736878474,19_11_2024,No,No,No,No,COMP_NO,No
11517,590736885745,19_11_2024,No,No,No,No,COMP_NO,No
11518,590736886449,19_11_2024,No,No,No,No,COMP_NO,No
11519,590736886982,19_11_2024,No,No,No,No,COMP_NO,No
11520,590736887565,19_11_2024,No,No,No,No,COMP_NO,No
11521,590736887641,19_11_2024,No,No,No,No,COMP_NO,No
11522,590736888354,19_11_2024,Yes,No,No,No,COMP_NO,Yes
11523,590736896705,19_11_2024,No,No,No,No,COMP_NO,No
11524,590736897207,19_11_2024,No,No,No,No,COMP_NO,No
11525,590736907342,19_11_2024,Yes,Yes,No,Yes,COMP_CO,Yes
11526,590736915378,19_11_2024,No,No,No,No,COMP_NO,No
11527,590736919679,19_11_2024,No,No,No,No,COMP_NO,No
11528,590736922654,19_11_2024,No,No,No,No,COMP_NO,No
11529,590736937088,19_11_2024,No,No,No,Yes,COMP_NO,No
11530,590736940151,19_11_2024,No,No,No,No,COMP_NO,No
11531,590736959192,19_11_2024,No,No,No,No,COMP_NO,No
11532,590736963245,19_11_2024,No,No,No,No,COMP_NO,No
11533,590736972050,19_11_2024,No,No,No,No,COMP_NO,No
11534,590736974261,19_11_2024,No,No,No,No,COMP_NO,No
11535,590736979857,19_11_2024,No,No,No,No,COMP_NO,No
11536,590736980788,19_11_2024,No,No,No,No,COMP_NO,No
11537,590736997588,19_11_2024,No,Yes,No,No,COMP_CH,Yes
11538,590737001510,19_11_2024,No,No,No,No,COMP_NO,No
11539,590737004338,19_11_2024,No,Yes,No,Yes,COMP_NO,No
11540,590737028606,19_11_2024,No,Yes,No,No,COMP_NO,No
11541,590737038204,19_11_2024,No,No,No,No,COMP_NO,No
11542,590737040429,19_11_2024,No,No,No,No,COMP_NO,No
11543,590737040747,19_11_2024,No,Yes,No,No,COMP_NO,No
11544,590737063133,19_11_2024,No,No,No,No,COMP_NO,No
11545,590737063339,19_11_2024,No,No,No,No,COMP_NO,No
11546,590737079546,19_11_2024,No,Yes,No,Yes,COMP_NO,No
11547,590737083285,19_11_2024,No,No,No,No,COMP_NO,No
11548,590737084909,19_11_2024,No,No,No,No,COMP_NO,No
11549,590737096117,19_11_2024,No,No,No,No,COMP_NO,No
11550,590737096495,19_11_2024,No,No,No,No,COMP_NO,No
11551,590737099022,19_11_2024,No,No,No,No,COMP_NO,No
11552,590737101884,19_11_2024,No,No,No,No,COMP_NO,No
11553,590737113044,19_11_2024,No,No,No,No,COMP_NO,No
11554,590737114420,19_11_2024,No,Yes,No,Yes,COMP_NO,No
11555,590737140575,19_11_2024,No,Yes,No,Yes,COMP_NO,No
11556,590737146051,19_11_2024,No,No,No,No,COMP_NO,No
11557,590737156610,19_11_2024,No,No,No,No,COMP_NO,No
11558,590737160793,19_11_2024,No,No,No,No,COMP_NO,No
11559,590737169451,19_11_2024,No,No,No,No,COMP_NO,No
11560,590737172520,19_11_2024,No,No,No,No,COMP_NO,No
11561,590737172932,19_11_2024,No,No,No,No,COMP_NO,No
11562,590737190714,19_11_2024,No,No,No,No,COMP_NO,No
11563,590737192612,19_11_2024,No,No,No,No,COMP_NO,No
11564,590737196610,19_11_2024,No,No,No,No,COMP_NO,No
11565,590737199049,19_11_2024,No,No,No,No,COMP_NO,No
11566,590737203928,19_11_2024,No,No,No,No,COMP_NO,No
11567,590737206279,19_11_2024,No,No,No,No,COMP_NO,No
11568,590737206491,19_11_2024,No,No,No,No,COMP_NO,No
11569,590737216434,19_11_2024,No,No,No,No,COMP_NO,No
11570,590737217922,19_11_2024,No,No,No,No,COMP_NO,No
11571,590737242245,19_11_2024,No,No,No,No,COMP_NO,No
11572,590737251823,19_11_2024,No,No,No,No,COMP_AD,Yes
11573,590737507290,20_11_2024,No,No,No,No,COMP_NO,No
11574,590737514862,20_11_2024,No,No,No,No,COMP_NO,No
11575,590737516475,20_11_2024,No,No,No,No,COMP_NO,No
11576,590737519797,20_11_2024,No,No,No,No,COMP_NO,No
11577,590737529095,20_11_2024,No,No,No,No,COMP_NO,No
11578,590737543778,20_11_2024,No,No,No,No,COMP_NO,No
11579,590913554750,20_11_2024,No,No,No,No,COMP_NO,No
11580,590913556746,20_11_2024,No,No,No,No,COMP_NO,No
11581,590913557156,20_11_2024,No,No,No,No,COMP_NO,No
11582,590913562126,20_11_2024,No,No,No,No,COMP_NO,No
11583,590913630824,20_11_2024,No,No,No,No,COMP_NO,No
11584,590913644508,20_11_2024,No,No,No,No,COMP_NO,No
11585,590913686978,20_11_2024,No,No,No,No,COMP_NO,No
11586,590913702614,20_11_2024,No,No,No,No,COMP_NO,No
11587,590913704591,20_11_2024,No,No,No,No,COMP_NO,No
11588,590558046704,15_11_2024,No,No,No,No,COMP_NO,No
11589,590558063399,15_11_2024,No,Yes,No,Yes,COMP_NO,No
11590,590558069993,15_11_2024,No,No,No,No,COMP_NO,No
11591,590558074382,15_11_2024,No,No,No,No,COMP_NO,No
11592,590558189154,15_11_2024,No,No,No,Yes,COMP_NO,No
11593,590558282075,15_11_2024,No,Yes,No,Yes,COMP_NO,No
11594,590558284133,15_11_2024,No,No,No,No,COMP_NO,No
11595,590558318248,15_11_2024,No,No,No,No,COMP_NO,No
11596,590558384833,15_11_2024,No,No,No,Yes,COMP_NO,No
11597,590558389454,15_11_2024,No,No,No,No,COMP_NO,No
11598,590558395188,15_11_2024,No,No,No,No,COMP_NO,No
11599,590735792342,18_11_2024,No,No,No,No,COMP_NO,No
11600,590735871564,18_11_2024,No,No,No,No,COMP_NO,No
11601,590736020774,18_11_2024,No,No,No,No,COMP_NO,No
11602,590736089508,18_11_2024,No,No,No,No,COMP_NO,No
11603,590736238070,18_11_2024,No,Yes,No,Yes,COMP_NO,Yes
11604,590736247173,18_11_2024,No,No,No,No,COMP_NO,No
11605,590736259645,18_11_2024,No,Yes,No,Yes,COMP_NO,No
11606,590736275719,18_11_2024,No,Yes,No,Yes,COMP_NO,No
11607,590736280118,18_11_2024,No,No,No,No,COMP_NO,No
11608,590736280758,18_11_2024,No,No,No,No,COMP_NO,No
11609,590736307352,18_11_2024,No,No,No,No,COMP_NO,No
11610,590736568516,19_11_2024,No,No,No,No,COMP_NO,No
11611,590736570506,19_11_2024,No,No,No,No,COMP_NO,No
11612,590736572565,19_11_2024,No,No,No,No,COMP_NO,No
11613,590736600581,19_11_2024,No,Yes,No,Yes,COMP_CH,Yes
11614,590736691735,19_11_2024,No,Yes,No,No,COMP_SS,Yes
11615,590736696389,19_11_2024,No,No,No,No,COMP_NO,No
11616,590736699539,19_11_2024,No,No,No,No,COMP_NO,No
11617,590736700098,19_11_2024,No,No,No,No,COMP_NO,No
11618,590736700618,19_11_2024,No,No,No,No,COMP_NO,No
11619,590736710374,19_11_2024,No,No,No,No,COMP_NO,No
11620,590736711786,19_11_2024,No,No,No,No,COMP_NO,No
11621,590736745778,19_11_2024,No,Yes,No,Yes,COMP_WT,Yes
11622,590736754590,19_11_2024,No,No,No,No,COMP_NO,No
11623,590736786386,19_11_2024,No,Yes,No,Yes,COMP_NO,No
11624,590736845699,19_11_2024,No,No,No,Yes,COMP_NO,No
11625,590736851054,19_11_2024,No,No,No,No,COMP_NO,No
11626,590736876479,19_11_2024,No,Yes,No,No,COMP_NO,No
11627,590736876674,19_11_2024,No,No,No,No,COMP_NO,No
11628,590736934968,19_11_2024,No,No,No,No,COMP_NO,No
11629,590736941149,19_11_2024,No,No,No,No,COMP_NO,No
11630,590736941837,19_11_2024,No,No,No,No,COMP_NO,No
11631,590736951691,19_11_2024,No,No,No,No,COMP_NO,No
11632,590736954403,19_11_2024,No,No,No,No,COMP_NO,No
11633,590736989767,19_11_2024,No,No,No,No,COMP_NO,No
11634,590736994255,19_11_2024,No,No,No,No,COMP_NO,No
11635,590737004923,19_11_2024,No,Yes,No,Yes,COMP_NO,No
11636,590737020398,19_11_2024,No,No,No,No,COMP_NO,No
11637,590737045403,19_11_2024,No,Yes,No,Yes,COMP_CH,Yes
11638,590737045982,19_11_2024,No,No,No,No,COMP_NO,No
11639,590737066659,19_11_2024,No,Yes,No,Yes,COMP_CH,Yes
11640,590737087908,19_11_2024,No,Yes,No,Yes,COMP_NO,No
11641,590737088666,19_11_2024,No,No,No,No,COMP_NO,No
11642,590737089305,19_11_2024,No,No,No,No,COMP_NO,No
11643,590737111634,19_11_2024,No,No,No,No,COMP_NO,No
11644,590737131913,19_11_2024,No,No,No,Yes,COMP_NO,No
11645,590737140704,19_11_2024,No,No,No,No,COMP_NO,No
11646,590737149371,19_11_2024,No,No,No,No,COMP_NO,No
11647,590737153664,19_11_2024,No,No,No,No,COMP_NO,No
11648,590737154719,19_11_2024,No,No,No,No,COMP_NO,No
11649,590737155698,19_11_2024,No,No,No,No,COMP_NO,No
11650,590737161588,19_11_2024,No,No,No,No,COMP_NO,No
11651,590737161980,19_11_2024,No,No,No,No,COMP_NO,No
11652,590737168137,19_11_2024,No,No,No,No,COMP_NO,No
11653,590737174263,19_11_2024,No,Yes,No,Yes,COMP_NO,No
11654,590737178259,19_11_2024,No,Yes,No,Yes,COMP_NO,No
11655,590737199266,19_11_2024,No,No,No,No,COMP_NO,No
11656,590737199433,19_11_2024,No,No,No,No,COMP_NO,No
11657,590737209747,19_11_2024,No,No,No,No,COMP_NO,No
11658,590737219706,19_11_2024,No,No,No,No,COMP_NO,No
11659,590737222063,19_11_2024,No,No,No,No,COMP_NO,No
11660,590737252795,19_11_2024,No,Yes,No,Yes,COMP_NO,No
11661,590737275233,19_11_2024,No,No,No,No,COMP_NO,No
11662,590737457006,20_11_2024,No,Yes,No,Yes,COMP_CO,Yes
11663,590737460504,20_11_2024,No,No,No,No,COMP_NO,No
11664,590737464733,20_11_2024,No,No,No,No,COMP_NO,No
11665,590737467613,20_11_2024,No,No,No,No,COMP_NO,No
11666,590737476867,20_11_2024,No,No,No,No,COMP_NO,No
11667,590737512791,20_11_2024,No,No,No,No,COMP_NO,No
11668,590737513952,20_11_2024,No,No,No,No,COMP_NO,No
11669,590737520551,20_11_2024,No,No,No,No,COMP_NO,No
11670,590737522225,20_11_2024,Yes,No,No,No,COMP_NO,Yes
11671,590737522826,20_11_2024,No,No,No,No,COMP_NO,No
11672,590737523406,20_11_2024,No,Yes,No,No,COMP_NO,No
11673,590737523446,20_11_2024,No,No,No,Yes,COMP_NO,No
11674,590737530191,20_11_2024,Yes,Yes,Yes,Yes,COMP_CO,Yes
11675,590737535874,20_11_2024,No,No,No,No,COMP_NO,No
11676,590737536197,20_11_2024,No,Yes,No,No,COMP_NO,No
11677,590737540973,20_11_2024,No,No,No,No,COMP_NO,No
11678,590737544337,20_11_2024,No,No,No,No,COMP_NO,No
11679,590737545054,20_11_2024,No,No,No,No,COMP_NO,No
11680,590737546990,20_11_2024,No,No,No,No,COMP_NO,No
11681,590913550742,20_11_2024,No,No,No,No,COMP_NO,No
11682,590913551788,20_11_2024,No,No,No,No,COMP_NO,No
11683,590913565805,20_11_2024,No,No,No,No,COMP_NO,No
11684,590913568722,20_11_2024,No,Yes,No,Yes,COMP_NO,No
11685,590913571548,20_11_2024,No,No,No,No,COMP_NO,No
11686,590913572421,20_11_2024,No,No,No,No,COMP_NO,No
11687,590913587411,20_11_2024,No,No,No,No,COMP_NO,No
11688,590913596424,20_11_2024,No,No,No,No,COMP_NO,No
11689,590913598295,20_11_2024,No,No,No,No,COMP_NO,No
11690,590913600503,20_11_2024,No,No,No,No,COMP_NO,No
11691,590913601340,20_11_2024,No,No,No,No,COMP_NO,No
11692,590913607993,20_11_2024,No,No,No,No,COMP_NO,No
11693,590913618378,20_11_2024,No,No,No,No,COMP_NO,No
11694,590913620956,20_11_2024,No,No,No,No,COMP_NO,No
11695,590913622000,20_11_2024,No,No,No,No,COMP_NO,No
11696,590913627265,20_11_2024,No,No,No,No,COMP_NO,No
11697,590913635538,20_11_2024,No,No,No,No,COMP_NO,No
11698,590913637988,20_11_2024,No,No,No,No,COMP_NO,No
11699,590913638054,20_11_2024,No,No,No,No,COMP_NO,No
11700,590913641514,20_11_2024,No,No,No,No,COMP_NO,No
11701,590913644968,20_11_2024,No,No,No,No,COMP_NO,No
11702,590913645058,20_11_2024,No,Yes,No,Yes,COMP_CO,Yes
11703,590913664490,20_11_2024,No,No,No,Yes,COMP_NO,No
11704,590913667674,20_11_2024,No,No,No,No,COMP_NO,No
11705,590913668799,20_11_2024,No,No,No,No,COMP_NO,No
11706,590913672642,20_11_2024,No,No,No,No,COMP_NO,No
11707,590913691719,20_11_2024,No,No,No,No,COMP_NO,No
11708,590913697224,20_11_2024,No,No,No,No,COMP_NO,No
11709,590913698554,20_11_2024,No,No,No,No,COMP_NO,No
11710,590913708342,20_11_2024,No,No,No,No,COMP_NO,No
11711,590913709212,20_11_2024,No,No,No,No,COMP_NO,No
11712,590913710172,20_11_2024,No,No,No,No,COMP_NO,No
11713,590913711433,20_11_2024,No,No,No,No,COMP_NO,No
11714,590913712846,20_11_2024,No,No,No,No,COMP_NO,No
11715,590913716996,20_11_2024,No,No,No,No,COMP_NO,No
11716,590913717238,20_11_2024,No,No,No,No,COMP_NO,No
11717,590913717340,20_11_2024,No,No,No,No,COMP_NO,No
11718,590913721983,20_11_2024,No,No,No,No,COMP_NO,No
11719,590913723023,20_11_2024,No,No,No,No,COMP_NO,No
11720,590913724829,20_11_2024,Yes,No,No,No,COMP_SA,Yes
11721,590913727659,20_11_2024,No,No,No,No,COMP_NO,No
11722,590913727723,20_11_2024,No,No,No,No,COMP_NO,No
11723,590913729523,20_11_2024,No,No,No,No,COMP_NO,No
11724,590913731777,20_11_2024,Yes,No,No,No,COMP_SA,Yes
11725,590913732146,20_11_2024,Yes,No,No,No,COMP_SA,Yes
11726,590913732521,20_11_2024,No,No,No,No,COMP_NO,No
11727,590913733666,20_11_2024,No,No,No,No,COMP_NO,No
11728,590913735301,20_11_2024,No,No,No,No,COMP_NO,No
11729,590913737263,20_11_2024,No,No,No,No,COMP_NO,No
11730,590913737548,20_11_2024,No,No,No,No,COMP_NO,No
11731,590913738102,20_11_2024,No,No,No,No,COMP_NO,No
11732,590913741179,20_11_2024,No,No,No,No,COMP_NO,No
11733,590913751187,20_11_2024,No,No,No,No,COMP_NO,No
11734,590913755249,20_11_2024,No,No,No,No,COMP_NO,No
11735,590913760998,20_11_2024,No,No,No,No,COMP_NO,No
11736,590913762318,20_11_2024,No,No,No,No,COMP_NO,No
11737,590913763567,20_11_2024,No,No,No,No,COMP_NO,No
11738,590913769810,20_11_2024,No,No,No,No,COMP_NO,No
11739,590913769969,20_11_2024,No,No,No,No,COMP_NO,No
11740,590913772672,20_11_2024,No,No,No,No,COMP_NO,No
11741,590913773378,20_11_2024,No,No,No,No,COMP_NO,No
11742,590913785052,20_11_2024,No,No,No,No,COMP_NO,No
11743,590913787965,20_11_2024,No,No,No,No,COMP_NO,No
11744,590913805169,20_11_2024,No,No,No,No,COMP_NO,No
11745,590913805333,20_11_2024,No,No,No,No,COMP_NO,No
11746,590913819660,20_11_2024,No,Yes,No,Yes,COMP_NO,No
11747,590913825861,20_11_2024,No,No,No,No,COMP_NO,No
11748,590913828287,20_11_2024,No,No,No,No,COMP_NO,No
11749,590913830139,20_11_2024,No,No,No,No,COMP_NO,No
11750,590913834337,20_11_2024,No,No,No,No,COMP_NO,No
11751,590913841318,20_11_2024,No,No,No,No,COMP_NO,No
11752,590913845602,20_11_2024,No,No,No,No,COMP_NO,No
11753,590913853054,20_11_2024,No,No,No,No,COMP_NO,No
11754,590913854152,20_11_2024,No,No,No,No,COMP_NO,No
11755,590913855758,20_11_2024,No,No,No,No,COMP_NO,No
11756,590913858066,20_11_2024,No,No,No,No,COMP_NO,No
11757,590913869923,20_11_2024,No,No,No,No,COMP_NO,No
11758,590913873292,20_11_2024,No,No,No,No,COMP_NO,No
11759,590913906576,20_11_2024,No,No,No,No,COMP_NO,No
11760,590913907145,20_11_2024,No,No,No,No,COMP_NO,No
11761,590913926298,20_11_2024,No,No,No,No,COMP_NO,No
11762,590913928354,20_11_2024,No,No,No,No,COMP_NO,No
11763,590913928878,20_11_2024,No,No,No,No,COMP_NO,No
11764,590913934499,20_11_2024,No,No,No,No,COMP_NO,No
11765,590913936068,20_11_2024,No,No,No,No,COMP_NO,No
11766,590913942800,20_11_2024,No,No,No,No,COMP_NO,No
11767,590913945714,20_11_2024,No,No,No,No,COMP_NO,No
11768,590913948888,20_11_2024,No,Yes,No,No,COMP_CH,Yes
11769,590913959785,20_11_2024,No,No,No,No,COMP_NO,No
11770,590913968271,20_11_2024,No,No,No,No,COMP_NO,No
11771,590913972099,20_11_2024,No,No,No,No,COMP_NO,No
11772,590913986138,20_11_2024,No,No,No,No,COMP_NO,No
11773,590913993801,20_11_2024,No,No,No,No,COMP_NO,No
11774,590913995691,20_11_2024,No,No,No,No,COMP_NO,No
11775,590913997387,20_11_2024,No,No,No,No,COMP_NO,No
11776,590914009370,20_11_2024,No,No,No,No,COMP_NO,No
11777,590914009411,20_11_2024,No,No,No,No,COMP_NO,No
11778,590914015499,20_11_2024,No,No,No,No,COMP_NO,No
11779,590914020352,20_11_2024,No,No,No,No,COMP_NO,No
11780,590914025057,20_11_2024,No,No,No,No,COMP_NO,No
11781,590914035205,20_11_2024,No,No,No,No,COMP_NO,No
11782,590914051831,20_11_2024,No,No,No,No,COMP_NO,No
11783,590914057424,20_11_2024,No,No,No,No,COMP_NO,No
11784,590914085286,20_11_2024,No,No,No,No,COMP_NO,No
11785,590914093865,20_11_2024,No,Yes,No,Yes,COMP_NO,No
11786,590914122960,20_11_2024,No,No,No,No,COMP_NO,No
11787,590914124949,20_11_2024,No,No,No,No,COMP_NO,No
11788,590914128543,20_11_2024,No,No,No,No,COMP_NO,No
11789,590914146411,20_11_2024,No,No,No,No,COMP_NO,No
11790,590914146471,20_11_2024,No,No,No,No,COMP_NO,No
11791,590914429405,21_11_2024,No,No,No,No,COMP_NO,No
11792,590914435630,21_11_2024,No,No,No,No,COMP_NO,No
11793,590914436043,21_11_2024,No,No,No,No,COMP_NO,No
11794,590914449296,21_11_2024,No,No,No,No,COMP_NO,No
11795,590914454706,21_11_2024,No,No,No,No,COMP_NO,No
11796,590914459977,21_11_2024,No,No,No,No,COMP_NO,No
11797,590914471108,21_11_2024,No,No,No,No,COMP_NO,No
11798,590914491896,21_11_2024,No,No,No,No,COMP_NO,No
11799,590914492231,21_11_2024,No,No,No,No,COMP_NO,No
11800,590914495244,21_11_2024,No,No,No,No,COMP_NO,No
11801,590914513140,21_11_2024,No,No,No,No,COMP_NO,No
11802,590914515348,21_11_2024,No,No,No,No,COMP_NO,No
11803,590914535243,21_11_2024,No,No,No,No,COMP_NO,Yes
11804,590914539164,21_11_2024,No,No,No,No,COMP_NO,No
11805,590914541503,21_11_2024,No,No,No,No,COMP_NO,No
11806,590914563899,21_11_2024,No,No,No,No,COMP_NO,No
11807,590914593391,21_11_2024,No,No,No,No,COMP_NO,No
11808,590914617410,21_11_2024,No,No,No,No,COMP_NO,No
11809,590914743726,21_11_2024,Yes,No,No,No,COMP_NO,Yes
11810,590914765131,21_11_2024,No,No,No,No,COMP_NO,No
11811,590914768119,21_11_2024,No,No,No,No,COMP_NO,No
11812,589928962338,06_11_2024,No,No,No,No,COMP_NO,No
11813,590064808140,07_11_2024,No,Yes,No,Yes,COMP_AM,Yes
11814,590065058265,07_11_2024,No,Yes,No,No,COMP_CO,Yes
11815,590065060732,07_11_2024,No,No,No,No,COMP_NO,No
11816,590065190760,07_11_2024,No,No,No,No,COMP_NO,No
11817,590065249676,07_11_2024,No,No,No,No,COMP_NO,No
11818,590065272371,07_11_2024,No,Yes,No,No,COMP_NO,No
11819,590065342518,07_11_2024,No,No,No,No,COMP_NO,No
11820,590065573018,08_11_2024,No,No,No,No,COMP_NO,No
11821,590065716218,08_11_2024,No,No,No,No,COMP_NO,No
11822,590065717539,08_11_2024,No,No,No,No,COMP_NO,No
11823,590065793082,08_11_2024,No,No,No,No,COMP_NO,No
11824,590065798557,08_11_2024,No,No,No,No,COMP_NO,No
11825,590065919833,08_11_2024,No,Yes,No,No,COMP_IN,Yes
11826,590065964936,08_11_2024,No,No,No,No,COMP_NO,No
11827,590066106404,08_11_2024,No,No,No,No,COMP_NO,No
11828,590066129504,08_11_2024,No,No,No,No,COMP_NO,No
11829,590066163519,08_11_2024,No,No,No,No,COMP_NO,No
11830,590248183131,11_11_2024,No,No,No,No,COMP_NO,No
11831,590248183134,11_11_2024,No,No,No,No,COMP_NO,No
11832,590248187797,11_11_2024,No,No,No,No,COMP_NO,No
11833,590248210975,11_11_2024,No,No,No,No,COMP_NO,No
11834,590248251104,11_11_2024,No,No,No,No,COMP_NO,No
11835,590248263043,11_11_2024,No,No,No,No,COMP_NO,No
11836,590248293872,11_11_2024,No,Yes,No,Yes,COMP_NO,No
11837,590248317480,11_11_2024,No,No,No,Yes,COMP_NO,No
11838,590248353851,11_11_2024,No,No,No,Yes,COMP_NO,No
11839,590248359646,11_11_2024,No,No,No,No,COMP_NO,No
11840,590248376903,11_11_2024,No,No,No,No,COMP_NO,No
11841,590248410650,11_11_2024,No,No,No,No,COMP_NO,No
11842,590248411644,11_11_2024,No,No,No,No,COMP_NO,No
11843,590248413912,11_11_2024,No,No,No,No,COMP_NO,No
11844,590248436266,11_11_2024,No,No,No,No,COMP_NO,No
11845,590248437668,11_11_2024,No,Yes,No,No,COMP_CH,Yes
11846,590248463150,11_11_2024,No,No,No,No,COMP_NO,No
11847,590248466593,11_11_2024,No,No,No,No,COMP_NO,No
11848,590248467563,11_11_2024,No,No,No,No,COMP_NO,No
11849,590248492385,11_11_2024,No,No,No,No,COMP_NO,No
11850,590248507149,11_11_2024,Yes,Yes,Yes,Yes,COMP_SA,Yes
11851,590248544052,11_11_2024,No,No,No,No,COMP_NO,No
11852,590248544865,11_11_2024,No,No,No,No,COMP_NO,No
11853,590248550261,11_11_2024,No,No,No,Yes,COMP_NO,No
11854,590248573589,11_11_2024,No,No,No,No,COMP_NO,No
11855,590248636329,11_11_2024,No,No,No,No,COMP_NO,No
11856,590248637514,11_11_2024,No,No,No,No,COMP_NO,No
11857,590248639011,11_11_2024,No,No,No,No,COMP_NO,No
11858,590248640980,11_11_2024,No,No,No,No,COMP_NO,No
11859,590248645594,11_11_2024,No,Yes,No,Yes,COMP_NO,No
11860,590248671978,11_11_2024,No,Yes,No,Yes,COMP_NO,No
11861,590248729555,11_11_2024,No,No,No,No,COMP_NO,No
11862,590248763934,11_11_2024,No,No,No,No,COMP_NO,No
11863,590248769731,11_11_2024,No,No,No,No,COMP_NO,No
11864,590248787636,11_11_2024,No,No,No,No,COMP_NO,No
11865,590248823821,11_11_2024,No,No,No,No,COMP_NO,No
11866,590248825442,11_11_2024,No,No,No,No,COMP_NO,No
11867,590248826136,11_11_2024,No,No,No,No,COMP_NO,No
11868,590248901673,11_11_2024,No,No,No,No,COMP_NO,No
11869,590248914916,11_11_2024,No,No,No,No,COMP_NO,No
11870,590249183099,12_11_2024,No,No,No,No,COMP_NO,No
11871,590249201236,12_11_2024,No,No,No,No,COMP_NO,No
11872,590249226740,12_11_2024,No,No,No,No,COMP_NO,No
11873,590249231149,12_11_2024,No,No,No,No,COMP_NO,No
11874,590558129999,15_11_2024,No,Yes,No,Yes,COMP_CH,Yes
11875,590558133254,15_11_2024,No,No,No,No,COMP_NO,No
11876,590558135542,15_11_2024,Yes,No,No,No,COMP_SA,Yes
11877,590558135720,15_11_2024,No,No,No,No,COMP_NO,No
11878,590736282003,18_11_2024,No,Yes,No,Yes,COMP_NO,No
11879,590736515197,19_11_2024,No,No,No,No,COMP_NO,No
11880,590736582778,19_11_2024,No,No,No,No,COMP_NO,No
11881,590736727613,19_11_2024,No,Yes,No,No,COMP_CH,Yes
11882,590736728883,19_11_2024,No,No,No,No,COMP_NO,No
11883,590736847827,19_11_2024,No,Yes,No,No,COMP_CO,Yes
11884,590736858257,19_11_2024,No,No,No,No,COMP_NO,No
11885,590736858588,19_11_2024,No,Yes,No,Yes,COMP_NO,No
11886,590737075202,19_11_2024,No,No,No,No,COMP_CO,Yes
11887,590737076653,19_11_2024,No,No,No,No,COMP_NO,No
11888,590737178706,19_11_2024,No,No,No,No,COMP_NO,No
11889,590737229181,19_11_2024,No,Yes,No,Yes,COMP_SM,Yes
11890,590737478133,20_11_2024,No,No,No,No,COMP_NO,No
11891,590737478313,20_11_2024,No,No,No,No,COMP_NO,No
11892,590913572260,20_11_2024,No,No,No,No,COMP_NO,No
11893,590913573311,20_11_2024,No,No,No,No,COMP_NO,No
11894,590913573792,20_11_2024,No,No,No,No,COMP_NO,No
11895,590913574654,20_11_2024,No,No,No,No,COMP_NO,No
11896,590913578941,20_11_2024,No,Yes,No,No,COMP_NO,No
11897,590913646526,20_11_2024,No,No,No,No,COMP_NO,No
11898,590913657294,20_11_2024,No,No,No,No,COMP_NO,No
11899,590913673499,20_11_2024,No,No,No,No,COMP_NO,No
11900,590913677776,20_11_2024,No,Yes,No,No,COMP_CH,Yes
11901,590913702464,20_11_2024,No,No,No,No,COMP_NO,No
11902,590913742707,20_11_2024,No,Yes,No,Yes,COMP_NO,No
11903,590913743850,20_11_2024,No,No,No,No,COMP_NO,No
11904,590913765294,20_11_2024,No,Yes,No,Yes,COMP_NO,No
11905,590913766696,20_11_2024,No,No,No,No,COMP_NO,No
11906,590913777780,20_11_2024,No,No,No,No,COMP_NO,No
11907,590913781042,20_11_2024,No,No,No,No,COMP_NO,No
11908,590913783224,20_11_2024,No,No,No,No,COMP_NO,No
11909,590913793915,20_11_2024,No,No,No,No,COMP_NO,No
11910,590913797954,20_11_2024,No,Yes,No,Yes,COMP_NO,No
11911,590913799321,20_11_2024,No,No,No,No,COMP_NO,No
11912,590913810326,20_11_2024,No,No,No,No,COMP_NO,No
11913,590913812504,20_11_2024,No,No,No,No,COMP_NO,No
11914,590913831967,20_11_2024,No,No,No,No,COMP_NO,No
11915,590913849678,20_11_2024,No,Yes,No,Yes,COMP_NO,No
11916,590913850863,20_11_2024,No,No,No,No,COMP_NO,No
11917,590913865790,20_11_2024,No,No,No,No,COMP_NO,No
11918,590913874442,20_11_2024,No,No,No,No,COMP_NO,No
11919,590913875060,20_11_2024,No,No,No,No,COMP_NO,No
11920,590913887545,20_11_2024,No,No,No,No,COMP_NO,No
11921,590913929036,20_11_2024,No,No,No,No,COMP_NO,No
11922,590913931391,20_11_2024,No,No,No,No,COMP_NO,No
11923,590913953563,20_11_2024,No,No,No,No,COMP_NO,No
11924,590913954747,20_11_2024,No,No,No,No,COMP_NO,No
11925,590913972546,20_11_2024,No,No,No,No,COMP_NO,No
11926,590914001546,20_11_2024,No,No,No,No,COMP_NO,No
11927,590914006126,20_11_2024,No,No,No,No,COMP_NO,No
11928,590914020933,20_11_2024,No,Yes,No,Yes,COMP_NO,No
11929,590914021936,20_11_2024,No,No,No,No,COMP_NO,No
11930,590914042055,20_11_2024,No,Yes,No,Yes,COMP_NO,No
11931,590914044609,20_11_2024,No,No,No,No,COMP_NO,No
11932,590914044939,20_11_2024,No,No,No,No,COMP_NO,No
11933,590914048919,20_11_2024,No,No,No,No,COMP_NO,No
11934,590914060514,20_11_2024,No,No,No,No,COMP_NO,No
11935,590914064004,20_11_2024,No,Yes,No,Yes,COMP_NO,No
11936,590914094559,20_11_2024,No,No,No,No,COMP_NO,No
11937,590914104691,20_11_2024,No,No,No,No,COMP_NO,No
11938,590914107954,20_11_2024,No,No,No,No,COMP_NO,No
11939,590914113138,20_11_2024,No,No,No,No,COMP_NO,No
11940,590914114761,20_11_2024,No,No,No,No,COMP_NO,No
11941,590914119347,20_11_2024,No,No,No,No,COMP_NO,No
11942,590914129117,20_11_2024,No,No,No,No,COMP_NO,No
11943,590914129493,20_11_2024,No,No,No,No,COMP_NO,No
11944,590914137002,20_11_2024,No,Yes,No,Yes,COMP_NO,No
11945,590914158241,20_11_2024,No,No,No,No,COMP_NO,No
11946,590914163947,20_11_2024,No,No,No,No,COMP_NO,No
11947,590914169427,20_11_2024,No,No,No,No,COMP_NO,No
11948,590914449489,21_11_2024,No,No,No,No,COMP_NO,No
11949,590914450372,21_11_2024,No,No,No,No,COMP_NO,No
11950,590914462175,21_11_2024,No,No,No,No,COMP_NO,No
11951,590914466596,21_11_2024,No,No,No,No,COMP_NO,No
11952,590914468001,21_11_2024,No,No,No,No,COMP_NO,No
11953,590914469121,21_11_2024,No,No,No,No,COMP_NO,No
11954,590914496568,21_11_2024,No,Yes,No,Yes,COMP_CO,Yes
11955,590914498665,21_11_2024,No,No,No,No,COMP_NO,No
11956,590914519284,21_11_2024,No,No,No,No,COMP_NO,No
11957,590914520374,21_11_2024,No,No,No,No,COMP_NO,No
11958,590914524961,21_11_2024,No,No,No,No,COMP_NO,No
11959,590914542583,21_11_2024,No,No,No,No,COMP_NO,No
11960,590914542784,21_11_2024,No,No,No,No,COMP_NO,No
11961,590914544366,21_11_2024,No,No,No,No,COMP_NO,No
11962,590914545772,21_11_2024,No,No,No,No,COMP_NO,No
11963,590914550533,21_11_2024,No,No,No,No,COMP_NO,No
11964,590914565703,21_11_2024,No,No,No,No,COMP_NO,No
11965,590914573698,21_11_2024,No,No,No,No,COMP_NO,No
11966,590914582360,21_11_2024,No,No,No,No,COMP_NO,No
11967,590914586119,21_11_2024,No,No,No,No,COMP_NO,No
11968,590914587974,21_11_2024,No,No,No,No,COMP_NO,No
11969,590914595581,21_11_2024,No,Yes,No,Yes,COMP_AL,Yes
11970,590914620711,21_11_2024,No,No,No,No,COMP_NO,No
11971,590914620899,21_11_2024,No,Yes,No,Yes,COMP_NO,No
11972,590914625826,21_11_2024,Yes,Yes,No,Yes,COMP_NO,Yes
11973,590914640203,21_11_2024,No,No,No,No,COMP_NO,No
11974,590914640754,21_11_2024,Yes,Yes,No,Yes,COMP_CH,Yes
11975,590914660758,21_11_2024,No,Yes,No,Yes,COMP_CO,Yes
11976,590914662712,21_11_2024,No,No,No,No,COMP_NO,No
11977,590914665450,21_11_2024,No,No,No,No,COMP_NO,No
11978,590914668298,21_11_2024,No,No,No,No,COMP_NO,No
11979,590914691113,21_11_2024,No,No,No,No,COMP_NO,No
11980,590914693156,21_11_2024,No,No,No,No,COMP_NO,No
11981,590914706170,21_11_2024,No,No,No,No,COMP_NO,No
11982,590914708260,21_11_2024,No,No,No,No,COMP_NO,No
11983,590914710953,21_11_2024,No,No,No,No,COMP_NO,No
11984,590914712356,21_11_2024,No,No,No,No,COMP_NO,No
11985,590914723926,21_11_2024,No,No,No,No,COMP_NO,No
11986,590914725601,21_11_2024,No,No,No,No,COMP_NO,No
11987,590914732755,21_11_2024,No,No,No,No,COMP_NO,No
11988,590914749145,21_11_2024,No,No,No,No,COMP_NO,No
11989,590914749625,21_11_2024,No,Yes,No,Yes,COMP_NO,No
11990,590914751564,21_11_2024,No,No,No,No,COMP_NO,No
11991,590914777430,21_11_2024,No,No,No,No,COMP_NO,No
11992,590914778848,21_11_2024,Yes,No,No,No,COMP_NO,Yes
11993,590914784214,21_11_2024,Yes,Yes,No,Yes,COMP_SM,Yes
11994,590914789003,21_11_2024,No,No,No,No,COMP_NO,No
11995,590914799725,21_11_2024,No,No,No,No,COMP_NO,No
11996,590914800092,21_11_2024,No,No,No,No,COMP_NO,No
11997,590914800501,21_11_2024,No,No,No,No,COMP_NO,No
11998,590914814018,21_11_2024,No,No,No,No,COMP_NO,No
11999,590914815150,21_11_2024,No,No,No,No,COMP_NO,No
12000,590914815702,21_11_2024,No,No,No,No,COMP_NO,No
12001,590914816550,21_11_2024,No,No,No,No,COMP_NO,No
12002,590914819785,21_11_2024,No,Yes,No,No,COMP_NO,Yes
12003,590914824201,21_11_2024,No,No,No,No,COMP_NO,No
12004,590914825418,21_11_2024,No,No,No,No,COMP_CH,Yes
12005,590914833655,21_11_2024,No,Yes,No,No,COMP_SM,Yes
12006,590914860003,21_11_2024,No,Yes,No,No,COMP_CH,Yes
12007,590914936567,21_11_2024,No,No,No,No,COMP_NO,No
12008,590914940106,21_11_2024,No,No,No,No,COMP_NO,No
12009,590914945247,21_11_2024,No,No,No,No,COMP_NO,No
12010,590914969828,21_11_2024,No,No,No,No,COMP_NO,No
12011,590914973955,21_11_2024,No,No,No,No,COMP_NO,No
12012,590914982485,21_11_2024,No,No,No,No,COMP_NO,No
12013,590915002861,21_11_2024,No,No,No,No,COMP_NO,No
12014,590915027504,21_11_2024,No,Yes,No,Yes,COMP_CH,Yes
12015,590915028253,21_11_2024,No,No,No,No,COMP_NO,No
12016,590915036293,21_11_2024,No,No,No,No,COMP_NO,No
12017,590915056022,21_11_2024,No,No,No,No,COMP_NO,No
12018,590915110304,21_11_2024,No,No,No,No,COMP_NO,No
12019,590915333803,22_11_2024,No,No,No,No,COMP_NO,No
12020,590915333861,22_11_2024,No,No,No,No,COMP_NO,No
12021,590915355017,22_11_2024,No,No,No,No,COMP_NO,No
12022,590915392121,22_11_2024,No,No,No,No,COMP_NO,No
12023,590915418916,22_11_2024,No,No,No,No,COMP_NO,No
12024,590915437170,22_11_2024,No,No,No,No,COMP_NO,No
12025,590915466479,22_11_2024,No,No,No,No,COMP_NO,No
12026,590915492649,22_11_2024,No,No,No,No,COMP_NO,No
12027,590915495134,22_11_2024,No,No,No,No,COMP_NO,No
12028,590064808400,07_11_2024,No,No,No,No,COMP_NO,No
12029,590064813686,07_11_2024,No,No,No,No,COMP_NO,No
12030,590064819802,07_11_2024,No,No,No,No,COMP_NO,No
12031,590064821453,07_11_2024,No,No,No,No,COMP_NO,No
12032,590065061524,07_11_2024,No,No,No,No,COMP_NO,No
12033,590065196246,07_11_2024,No,No,No,No,COMP_NO,No
12034,590065216183,07_11_2024,No,No,No,No,COMP_NO,No
12035,590065226797,07_11_2024,No,No,No,No,COMP_NO,No
12036,590065273399,07_11_2024,No,No,No,No,COMP_NO,No
12037,590065577160,08_11_2024,No,No,No,No,COMP_NO,No
12038,590065585710,08_11_2024,No,No,No,No,COMP_NO,No
12039,590065586951,08_11_2024,No,No,No,No,COMP_NO,No
12040,590065587188,08_11_2024,No,No,No,No,COMP_NO,No
12041,590065587478,08_11_2024,No,No,No,No,COMP_NO,No
12042,590065641087,08_11_2024,No,No,No,No,COMP_NO,No
12043,590065641659,08_11_2024,No,No,No,No,COMP_NO,No
12044,590065646277,08_11_2024,No,No,No,No,COMP_NO,No
12045,590065720147,08_11_2024,No,No,No,No,COMP_NO,No
12046,590065738724,08_11_2024,No,No,No,No,COMP_NO,No
12047,590065739648,08_11_2024,No,No,No,No,COMP_NO,No
12048,590065741009,08_11_2024,No,No,No,No,COMP_NO,No
12049,590065801212,08_11_2024,No,No,No,No,COMP_NO,No
12050,590065938379,08_11_2024,No,No,No,No,COMP_NO,No
12051,590065968100,08_11_2024,No,No,No,No,COMP_NO,No
12052,590065982194,08_11_2024,No,No,No,No,COMP_NO,No
12053,590066129654,08_11_2024,No,No,No,No,COMP_NO,No
12054,590066163547,08_11_2024,No,No,No,No,COMP_NO,No
12055,590248189896,11_11_2024,No,No,No,No,COMP_NO,No
12056,590248197147,11_11_2024,No,No,No,No,COMP_NO,No
12057,590248264814,11_11_2024,No,No,No,No,COMP_NO,No
12058,590248275821,11_11_2024,No,No,No,No,COMP_NO,No
12059,590248299727,11_11_2024,No,No,No,No,COMP_NO,No
12060,590248303830,11_11_2024,No,No,No,No,COMP_NO,No
12061,590248312669,11_11_2024,No,No,No,No,COMP_NO,No
12062,590248314743,11_11_2024,No,No,No,No,COMP_NO,No
12063,590248324524,11_11_2024,No,No,No,No,COMP_NO,No
12064,590248329911,11_11_2024,No,No,No,No,COMP_NO,No
12065,590248363431,11_11_2024,Yes,No,No,No,COMP_SA,Yes
12066,590248365721,11_11_2024,No,No,No,No,COMP_NO,No
12067,590248367677,11_11_2024,No,No,No,No,COMP_NO,No
12068,590248377548,11_11_2024,Yes,Yes,No,No,COMP_SA,Yes
12069,590248418292,11_11_2024,No,No,No,No,COMP_NO,No
12070,590248420043,11_11_2024,No,No,No,No,COMP_NO,No
12071,590248447247,11_11_2024,No,No,No,No,COMP_NO,No
12072,590248449139,11_11_2024,No,No,No,No,COMP_NO,No
12073,590248477604,11_11_2024,No,No,No,No,COMP_NO,No
12074,590248479532,11_11_2024,No,No,No,No,COMP_NO,No
12075,590248494927,11_11_2024,No,No,No,No,COMP_NO,No
12076,590248495196,11_11_2024,No,No,No,No,COMP_NO,No
12077,590248497234,11_11_2024,No,No,No,No,COMP_NO,No
12078,590248516865,11_11_2024,Yes,No,No,No,COMP_NO,Yes
12079,590248519089,11_11_2024,No,No,No,No,COMP_NO,No
12080,590248546150,11_11_2024,Yes,Yes,No,Yes,COMP_AR,Yes
12081,590248548492,11_11_2024,No,No,No,No,COMP_NO,No
12082,590248551557,11_11_2024,No,No,No,No,COMP_NO,No
12083,590248574369,11_11_2024,No,Yes,No,Yes,COMP_NO,No
12084,590248596897,11_11_2024,No,Yes,No,No,COMP_CH,Yes
12085,590248597069,11_11_2024,No,No,No,No,COMP_NO,No
12086,590248644184,11_11_2024,No,No,No,No,COMP_NO,No
12087,590248648782,11_11_2024,No,No,No,No,COMP_NO,No
12088,590248652331,11_11_2024,No,No,No,No,COMP_NO,No
12089,590248672627,11_11_2024,No,No,No,No,COMP_NO,No
12090,590248705684,11_11_2024,No,No,No,No,COMP_NO,No
12091,590248709167,11_11_2024,No,No,No,No,COMP_NO,No
12092,590248713297,11_11_2024,No,Yes,No,No,COMP_CH,Yes
12093,590248720684,11_11_2024,No,Yes,No,Yes,COMP_NO,No
12094,590248721608,11_11_2024,No,No,No,No,COMP_NO,No
12095,590248726425,11_11_2024,No,No,No,No,COMP_NO,No
12096,590248727753,11_11_2024,No,No,No,No,COMP_NO,No
12097,590248787699,11_11_2024,No,No,No,No,COMP_NO,No
12098,590248804422,11_11_2024,No,No,No,No,COMP_NO,No
12099,590248808398,11_11_2024,No,No,No,No,COMP_NO,No
12100,590248828959,11_11_2024,No,No,No,No,COMP_NO,No
12101,590248828995,11_11_2024,No,No,No,No,COMP_NO,No
12102,590248847432,11_11_2024,No,No,No,No,COMP_NO,No
12103,590248850874,11_11_2024,No,No,No,No,COMP_NO,No
12104,590248857977,11_11_2024,No,No,No,No,COMP_NO,No
12105,590248882823,11_11_2024,No,No,No,No,COMP_NO,No
12106,590248903289,11_11_2024,No,Yes,No,Yes,COMP_NO,Yes
12107,590248926691,11_11_2024,No,Yes,No,Yes,COMP_NO,No
12108,590248927644,11_11_2024,No,No,No,No,COMP_NO,No
12109,590248960437,11_11_2024,No,Yes,No,Yes,COMP_NO,No
12110,590248967357,11_11_2024,No,Yes,No,No,COMP_NO,No
12111,590249187297,12_11_2024,No,No,No,No,COMP_NO,No
12112,590249189855,12_11_2024,No,No,No,No,COMP_NO,No
12113,590249204899,12_11_2024,No,No,No,No,COMP_NO,No
12114,590249207674,12_11_2024,No,No,No,No,COMP_NO,No
12115,590249210404,12_11_2024,No,No,No,No,COMP_NO,No
12116,590249226917,12_11_2024,No,No,No,No,COMP_NO,No
12117,590249236896,12_11_2024,No,Yes,No,No,COMP_NO,No
12118,590249252852,12_11_2024,No,No,No,No,COMP_NO,No
12119,590249261616,12_11_2024,No,No,No,No,COMP_NO,No
12120,590249280323,12_11_2024,No,No,No,No,COMP_NO,No
12121,590249289744,12_11_2024,No,No,No,No,COMP_NO,No
12122,590249292311,12_11_2024,No,No,No,No,COMP_NO,No
12123,590249294197,12_11_2024,No,No,No,No,COMP_NO,No
12124,590249296035,12_11_2024,No,No,No,No,COMP_NO,No
12125,590249301185,12_11_2024,No,No,No,No,COMP_NO,No
12126,590249303270,12_11_2024,No,No,No,No,COMP_NO,No
12127,590249314783,12_11_2024,No,No,No,No,COMP_NO,No
12128,590249334116,12_11_2024,No,No,No,No,COMP_NO,No
12129,590249343294,12_11_2024,No,No,No,No,COMP_NO,No
12130,590249344461,12_11_2024,No,No,No,No,COMP_NO,No
12131,590249347788,12_11_2024,No,No,No,No,COMP_NO,No
12132,590249374643,12_11_2024,No,No,No,No,COMP_NO,No
12133,590249419501,12_11_2024,No,No,No,No,COMP_NO,No
12134,590249432196,12_11_2024,Yes,No,No,No,COMP_NO,Yes
12135,590249433110,12_11_2024,No,No,No,No,COMP_NO,No
12136,590558141481,15_11_2024,No,No,No,No,COMP_NO,No
12137,590558146674,15_11_2024,No,No,No,No,COMP_NO,No
12138,590737438940,20_11_2024,No,Yes,No,Yes,COMP_CH,Yes
12139,590737448523,20_11_2024,No,No,No,No,COMP_NO,No
12140,590737448987,20_11_2024,No,No,No,No,COMP_NO,No
12141,590913596848,20_11_2024,No,Yes,No,Yes,COMP_AL,Yes
12142,590913783378,20_11_2024,No,Yes,No,Yes,COMP_NO,No
12143,590913784181,20_11_2024,No,No,No,No,COMP_NO,No
12144,590913932123,20_11_2024,No,Yes,No,Yes,COMP_NO,No
12145,590913978281,20_11_2024,No,Yes,No,Yes,COMP_GA,Yes
12146,590914027547,20_11_2024,No,No,No,No,COMP_NO,No
12147,590914027644,20_11_2024,No,No,No,No,COMP_NO,No
12148,590914028270,20_11_2024,No,No,No,No,COMP_NO,No
12149,590914069468,20_11_2024,No,No,No,No,COMP_NO,No
12150,590914075633,20_11_2024,No,No,No,No,COMP_NO,No
12151,590914138533,20_11_2024,No,No,No,No,COMP_NO,No
12152,590914144242,20_11_2024,No,No,No,No,COMP_NO,No
12153,590914169498,20_11_2024,Yes,Yes,No,No,COMP_CO,Yes
12154,590914171529,20_11_2024,No,No,No,No,COMP_NO,No
12155,590914469723,21_11_2024,No,No,No,No,COMP_NO,No
12156,590914502573,21_11_2024,No,No,No,No,COMP_NO,No
12157,590914504867,21_11_2024,No,No,No,No,COMP_NO,No
12158,590914509654,21_11_2024,No,No,No,No,COMP_NO,No
12159,590914525048,21_11_2024,No,No,No,No,COMP_NO,No
12160,590914531344,21_11_2024,No,No,No,No,COMP_NO,No
12161,590914596083,21_11_2024,No,Yes,No,Yes,COMP_CH,Yes
12162,590914630079,21_11_2024,No,No,No,No,COMP_NO,No
12163,590914636626,21_11_2024,Yes,Yes,No,Yes,COMP_AC,Yes
12164,590914669226,21_11_2024,No,No,No,No,COMP_NO,No
12165,590914687742,21_11_2024,No,No,No,No,COMP_NO,No
12166,590914698147,21_11_2024,No,Yes,No,Yes,COMP_SM,Yes
12167,590914720797,21_11_2024,No,No,No,No,COMP_NO,No
12168,590914755502,21_11_2024,No,No,No,No,COMP_NO,No
12169,590914789037,21_11_2024,No,No,No,No,COMP_NO,No
12170,590914791664,21_11_2024,No,No,No,No,COMP_NO,No
12171,590914822636,21_11_2024,No,No,No,No,COMP_NO,No
12172,590914825778,21_11_2024,No,No,No,No,COMP_NO,No
12173,590914826641,21_11_2024,No,No,No,No,COMP_NO,No
12174,590914827696,21_11_2024,No,No,No,No,COMP_NO,No
12175,590914834195,21_11_2024,No,No,No,No,COMP_NO,No
12176,590914838908,21_11_2024,No,Yes,No,Yes,COMP_CH,Yes
12177,590914887950,21_11_2024,No,No,No,No,COMP_NO,No
12178,590914891941,21_11_2024,No,No,No,No,COMP_NO,No
12179,590914896691,21_11_2024,Yes,No,No,No,COMP_SA,Yes
12180,590914903745,21_11_2024,No,No,No,No,COMP_NO,No
12181,590914906773,21_11_2024,No,No,No,No,COMP_NO,No
12182,590914922325,21_11_2024,No,No,No,No,COMP_NO,No
12183,590914926944,21_11_2024,No,No,No,No,COMP_NO,No
12184,590914928749,21_11_2024,No,No,No,No,COMP_NO,No
12185,590914954546,21_11_2024,No,No,No,No,COMP_NO,No
12186,590914954897,21_11_2024,No,No,No,No,COMP_NO,No
12187,590914975787,21_11_2024,No,No,No,No,COMP_NO,No
12188,590914975991,21_11_2024,No,No,No,No,COMP_NO,No
12189,590914982448,21_11_2024,No,No,No,No,COMP_NO,No
12190,590914987627,21_11_2024,No,No,No,No,COMP_NO,No
12191,590914998041,21_11_2024,No,No,No,No,COMP_NO,No
12192,590915006109,21_11_2024,No,No,No,No,COMP_NO,No
12193,590915037934,21_11_2024,No,No,No,No,COMP_NO,No
12194,590915056058,21_11_2024,No,No,No,No,COMP_NO,No
12195,590915334292,22_11_2024,No,No,No,No,COMP_NO,No
12196,590915334944,22_11_2024,No,No,No,No,COMP_NO,No
12197,590915340792,22_11_2024,No,Yes,No,Yes,COMP_CH,Yes
12198,590915344413,22_11_2024,No,No,No,No,COMP_NO,No
12199,590915345212,22_11_2024,No,No,No,No,COMP_NO,No
12200,590915359968,22_11_2024,No,No,No,No,COMP_NO,No
12201,590915362601,22_11_2024,No,No,No,No,COMP_NO,No
12202,590915362743,22_11_2024,No,No,No,No,COMP_NO,No
12203,590915368982,22_11_2024,No,No,No,No,COMP_NO,No
12204,590915396290,22_11_2024,No,No,No,No,COMP_NO,No
12205,590915399019,22_11_2024,No,No,No,No,COMP_NO,No
12206,590915438263,22_11_2024,No,No,No,No,COMP_NO,No
12207,590915442232,22_11_2024,No,No,No,No,COMP_NO,No
12208,590915467545,22_11_2024,No,Yes,No,Yes,COMP_NO,No
12209,590915468579,22_11_2024,No,No,No,No,COMP_NO,No
12210,590915502349,22_11_2024,No,No,No,No,COMP_NO,No
12211,590915520515,22_11_2024,No,No,No,No,COMP_NO,No
12212,590915520948,22_11_2024,No,No,No,No,COMP_NO,No
12213,590915523364,22_11_2024,No,No,No,No,COMP_NO,No
12214,590915541107,22_11_2024,No,No,No,No,COMP_NO,No
12215,590915542418,22_11_2024,No,No,No,No,COMP_NO,No
12216,591085573953,22_11_2024,No,No,No,No,COMP_NO,No
12217,591085582645,22_11_2024,No,No,No,No,COMP_NO,No
12218,591085600343,22_11_2024,No,No,No,No,COMP_NO,No
12219,591085609748,22_11_2024,No,No,No,No,COMP_NO,No
12220,591085634874,22_11_2024,No,No,No,No,COMP_NO,No
12221,591085636231,22_11_2024,No,No,No,No,COMP_NO,No
12222,591085693491,22_11_2024,No,No,No,No,COMP_NO,No
12223,591085695591,22_11_2024,No,No,No,No,COMP_NO,No
12224,591085701582,22_11_2024,No,No,No,No,COMP_NO,No
12225,591085702054,22_11_2024,No,No,No,No,COMP_NO,No
12226,591085742963,22_11_2024,No,No,No,No,COMP_NO,No
12227,591085743544,22_11_2024,No,No,No,No,COMP_NO,No
12228,591085752657,22_11_2024,No,No,No,No,COMP_NO,No
12229,591085772248,22_11_2024,No,No,No,No,COMP_NO,No
12230,591085792044,22_11_2024,No,No,No,No,COMP_NO,No
12231,591085799913,22_11_2024,No,No,No,No,COMP_NO,No
12232,591085890533,22_11_2024,No,No,No,No,COMP_NO,No
12233,590064821499,07_11_2024,No,Yes,No,Yes,COMP_CO,Yes
12234,590064884332,07_11_2024,Yes,Yes,No,Yes,COMP_PE,Yes
12235,590064892460,07_11_2024,No,No,No,No,COMP_NO,No
12236,590064898424,07_11_2024,No,No,No,No,COMP_NO,No
12237,590065366665,07_11_2024,Yes,Yes,No,No,COMP_CH,Yes
12238,590065647617,08_11_2024,No,No,No,No,COMP_NO,No
12239,590065725725,08_11_2024,No,No,No,No,COMP_NO,No
12240,590065746464,08_11_2024,No,No,No,No,COMP_NO,No
12241,590065939931,08_11_2024,No,No,No,No,COMP_NO,No
12242,590065986115,08_11_2024,No,No,No,No,COMP_NO,No
12243,590066118520,08_11_2024,No,Yes,No,Yes,COMP_NO,No
12244,590066138403,08_11_2024,No,No,No,No,COMP_NO,No
12245,590066138495,08_11_2024,No,No,No,No,COMP_NO,No
12246,590248251279,11_11_2024,Yes,Yes,No,Yes,COMP_AC,Yes
12247,590248251832,11_11_2024,No,No,No,No,COMP_NO,No
12248,590248278493,11_11_2024,No,Yes,No,No,COMP_NO,No
12249,590248281605,11_11_2024,No,No,No,No,COMP_NO,No
12250,590248315339,11_11_2024,No,No,No,No,COMP_NO,No
12251,590248364818,11_11_2024,No,No,No,No,COMP_NO,No
12252,590248369505,11_11_2024,No,No,No,No,COMP_NO,No
12253,590248379071,11_11_2024,No,Yes,No,Yes,COMP_NO,No
12254,590248389131,11_11_2024,No,No,No,No,COMP_NO,No
12255,590248399387,11_11_2024,No,No,No,No,COMP_NO,No
12256,590248426608,11_11_2024,No,No,No,No,COMP_NO,No
12257,590248500348,11_11_2024,No,No,No,No,COMP_NO,No
12258,590248525625,11_11_2024,No,No,No,Yes,COMP_NO,No
12259,590248552715,11_11_2024,No,Yes,No,Yes,COMP_NO,No
12260,590248564847,11_11_2024,No,No,No,No,COMP_NO,No
12261,590248564882,11_11_2024,No,No,No,No,COMP_NO,No
12262,590248594887,11_11_2024,Yes,No,No,No,COMP_NO,Yes
12263,590248614705,11_11_2024,Yes,No,No,No,COMP_NO,Yes
12264,590248666471,11_11_2024,No,No,No,No,COMP_NO,No
12265,590248668292,11_11_2024,No,No,No,No,COMP_NO,No
12266,590248668472,11_11_2024,No,No,No,No,COMP_NO,No
12267,590248677105,11_11_2024,No,No,No,No,COMP_NO,No
12268,590248730131,11_11_2024,No,Yes,No,No,COMP_SM,Yes
12269,590248773549,11_11_2024,No,No,No,No,COMP_NO,No
12270,590248774141,11_11_2024,No,No,No,No,COMP_NO,No
12271,590248775906,11_11_2024,No,No,No,No,COMP_NO,No
12272,590248791531,11_11_2024,No,No,No,No,COMP_NO,No
12273,590248791950,11_11_2024,No,No,No,No,COMP_NO,No
12274,590248813958,11_11_2024,No,No,No,No,COMP_NO,No
12275,590248815970,11_11_2024,No,No,No,No,COMP_NO,No
12276,590248819877,11_11_2024,No,No,No,No,COMP_NO,No
12277,590248822034,11_11_2024,No,No,No,No,COMP_NO,No
12278,590248833341,11_11_2024,No,Yes,No,No,COMP_NO,No
12279,590248840395,11_11_2024,No,No,No,No,COMP_NO,No
12280,590248885851,11_11_2024,No,No,No,No,COMP_NO,No
12281,590248887114,11_11_2024,No,No,No,No,COMP_NO,No
12282,590248890391,11_11_2024,No,No,No,No,COMP_NO,No
12283,590248904496,11_11_2024,No,Yes,No,Yes,COMP_NO,No
12284,590248908331,11_11_2024,No,No,No,No,COMP_NO,No
12285,590248929209,11_11_2024,No,No,No,No,COMP_NO,No
12286,590248939819,11_11_2024,No,Yes,No,No,COMP_NO,No
12287,590248973233,11_11_2024,No,No,No,No,COMP_NO,No
12288,590248985584,11_11_2024,No,No,No,No,COMP_NO,No
12289,590249195410,12_11_2024,No,Yes,No,Yes,COMP_NO,No
12290,590249212282,12_11_2024,No,No,No,No,COMP_NO,No
12291,590249212990,12_11_2024,No,No,No,No,COMP_NO,No
12292,590249213408,12_11_2024,No,No,No,No,COMP_NO,No
12293,590249262118,12_11_2024,No,No,No,No,COMP_NO,No
12294,590249291336,12_11_2024,No,No,No,No,COMP_NO,No
12295,590249291405,12_11_2024,No,No,No,No,COMP_NO,No
12296,590249291976,12_11_2024,No,No,No,No,COMP_NO,No
12297,590249299192,12_11_2024,No,No,No,No,COMP_NO,No
12298,590249299659,12_11_2024,No,No,No,No,COMP_NO,No
12299,590249304676,12_11_2024,No,No,No,No,COMP_NO,No
12300,590249308301,12_11_2024,No,No,No,No,COMP_NO,No
12301,590249316161,12_11_2024,No,No,No,No,COMP_NO,No
12302,590249316643,12_11_2024,No,No,No,No,COMP_NO,No
12303,590249334876,12_11_2024,No,No,No,No,COMP_NO,No
12304,590249345009,12_11_2024,No,No,No,No,COMP_NO,No
12305,590249353228,12_11_2024,No,No,No,No,COMP_NO,No
12306,590249353399,12_11_2024,No,No,No,No,COMP_NO,No
12307,590249379022,12_11_2024,No,No,No,No,COMP_NO,No
12308,590249384422,12_11_2024,No,No,No,No,COMP_NO,No
12309,590249394135,12_11_2024,No,No,No,No,COMP_NO,No
12310,590249396535,12_11_2024,No,No,No,No,COMP_NO,No
12311,590249398766,12_11_2024,No,No,No,No,COMP_NO,No
12312,590249400407,12_11_2024,No,No,No,No,COMP_NO,No
12313,590249426393,12_11_2024,No,No,No,No,COMP_NO,No
12314,590249426869,12_11_2024,No,No,No,No,COMP_NO,No
12315,590249436045,12_11_2024,Yes,No,No,No,COMP_NO,Yes
12316,590249437448,12_11_2024,No,Yes,No,No,COMP_CH,Yes
12317,590249463037,12_11_2024,No,No,No,No,COMP_NO,No
12318,590249463151,12_11_2024,No,No,No,No,COMP_NO,No
12319,590249463480,12_11_2024,No,No,No,No,COMP_NO,No
12320,590249480467,12_11_2024,No,No,No,No,COMP_NO,No
12321,590249485284,12_11_2024,No,No,No,No,COMP_NO,No
12322,590249529977,12_11_2024,No,No,No,No,COMP_NO,No
12323,590249533263,12_11_2024,Yes,No,No,No,COMP_NO,Yes
12324,590437570190,12_11_2024,No,No,No,No,COMP_NO,No
12325,590437576313,12_11_2024,No,No,No,No,COMP_NO,No
12326,590437577535,12_11_2024,No,No,No,No,COMP_NO,No
12327,590437586096,12_11_2024,No,No,No,No,COMP_NO,No
12328,590437609204,12_11_2024,No,No,No,No,COMP_NO,No
12329,590437629018,12_11_2024,No,No,No,No,COMP_NO,No
12330,590437651828,12_11_2024,No,No,No,No,COMP_NO,No
12331,590437652774,12_11_2024,No,No,No,No,COMP_NO,No
12332,590437654971,12_11_2024,No,No,No,No,COMP_NO,No
12333,590437672282,12_11_2024,No,No,No,No,COMP_NO,No
12334,590437692282,12_11_2024,No,No,No,No,COMP_NO,No
12335,590437695232,12_11_2024,No,No,No,No,COMP_NO,No
12336,590437719553,12_11_2024,No,Yes,No,No,COMP_AC,Yes
12337,590437720295,12_11_2024,No,No,No,No,COMP_NO,No
12338,590437740101,12_11_2024,No,No,No,No,COMP_NO,No
12339,590437744073,12_11_2024,No,No,No,Yes,COMP_NO,No
12340,590437764166,12_11_2024,No,No,No,No,COMP_NO,No
12341,590437785152,12_11_2024,No,No,No,No,COMP_NO,No
12342,590437805603,12_11_2024,No,No,No,No,COMP_NO,No
12343,590437822237,12_11_2024,No,No,No,No,COMP_NO,No
12344,590437909753,12_11_2024,No,No,No,No,COMP_NO,No
12345,590558078847,15_11_2024,No,Yes,No,Yes,COMP_CH,Yes
12346,590558082691,15_11_2024,No,No,No,No,COMP_NO,No
12347,590913981170,20_11_2024,No,No,No,No,COMP_NO,No
12348,590914029394,20_11_2024,No,No,No,No,COMP_NO,No
12349,590914049154,20_11_2024,No,No,No,Yes,COMP_NO,No
12350,590914050037,20_11_2024,No,No,No,No,COMP_NO,No
12351,590914607663,21_11_2024,No,No,No,No,COMP_NO,No
12352,590914610903,21_11_2024,No,No,No,No,COMP_NO,No
12353,590914611966,21_11_2024,No,No,No,No,COMP_NO,No
12354,590914639458,21_11_2024,No,No,No,No,COMP_NO,No
12355,590914645376,21_11_2024,No,Yes,No,No,COMP_CH,Yes
12356,590914647151,21_11_2024,No,No,No,No,COMP_NO,No
12357,590914702699,21_11_2024,No,No,No,No,COMP_NO,No
12358,590914722968,21_11_2024,No,No,No,No,COMP_NO,No
12359,590914723543,21_11_2024,No,No,No,No,COMP_NO,No
12360,590914734170,21_11_2024,No,No,No,No,COMP_NO,No
12361,590914738760,21_11_2024,No,No,No,No,COMP_NO,No
12362,590914742089,21_11_2024,No,No,No,No,COMP_NO,No
12363,590914757676,21_11_2024,No,No,No,No,COMP_NO,No
12364,590914757678,21_11_2024,No,Yes,No,Yes,COMP_SA,Yes
12365,590914792516,21_11_2024,No,No,No,No,COMP_NO,No
12366,590914796718,21_11_2024,No,No,No,No,COMP_NO,No
12367,590914839283,21_11_2024,No,No,No,No,COMP_NO,No
12368,590915008437,21_11_2024,No,No,No,No,COMP_NO,No
12369,590915011173,21_11_2024,No,No,No,No,COMP_NO,No
12370,590915015796,21_11_2024,No,Yes,No,Yes,COMP_NO,No
12371,590915038049,21_11_2024,No,Yes,No,Yes,COMP_NO,No
12372,590915044825,21_11_2024,No,No,No,No,COMP_NO,No
12373,590915048606,21_11_2024,No,No,No,No,COMP_NO,No
12374,590915050949,21_11_2024,No,No,No,No,COMP_NO,No
12375,590915061057,21_11_2024,No,Yes,No,Yes,COMP_NO,No
12376,590915064914,21_11_2024,No,No,No,No,COMP_NO,No
12377,590915078634,21_11_2024,No,No,No,No,COMP_NO,No
12378,590915337232,22_11_2024,No,No,No,No,COMP_NO,No
12379,590915338812,22_11_2024,No,No,No,No,COMP_NO,No
12380,590915399104,22_11_2024,No,Yes,No,No,COMP_NO,No
12381,590915475227,22_11_2024,No,No,No,No,COMP_NO,No
12382,590915502697,22_11_2024,No,No,No,No,COMP_NO,No
12383,590915503153,22_11_2024,No,No,No,No,COMP_NO,No
12384,591085589268,22_11_2024,No,No,No,No,COMP_NO,No
12385,591085610817,22_11_2024,No,No,No,No,COMP_NO,No
12386,591085611470,22_11_2024,No,Yes,No,No,COMP_NO,No
12387,591085616132,22_11_2024,No,No,No,Yes,COMP_NO,No
12388,591085639409,22_11_2024,No,Yes,No,Yes,COMP_NO,No
12389,591085695660,22_11_2024,No,No,No,No,COMP_NO,No
12390,591085696110,22_11_2024,No,No,No,No,COMP_NO,No
12391,591085709113,22_11_2024,No,No,No,No,COMP_NO,No
12392,591085712419,22_11_2024,No,No,No,No,COMP_NO,No
12393,591085714421,22_11_2024,No,No,No,No,COMP_NO,No
12394,591085721953,22_11_2024,No,No,No,No,COMP_NO,No
12395,591085724109,22_11_2024,No,No,No,No,COMP_NO,No
12396,591085751461,22_11_2024,No,No,No,No,COMP_NO,No
12397,591085759866,22_11_2024,No,No,No,No,COMP_NO,No
12398,591085774431,22_11_2024,No,No,No,No,COMP_NO,No
12399,591085776777,22_11_2024,No,No,No,No,COMP_NO,No
12400,591085781629,22_11_2024,No,No,No,No,COMP_NO,No
12401,591085782092,22_11_2024,No,No,No,No,COMP_NO,No
12402,591085800383,22_11_2024,No,No,No,No,COMP_NO,No
12403,591085801713,22_11_2024,No,No,No,No,COMP_NO,No
12404,591085815146,22_11_2024,No,No,No,No,COMP_NO,No
12405,591085816936,22_11_2024,No,No,No,No,COMP_NO,No
12406,591085840749,22_11_2024,No,Yes,No,No,COMP_NO,No
12407,591085898651,22_11_2024,No,No,No,No,COMP_NO,No
12408,591085904562,22_11_2024,No,No,No,No,COMP_NO,No
12409,591085943188,22_11_2024,No,Yes,No,Yes,COMP_NO,No
12410,591085972375,22_11_2024,No,No,No,No,COMP_NO,No
12411,591085997065,22_11_2024,No,No,No,No,COMP_NO,No
12412,591087024443,25_11_2024,No,No,No,No,COMP_NO,No
12413,591087024463,25_11_2024,No,Yes,No,Yes,COMP_BE,Yes
12414,591087027527,25_11_2024,No,No,No,No,COMP_NO,No
12415,591087027980,25_11_2024,No,No,No,No,COMP_NO,No
12416,591087041137,25_11_2024,No,No,No,No,COMP_NO,No
12417,591087049820,25_11_2024,No,No,No,No,COMP_NO,No
12418,591087096854,25_11_2024,No,No,No,No,COMP_NO,No
12419,591087109004,25_11_2024,No,No,No,No,COMP_NO,No
12420,591087117130,25_11_2024,No,No,No,No,COMP_NO,No
12421,591087147958,25_11_2024,No,No,No,No,COMP_NO,No
12422,591087154608,25_11_2024,No,Yes,No,Yes,COMP_NO,No
12423,591087177139,25_11_2024,No,No,No,No,COMP_NO,No
12424,591087178933,25_11_2024,No,No,No,No,COMP_NO,No
12425,591087198044,25_11_2024,No,No,No,No,COMP_NO,No
12426,591087216001,25_11_2024,No,No,No,No,COMP_NO,No
12427,591087235923,25_11_2024,Yes,No,No,No,COMP_NO,Yes
12428,591087240384,25_11_2024,No,No,No,No,COMP_NO,No
12429,590065063470,07_11_2024,No,Yes,No,Yes,COMP_SM,Yes
12430,590066139393,08_11_2024,No,No,No,No,COMP_NO,No
